timestamp,combination,source_file,views.sum.view.throughput_fps,views.sum.view.avg_inference_time_ms,views.sum.view.inference_count,views.sum.view.avg_wait_to_preprocess_ms,views.sum.view.dropped_frames_due_to_full_queue,views.sum.view.exec_cpu,views.sum.view.exec_npu0,views.sum.view.exec_npu1,views.sum.view.static_infer_sel,views.sum.view.static_load_sel,views.sum.x.view_throughput__static_infer_sel,views.sum.x.view_wait__static_load_sel,views.mean.view.throughput_fps,views.mean.view.avg_inference_time_ms,views.mean.view.inference_count,views.mean.view.avg_wait_to_preprocess_ms,views.mean.view.dropped_frames_due_to_full_queue,views.mean.view.exec_cpu,views.mean.view.exec_npu0,views.mean.view.exec_npu1,views.mean.view.static_infer_sel,views.mean.view.static_load_sel,views.mean.x.view_throughput__static_infer_sel,views.mean.x.view_wait__static_load_sel,views.max.view.throughput_fps,views.max.view.avg_inference_time_ms,views.max.view.inference_count,views.max.view.avg_wait_to_preprocess_ms,views.max.view.dropped_frames_due_to_full_queue,views.max.view.exec_cpu,views.max.view.exec_npu0,views.max.view.exec_npu1,views.max.view.static_infer_sel,views.max.view.static_load_sel,views.max.x.view_throughput__static_infer_sel,views.max.x.view_wait__static_load_sel,views.count.views,y1_total_throughput_fps,y2_drop_rate_fps
2025-09-13 11:15:57,combination_1,xgboost_model/performance_data/performance/performance_20250913_111528.json,14.940000000000001,306.40999999999997,189.0,2111.8,542.0,2.0,0.0,0.0,227.20000000000002,0.0,1158.2679999999998,0.0,7.470000000000001,153.20499999999998,94.5,1055.9,271.0,1.0,0.0,0.0,113.60000000000001,0.0,579.1339999999999,0.0,10.13,207.72,129.0,2111.8,542.0,1.0,0.0,0.0,214.9,0.0,1033.6689999999999,0.0,2.0,14.95,18.0667
2025-09-13 11:16:28,combination_2,xgboost_model/performance_data/performance/performance_20250913_111528.json,34.04,120.48,221.0,880.56,187.0,1.0,1.0,0.0,73.1,101.4,1114.182,89288.784,17.02,60.24,110.5,440.28,93.5,0.5,0.5,0.0,36.55,50.7,557.091,44644.392,19.7,69.73,161.0,880.56,187.0,1.0,1.0,0.0,60.8,101.4,871.872,89288.784,2.0,34.04,6.2333
2025-09-13 11:16:59,combination_3,xgboost_model/performance_data/performance/performance_20250913_111528.json,36.34,120.17,208.0,958.05,241.0,1.0,0.0,1.0,84.3,427.4,1217.112,409470.56999999995,18.17,60.085,104.0,479.025,120.5,0.5,0.0,0.5,42.15,213.7,608.556,204735.28499999997,23.44,77.51,148.0,958.05,241.0,1.0,0.0,1.0,72.0,427.4,928.8000000000001,409470.56999999995,2.0,36.34,8.0333
2025-09-13 11:17:30,combination_4,xgboost_model/performance_data/performance/performance_20250913_111528.json,26.92,251.45999999999998,194.0,2095.75,551.0,1.0,1.0,0.0,253.60000000000002,15.0,1896.3739999999998,0.0,13.46,125.72999999999999,97.0,1047.875,275.5,0.5,0.5,0.0,126.80000000000001,7.5,948.1869999999999,0.0,22.07,206.14,134.0,2095.75,551.0,1.0,1.0,0.0,214.9,15.0,1042.2649999999999,0.0,2.0,26.92,18.3667
2025-09-13 11:18:01,combination_5,xgboost_model/performance_data/performance/performance_20250913_111528.json,36.51,118.98,210.0,946.57,239.0,0.0,1.0,1.0,110.7,442.4,1849.833,404564.018,18.255,59.49,105.0,473.285,119.5,0.0,0.5,0.5,55.35,221.2,924.9165,202282.009,23.39,76.23,150.0,946.57,239.0,0.0,1.0,1.0,72.0,427.4,944.64,404564.018,2.0,36.51,7.9667
2025-09-13 11:18:32,combination_6,xgboost_model/performance_data/performance/performance_20250913_111528.json,26.18,258.33,190.0,2145.59,557.0,1.0,0.0,1.0,268.5,76.2,2164.584,0.0,13.09,129.165,95.0,1072.795,278.5,0.5,0.0,0.5,134.25,38.1,1082.292,0.0,21.46,211.73,130.0,2145.59,557.0,1.0,0.0,1.0,214.9,76.2,1150.256,0.0,2.0,26.18,18.5667
2025-09-13 11:19:03,combination_7,xgboost_model/performance_data/performance/performance_20250913_111528.json,37.18,113.56,223.0,869.85,179.0,0.0,1.0,1.0,114.4,177.60000000000002,2095.952,88202.79000000001,18.59,56.78,111.5,434.925,89.5,0.0,0.5,0.5,57.2,88.80000000000001,1047.976,44101.395000000004,22.86,69.82,163.0,869.85,179.0,0.0,1.0,1.0,60.8,101.4,1225.296,88202.79000000001,2.0,37.19,5.9667
2025-09-13 11:19:38,combination_1,xgboost_model/performance_data/performance/performance_20250913_111908.json,11.54,464.36,203.0,3433.78,689.0,2.0,0.0,0.0,227.20000000000002,0.0,721.378,0.0,5.77,232.18,101.5,1716.89,344.5,1.0,0.0,0.0,113.60000000000001,0.0,360.689,0.0,8.68,349.11,121.0,3433.78,689.0,1.0,0.0,0.0,214.9,0.0,614.614,0.0,2.0,11.54,22.9667
2025-09-13 11:20:09,combination_2,xgboost_model/performance_data/performance/performance_20250913_111908.json,36.51,115.96000000000001,276.0,906.28,360.0,1.0,1.0,0.0,73.1,101.4,1126.618,91896.792,18.255,57.980000000000004,138.0,453.14,180.0,0.5,0.5,0.0,36.55,50.7,563.309,45948.396,22.54,71.59,157.0,906.28,360.0,1.0,1.0,0.0,60.8,101.4,849.376,91896.792,2.0,36.51,12.0
2025-09-13 11:20:40,combination_3,xgboost_model/performance_data/performance/performance_20250913_111908.json,34.76,124.67,261.0,999.2,399.0,1.0,0.0,1.0,84.3,427.4,1177.38,427058.08,17.38,62.335,130.5,499.6,199.5,0.5,0.0,0.5,42.15,213.7,588.69,213529.04,22.2,79.62,142.0,999.2,399.0,1.0,0.0,1.0,72.0,427.4,904.32,427058.08,2.0,34.76,13.3
2025-09-13 11:21:11,combination_4,xgboost_model/performance_data/performance/performance_20250913_111908.json,26.740000000000002,258.53,248.0,2167.34,603.0,1.0,1.0,0.0,253.60000000000002,15.0,1861.2160000000001,0.0,13.370000000000001,129.265,124.0,1083.67,301.5,0.5,0.5,0.0,126.80000000000001,7.5,930.6080000000001,0.0,22.05,213.17,129.0,2167.34,603.0,1.0,1.0,0.0,214.9,15.0,1007.8810000000001,0.0,2.0,26.74,20.1
2025-09-13 11:21:42,combination_5,xgboost_model/performance_data/performance/performance_20250913_111908.json,36.45,119.42,268.0,953.15,372.0,0.0,1.0,1.0,110.7,442.4,1844.847,407376.31,18.225,59.71,134.0,476.575,186.0,0.0,0.5,0.5,55.35,221.2,922.4235,203688.155,23.41,76.7,149.0,953.15,372.0,0.0,1.0,1.0,72.0,427.4,938.8799999999999,407376.31,2.0,36.45,12.4
2025-09-13 11:22:13,combination_6,xgboost_model/performance_data/performance/performance_20250913_111908.json,26.38,268.73,243.0,2257.98,596.0,1.0,0.0,1.0,268.5,76.2,2136.592,0.0,13.19,134.365,121.5,1128.99,298.0,0.5,0.0,0.5,134.25,38.1,1068.296,0.0,21.9,223.06,124.0,2257.98,596.0,1.0,0.0,1.0,214.9,76.2,1173.84,0.0,2.0,26.38,19.8667
2025-09-13 11:22:44,combination_7,xgboost_model/performance_data/performance/performance_20250913_111908.json,37.14,113.72,281.0,877.98,337.0,0.0,1.0,1.0,114.4,177.60000000000002,2093.6639999999998,89027.172,18.57,56.86,140.5,438.99,168.5,0.0,0.5,0.5,57.2,88.80000000000001,1046.8319999999999,44513.586,22.84,69.94,162.0,877.98,337.0,0.0,1.0,1.0,60.8,101.4,1224.224,89027.172,2.0,37.14,11.2333
2025-09-13 11:23:19,combination_1,xgboost_model/performance_data/performance/performance_20250913_112249.json,11.2,609.7,236.0,4820.26,762.0,2.0,0.0,0.0,227.20000000000002,0.0,542.96,0.0,5.6,304.85,118.0,2410.13,381.0,1.0,0.0,0.0,113.60000000000001,0.0,271.48,0.0,9.2,501.04,179.0,4820.26,762.0,1.0,0.0,0.0,214.9,0.0,429.8,0.0,2.0,11.2,25.4
2025-09-13 11:23:50,combination_2,xgboost_model/performance_data/performance/performance_20250913_112249.json,33.339999999999996,124.91,326.0,957.77,499.0,1.0,1.0,0.0,73.1,101.4,1057.557,97117.878,16.669999999999998,62.455,163.0,478.885,249.5,0.5,0.5,0.0,36.55,50.7,528.7785,48558.939,19.99,74.89,177.0,957.77,499.0,1.0,1.0,0.0,60.8,101.4,811.68,97117.878,2.0,33.35,16.6333
2025-09-13 11:24:21,combination_3,xgboost_model/performance_data/performance/performance_20250913_112249.json,31.189999999999998,135.67000000000002,312.0,1057.29,530.0,1.0,0.0,1.0,84.3,427.4,1097.052,451885.746,15.594999999999999,67.83500000000001,156.0,528.645,265.0,0.5,0.0,0.5,42.15,213.7,548.526,225942.873,19.24,83.68,177.0,1057.29,530.0,1.0,0.0,1.0,72.0,427.4,860.4,451885.746,2.0,31.19,17.6667
2025-09-13 11:24:52,combination_4,xgboost_model/performance_data/performance/performance_20250913_112249.json,26.48,271.32,298.0,2287.84,692.0,1.0,1.0,0.0,253.60000000000002,15.0,1805.342,0.0,13.24,135.66,149.0,1143.92,346.0,0.5,0.5,0.0,126.80000000000001,7.5,902.671,0.0,22.05,225.98,176.0,2287.84,692.0,1.0,1.0,0.0,214.9,15.0,952.007,0.0,2.0,26.48,23.0667
2025-09-13 11:25:23,combination_5,xgboost_model/performance_data/performance/performance_20250913_112249.json,36.35,119.64000000000001,325.0,957.61,544.0,0.0,1.0,1.0,110.7,442.4,1840.644,409282.51399999997,18.175,59.82000000000001,162.5,478.805,272.0,0.0,0.5,0.5,55.35,221.2,920.322,204641.25699999998,23.32,76.76,176.0,957.61,544.0,0.0,1.0,1.0,72.0,427.4,938.16,409282.51399999997,2.0,36.35,18.1333
2025-09-13 11:25:54,combination_6,xgboost_model/performance_data/performance/performance_20250913_112249.json,25.909999999999997,277.3,296.0,2336.54,689.0,1.0,0.0,1.0,268.5,76.2,2087.205,0.0,12.954999999999998,138.65,148.0,1168.27,344.5,0.5,0.0,0.5,134.25,38.1,1043.6025,0.0,21.58,230.97,176.0,2336.54,689.0,1.0,0.0,1.0,214.9,76.2,1156.6879999999999,0.0,2.0,25.91,22.9667
2025-09-13 11:26:25,combination_7,xgboost_model/performance_data/performance/performance_20250913_112249.json,37.14,114.03,337.0,883.92,515.0,0.0,1.0,1.0,114.4,177.60000000000002,2092.872,89629.488,18.57,57.015,168.5,441.96,257.5,0.0,0.5,0.5,57.2,88.80000000000001,1046.436,44814.744,22.95,70.45,176.0,883.92,515.0,0.0,1.0,1.0,60.8,101.4,1230.12,89629.488,2.0,37.14,17.1667
2025-09-13 11:27:00,combination_1,xgboost_model/performance_data/performance/performance_20250913_112630.json,11.88,705.8299999999999,285.0,5693.77,778.0,2.0,0.0,0.0,227.20000000000002,0.0,478.388,0.0,5.94,352.91499999999996,142.5,2846.885,389.0,1.0,0.0,0.0,113.60000000000001,0.0,239.194,0.0,10.24,608.14,238.0,5693.77,778.0,1.0,0.0,0.0,214.9,0.0,352.436,0.0,2.0,11.88,25.9333
2025-09-13 11:27:31,combination_2,xgboost_model/performance_data/performance/performance_20250913_112630.json,28.08,143.51,374.0,1014.55,527.0,1.0,1.0,0.0,73.1,101.4,968.6089999999999,102875.37,14.04,71.755,187.0,507.275,263.5,0.5,0.5,0.0,36.55,50.7,484.30449999999996,51437.685,15.23,77.84,234.0,1014.55,527.0,1.0,1.0,0.0,60.8,101.4,781.28,102875.37,2.0,28.07,17.5667
2025-09-13 11:28:02,combination_3,xgboost_model/performance_data/performance/performance_20250913_112630.json,28.96,143.8,360.0,1118.93,553.0,1.0,0.0,1.0,84.3,427.4,1048.7279999999998,478230.68200000003,14.48,71.9,180.0,559.465,276.5,0.5,0.0,0.5,42.15,213.7,524.3639999999999,239115.34100000001,17.36,86.19,233.0,1118.93,553.0,1.0,0.0,1.0,72.0,427.4,835.1999999999999,478230.68200000003,2.0,28.96,18.4333
2025-09-13 11:28:33,combination_4,xgboost_model/performance_data/performance/performance_20250913_112630.json,26.36,277.76,353.0,2354.08,699.0,1.0,1.0,0.0,253.60000000000002,15.0,1777.792,0.0,13.18,138.88,176.5,1177.04,349.5,0.5,0.5,0.0,126.80000000000001,7.5,888.896,0.0,22.06,232.43,234.0,2354.08,699.0,1.0,1.0,0.0,214.9,15.0,924.0699999999999,0.0,2.0,26.36,23.3
2025-09-13 11:29:04,combination_5,xgboost_model/performance_data/performance/performance_20250913_112630.json,36.34,119.78999999999999,382.0,963.84,550.0,0.0,1.0,1.0,110.7,442.4,1838.9250000000002,411945.216,18.17,59.894999999999996,191.0,481.92,275.0,0.0,0.5,0.5,55.35,221.2,919.4625000000001,205972.608,23.35,76.96,234.0,963.84,550.0,0.0,1.0,1.0,72.0,427.4,935.28,411945.216,2.0,36.34,18.3333
2025-09-13 11:29:35,combination_6,xgboost_model/performance_data/performance/performance_20250913_112630.json,25.89,287.26,348.0,2436.71,699.0,1.0,0.0,1.0,268.5,76.2,2055.486,0.0,12.945,143.63,174.0,1218.355,349.5,0.5,0.0,0.5,134.25,38.1,1027.743,0.0,21.75,241.28,233.0,2436.71,699.0,1.0,0.0,1.0,214.9,76.2,1165.8,0.0,2.0,25.89,23.3
2025-09-13 11:30:06,combination_7,xgboost_model/performance_data/performance/performance_20250913_112630.json,37.28,113.32,394.0,881.3,521.0,0.0,1.0,1.0,114.4,177.60000000000002,2101.528,89363.82,18.64,56.66,197.0,440.65,260.5,0.0,0.5,0.5,57.2,88.80000000000001,1050.764,44681.91,22.93,69.71,233.0,881.3,521.0,0.0,1.0,1.0,60.8,101.4,1229.048,89363.82,2.0,37.28,17.3667
2025-09-13 11:30:41,combination_1,xgboost_model/performance_data/performance/performance_20250913_113011.json,12.43,707.81,340.0,5716.95,778.0,2.0,0.0,0.0,227.20000000000002,0.0,483.12699999999995,0.0,6.215,353.905,170.0,2858.475,389.0,1.0,0.0,0.0,113.60000000000001,0.0,241.56349999999998,0.0,10.8,615.18,294.0,5716.95,778.0,1.0,0.0,0.0,214.9,0.0,350.287,0.0,2.0,12.42,25.9333
2025-09-13 11:31:12,combination_2,xgboost_model/performance_data/performance/performance_20250913_113011.json,26.75,150.49,422.0,1080.13,542.0,1.0,1.0,0.0,73.1,101.4,926.06,109525.18200000002,13.375,75.245,211.0,540.065,271.0,0.5,0.5,0.0,36.55,50.7,463.03,54762.59100000001,14.44,81.23,290.0,1080.13,542.0,1.0,1.0,0.0,60.8,101.4,748.448,109525.18200000002,2.0,26.75,18.0667
2025-09-13 11:31:43,combination_3,xgboost_model/performance_data/performance/performance_20250913_113011.json,25.23,160.44,409.0,1197.27,568.0,1.0,0.0,1.0,84.3,427.4,981.954,511713.198,12.615,80.22,204.5,598.635,284.0,0.5,0.0,0.5,42.15,213.7,490.977,255856.599,13.98,88.9,290.0,1197.27,568.0,1.0,0.0,1.0,72.0,427.4,810.0,511713.198,2.0,25.23,18.9333
2025-09-13 11:32:14,combination_4,xgboost_model/performance_data/performance/performance_20250913_113011.json,25.84,289.09000000000003,401.0,2456.63,699.0,1.0,1.0,0.0,253.60000000000002,15.0,1724.19,0.0,12.92,144.54500000000002,200.5,1228.315,349.5,0.5,0.5,0.0,126.80000000000001,7.5,862.095,0.0,21.73,243.08,287.0,2456.63,699.0,1.0,1.0,0.0,214.9,15.0,883.2390000000001,0.0,2.0,25.85,23.3
2025-09-13 11:32:45,combination_5,xgboost_model/performance_data/performance/performance_20250913_113011.json,36.28,120.14,437.0,969.48,552.0,0.0,1.0,1.0,110.7,442.4,1834.938,414355.752,18.14,60.07,218.5,484.74,276.0,0.0,0.5,0.5,55.35,221.2,917.469,207177.876,23.34,77.3,290.0,969.48,552.0,0.0,1.0,1.0,72.0,427.4,931.68,414355.752,2.0,36.28,18.4
2025-09-13 11:33:16,combination_6,xgboost_model/performance_data/performance/performance_20250913_113011.json,25.65,294.7,397.0,2507.55,706.0,1.0,0.0,1.0,268.5,76.2,2023.2659999999998,0.0,12.825,147.35,198.5,1253.775,353.0,0.5,0.0,0.5,134.25,38.1,1011.6329999999999,0.0,21.63,248.47,286.0,2507.55,706.0,1.0,0.0,1.0,214.9,76.2,1159.368,0.0,2.0,25.65,23.5333
2025-09-13 11:33:47,combination_7,xgboost_model/performance_data/performance/performance_20250913_113011.json,36.91,114.85,448.0,897.2,522.0,0.0,1.0,1.0,114.4,177.60000000000002,2079.752,90976.08000000002,18.455,57.425,224.0,448.6,261.0,0.0,0.5,0.5,57.2,88.80000000000001,1039.876,45488.04000000001,22.83,71.05,289.0,897.2,522.0,0.0,1.0,1.0,60.8,101.4,1223.6879999999999,90976.08000000002,2.0,36.91,17.4
2025-09-13 11:34:23,combination_1,xgboost_model/performance_data/performance/performance_20250913_113352.json,6.8999999999999995,2509.3999999999996,198.0,19558.67,1495.0,3.0,0.0,0.0,423.6,0.0,419.64300000000003,0.0,2.3,836.4666666666666,66.0,6519.556666666666,498.3333333333333,1.0,0.0,0.0,141.20000000000002,0.0,139.881,0.0,5.17,1181.09,149.0,9833.71,761.0,1.0,0.0,0.0,214.9,0.0,189.112,0.0,3.0,6.9,49.8333
2025-09-13 11:34:53,combination_10,xgboost_model/performance_data/performance/performance_20250913_113352.json,34.43,535.06,465.0,5117.8099999999995,1247.0,1.0,1.0,1.0,307.1,442.4,2082.228,564112.438,11.476666666666667,178.35333333333332,155.0,1705.9366666666665,415.6666666666667,0.3333333333333333,0.3333333333333333,0.3333333333333333,102.36666666666667,147.46666666666667,694.076,188037.47933333332,21.44,392.59,286.0,3797.94,656.0,1.0,1.0,1.0,196.4,427.4,829.7280000000001,564112.438,3.0,34.42,41.5667
2025-09-13 11:35:24,combination_11,xgboost_model/performance_data/performance/performance_20250913_113352.json,23.77,1197.4499999999998,380.0,10781.720000000001,1435.0,2.0,0.0,1.0,464.9,76.2,1803.576,0.0,7.923333333333333,399.1499999999999,126.66666666666667,3593.906666666667,478.3333333333333,0.6666666666666666,0.0,0.3333333333333333,154.96666666666667,25.400000000000002,601.192,0.0,20.29,581.39,283.0,5427.84,744.0,1.0,0.0,1.0,214.9,76.2,1087.544,0.0,3.0,23.77,47.8333
2025-09-13 11:35:55,combination_12,xgboost_model/performance_data/performance/performance_20250913_113352.json,32.68,529.34,457.0,5063.09,1142.0,1.0,1.0,1.0,356.4,181.4,2490.9539999999997,154436.756,10.893333333333333,176.4466666666667,152.33333333333334,1687.6966666666667,380.6666666666667,0.3333333333333333,0.3333333333333333,0.3333333333333333,118.8,60.46666666666667,830.3179999999999,51478.918666666665,21.16,368.55,285.0,3595.06,730.0,1.0,1.0,1.0,214.9,105.2,1134.176,154436.756,3.0,32.68,38.0667
2025-09-13 11:36:26,combination_13,xgboost_model/performance_data/performance/performance_20250913_113352.json,34.24,556.95,469.0,5251.5,1224.0,1.0,1.0,1.0,310.8,177.60000000000002,2256.6200000000003,123668.454,11.413333333333334,185.65,156.33333333333334,1750.5,408.0,0.3333333333333333,0.3333333333333333,0.3333333333333333,103.60000000000001,59.20000000000001,752.2066666666668,41222.818,20.73,418.76,285.0,4031.89,657.0,1.0,1.0,1.0,196.4,101.4,1111.1280000000002,123668.454,3.0,34.24,40.8
2025-09-13 11:36:57,combination_2,xgboost_model/performance_data/performance/performance_20250913_113352.json,15.72,1177.9,302.0,9318.38,1182.0,2.0,1.0,0.0,315.1,105.2,1028.334,169684.44400000002,5.24,392.6333333333334,100.66666666666667,3106.1266666666666,394.0,0.6666666666666666,0.3333333333333333,0.0,105.03333333333335,35.06666666666667,342.778,56561.48133333334,8.07,901.09,184.0,7705.41,754.0,1.0,1.0,0.0,214.9,105.2,709.3530000000001,169684.44400000002,3.0,15.72,39.4
2025-09-13 11:37:28,combination_3,xgboost_model/performance_data/performance/performance_20250913_113352.json,15.780000000000001,1177.9599999999998,304.0,9844.6,1239.0,2.0,0.0,1.0,324.1,464.7,1070.4,858235.842,5.260000000000001,392.65333333333325,101.33333333333333,3281.5333333333333,413.0,0.6666666666666666,0.0,0.3333333333333333,108.03333333333335,154.9,356.8,286078.614,7.7,904.68,197.0,7997.74,758.0,1.0,0.0,1.0,214.9,464.7,746.1300000000001,858235.842,3.0,15.78,41.3
2025-09-13 11:37:59,combination_4,xgboost_model/performance_data/performance/performance_20250913_113352.json,17.3,1228.21,307.0,9709.949999999999,1291.0,2.0,1.0,0.0,269.5,101.4,881.108,149122.896,5.766666666666667,409.40333333333336,102.33333333333333,3236.6499999999996,430.3333333333333,0.6666666666666666,0.3333333333333333,0.0,89.83333333333333,33.800000000000004,293.70266666666663,49707.632000000005,9.87,970.67,181.0,8239.31,710.0,1.0,1.0,0.0,196.4,101.4,600.0959999999999,149122.896,3.0,17.3,43.0333
2025-09-13 11:38:30,combination_5,xgboost_model/performance_data/performance/performance_20250913_113352.json,25.07,368.05,388.0,3318.17,1011.0,1.0,1.0,1.0,170.0,566.1,1415.7,1056900.87,8.356666666666667,122.68333333333334,129.33333333333334,1106.0566666666666,337.0,0.3333333333333333,0.3333333333333333,0.3333333333333333,56.666666666666664,188.70000000000002,471.90000000000003,352300.29000000004,10.29,139.07,211.0,1983.04,535.0,1.0,1.0,1.0,96.9,464.7,696.7110000000001,921518.688,3.0,25.07,33.7
2025-09-13 11:39:01,combination_6,xgboost_model/performance_data/performance/performance_20250913_113352.json,15.9,1321.3999999999999,271.0,10558.289999999999,1135.0,2.0,0.0,1.0,280.7,427.4,930.551,713219.4759999999,5.3,440.46666666666664,90.33333333333333,3519.43,378.3333333333333,0.6666666666666666,0.0,0.3333333333333333,93.56666666666666,142.46666666666667,310.1836666666667,237739.8253333333,9.32,1035.87,159.0,8889.55,627.0,1.0,0.0,1.0,196.4,427.4,671.04,713219.4759999999,3.0,15.9,37.8333
2025-09-13 11:39:32,combination_7,xgboost_model/performance_data/performance/performance_20250913_113352.json,24.549999999999997,367.52,385.0,3452.31,856.0,1.0,1.0,1.0,172.2,532.6,1406.778,924494.0759999999,8.183333333333332,122.50666666666666,128.33333333333334,1150.77,285.3333333333333,0.3333333333333333,0.3333333333333333,0.3333333333333333,57.4,177.53333333333333,468.926,308164.692,8.73,129.47,222.0,1742.12,487.0,1.0,1.0,1.0,87.9,427.4,678.588,744582.0879999999,3.0,24.55,28.5333
2025-09-13 11:40:03,combination_8,xgboost_model/performance_data/performance/performance_20250913_113352.json,20.830000000000002,1335.9499999999998,365.0,11904.04,1190.0,2.0,1.0,0.0,450.0,15.0,1328.9520000000002,0.0,6.943333333333334,445.3166666666666,121.66666666666667,3968.013333333334,396.6666666666667,0.6666666666666666,0.3333333333333333,0.0,150.0,5.0,442.9840000000001,0.0,17.7,647.17,278.0,5996.59,610.0,1.0,1.0,0.0,214.9,15.0,684.99,0.0,3.0,20.83,39.6667
2025-09-13 11:40:34,combination_9,xgboost_model/performance_data/performance/performance_20250913_113352.json,28.16,605.8,431.0,5739.91,1140.0,1.0,1.0,1.0,350.5,479.7,1957.8700000000003,778985.904,9.386666666666667,201.9333333333333,143.66666666666666,1913.3033333333333,380.0,0.3333333333333333,0.3333333333333333,0.3333333333333333,116.83333333333333,159.9,652.6233333333334,259661.968,18.07,420.82,281.0,4063.59,704.0,1.0,1.0,1.0,214.9,464.7,747.099,778985.904,3.0,28.16,38.0
2025-09-13 11:41:09,combination_1,xgboost_model/performance_data/performance/performance_20250913_114039.json,8.54,2212.29,244.0,17730.059999999998,1535.0,3.0,0.0,0.0,423.6,0.0,480.511,0.0,2.8466666666666662,737.43,81.33333333333333,5910.0199999999995,511.6666666666667,1.0,0.0,0.0,141.20000000000002,0.0,160.17033333333333,0.0,6.6,1049.04,189.0,9156.89,774.0,1.0,0.0,0.0,214.9,0.0,212.751,0.0,3.0,8.54,51.1667
2025-09-13 11:41:40,combination_10,xgboost_model/performance_data/performance/performance_20250913_114039.json,32.26,523.99,477.0,4922.16,1284.0,1.0,1.0,1.0,307.1,442.4,2029.092,522599.076,10.753333333333332,174.66333333333333,159.0,1640.72,428.0,0.3333333333333333,0.3333333333333333,0.3333333333333333,102.36666666666667,147.46666666666667,676.364,174199.692,18.68,379.09,286.0,3699.42,703.0,1.0,1.0,1.0,196.4,427.4,787.68,522599.076,3.0,32.26,42.8
2025-09-13 11:42:11,combination_11,xgboost_model/performance_data/performance/performance_20250913_114039.json,23.68,1209.9699999999998,381.0,10796.43,1470.0,2.0,0.0,1.0,464.9,76.2,1793.913,0.0,7.8933333333333335,403.32333333333327,127.0,3598.81,490.0,0.6666666666666666,0.0,0.3333333333333333,154.96666666666667,25.400000000000002,597.971,0.0,20.23,581.01,285.0,5412.16,745.0,1.0,0.0,1.0,214.9,76.2,1084.328,0.0,3.0,23.68,49.0
2025-09-13 11:42:42,combination_12,xgboost_model/performance_data/performance/performance_20250913_114039.json,32.33,543.85,455.0,5194.13,1225.0,1.0,1.0,1.0,356.4,181.4,2456.991,153675.108,10.776666666666666,181.28333333333333,151.66666666666666,1731.3766666666668,408.3333333333333,0.3333333333333333,0.3333333333333333,0.3333333333333333,118.8,60.46666666666667,818.997,51225.036,20.92,382.24,285.0,3733.34,721.0,1.0,1.0,1.0,214.9,105.2,1121.3120000000001,153675.108,3.0,32.32,40.8333
2025-09-13 11:43:13,combination_13,xgboost_model/performance_data/performance/performance_20250913_114039.json,34.38,556.9,470.0,5272.64,1214.0,1.0,1.0,1.0,310.8,177.60000000000002,2264.568,122764.98000000001,11.46,185.63333333333333,156.66666666666666,1757.5466666666669,404.6666666666667,0.3333333333333333,0.3333333333333333,0.3333333333333333,103.60000000000001,59.20000000000001,754.8560000000001,40921.66,20.62,420.51,285.0,4061.94,691.0,1.0,1.0,1.0,196.4,101.4,1105.232,122764.98000000001,3.0,34.38,40.4667
2025-09-13 11:43:44,combination_2,xgboost_model/performance_data/performance/performance_20250913_114039.json,16.39,1167.72,316.0,9702.52,1282.0,2.0,1.0,0.0,315.1,105.2,1042.623,179168.224,5.463333333333334,389.24,105.33333333333333,3234.1733333333336,427.3333333333333,0.6666666666666666,0.3333333333333333,0.0,105.03333333333335,35.06666666666667,347.541,59722.74133333333,8.15,904.81,202.0,7999.4,751.0,1.0,1.0,0.0,214.9,105.2,716.3850000000001,179168.224,3.0,16.39,42.7333
2025-09-13 11:44:15,combination_3,xgboost_model/performance_data/performance/performance_20250913_114039.json,15.07,1216.52,283.0,10031.03,1296.0,2.0,0.0,1.0,324.1,464.7,1055.5890000000002,873603.471,5.023333333333333,405.50666666666666,94.33333333333333,3343.6766666666667,432.0,0.6666666666666666,0.0,0.3333333333333333,108.03333333333335,154.9,351.86300000000006,291201.157,7.7,927.74,178.0,8151.1,751.0,1.0,0.0,1.0,214.9,464.7,746.1300000000001,873603.471,3.0,15.07,43.2
2025-09-13 11:44:46,combination_4,xgboost_model/performance_data/performance/performance_20250913_114039.json,17.619999999999997,1215.22,302.0,9685.630000000001,1342.0,2.0,1.0,0.0,269.5,101.4,907.2549999999999,151820.136,5.873333333333332,405.0733333333333,100.66666666666667,3228.5433333333335,447.3333333333333,0.6666666666666666,0.3333333333333333,0.0,89.83333333333333,33.800000000000004,302.4183333333333,50606.712,10.29,959.11,178.0,8188.39,745.0,1.0,1.0,0.0,196.4,101.4,625.632,151820.136,3.0,17.63,44.7333
2025-09-13 11:45:17,combination_5,xgboost_model/performance_data/performance/performance_20250913_114039.json,25.01,369.39,390.0,3358.1800000000003,1119.0,1.0,1.0,1.0,170.0,566.1,1396.226,1068474.561,8.336666666666668,123.13,130.0,1119.3933333333334,373.0,0.3333333333333333,0.3333333333333333,0.3333333333333333,56.666666666666664,188.70000000000002,465.4086666666667,356158.187,10.27,143.19,215.0,2003.73,561.0,1.0,1.0,1.0,96.9,464.7,676.3620000000001,931133.331,3.0,25.01,37.3
2025-09-13 11:45:48,combination_6,xgboost_model/performance_data/performance/performance_20250913_114039.json,16.720000000000002,1302.72,299.0,10304.449999999999,1137.0,2.0,0.0,1.0,280.7,427.4,942.378,666419.176,5.573333333333334,434.24,99.66666666666667,3434.816666666666,379.0,0.6666666666666666,0.0,0.3333333333333333,93.56666666666666,142.46666666666667,314.12600000000003,222139.72533333334,9.38,1039.44,181.0,8745.21,641.0,1.0,0.0,1.0,196.4,427.4,675.36,666419.176,3.0,16.72,37.9
2025-09-13 11:46:19,combination_7,xgboost_model/performance_data/performance/performance_20250913_114039.json,24.24,372.94,383.0,3248.76,878.0,1.0,1.0,1.0,172.2,532.6,1426.521,870354.762,8.08,124.31333333333333,127.66666666666667,1082.92,292.6666666666667,0.3333333333333333,0.3333333333333333,0.3333333333333333,57.4,177.53333333333333,475.507,290118.254,8.77,133.86,209.0,1640.55,472.0,1.0,1.0,1.0,87.9,427.4,703.2,701171.07,3.0,24.24,29.2667
2025-09-13 11:46:50,combination_8,xgboost_model/performance_data/performance/performance_20250913_114039.json,20.669999999999998,1349.47,364.0,11990.2,1156.0,2.0,1.0,0.0,450.0,15.0,1315.712,0.0,6.89,449.8233333333333,121.33333333333333,3996.7333333333336,385.3333333333333,0.6666666666666666,0.3333333333333333,0.0,150.0,5.0,438.5706666666667,0.0,17.58,648.14,278.0,6055.18,586.0,1.0,1.0,0.0,214.9,15.0,680.346,0.0,3.0,20.67,38.5333
2025-09-13 11:47:21,combination_9,xgboost_model/performance_data/performance/performance_20250913_114039.json,28.119999999999997,602.15,431.0,5718.67,1167.0,1.0,1.0,1.0,350.5,479.7,1956.354,781537.107,9.373333333333333,200.71666666666667,143.66666666666666,1906.2233333333334,389.0,0.3333333333333333,0.3333333333333333,0.3333333333333333,116.83333333333333,159.9,652.118,260512.36899999998,18.07,416.06,280.0,4036.86,670.0,1.0,1.0,1.0,214.9,464.7,741.2850000000001,781537.107,3.0,28.12,38.9
2025-09-13 11:47:56,combination_1,xgboost_model/performance_data/performance/performance_20250913_114726.json,8.53,2135.31,244.0,17498.78,1548.0,3.0,0.0,0.0,423.6,0.0,495.30100000000004,0.0,2.8433333333333333,711.77,81.33333333333333,5832.926666666666,516.0,1.0,0.0,0.0,141.20000000000002,0.0,165.10033333333334,0.0,6.51,1003.41,187.0,8990.58,776.0,1.0,0.0,0.0,214.9,0.0,214.9,0.0,3.0,8.53,51.6
2025-09-13 11:48:27,combination_10,xgboost_model/performance_data/performance/performance_20250913_114726.json,32.04,537.49,471.0,5040.530000000001,1302.0,1.0,1.0,1.0,307.1,442.4,1998.971,538310.2999999999,10.68,179.16333333333333,157.0,1680.176666666667,434.0,0.3333333333333333,0.3333333333333333,0.3333333333333333,102.36666666666667,147.46666666666667,666.3236666666667,179436.76666666663,18.81,390.61,286.0,3781.03,732.0,1.0,1.0,1.0,196.4,427.4,768.24,538310.2999999999,3.0,32.04,43.4
2025-09-13 11:48:58,combination_11,xgboost_model/performance_data/performance/performance_20250913_114726.json,23.7,1203.0,381.0,10862.67,1492.0,2.0,0.0,1.0,464.9,76.2,1798.211,0.0,7.8999999999999995,401.0,127.0,3620.89,497.3333333333333,0.6666666666666666,0.0,0.3333333333333333,154.96666666666667,25.400000000000002,599.4036666666667,0.0,20.23,581.88,284.0,5458.01,747.0,1.0,0.0,1.0,214.9,76.2,1084.328,0.0,3.0,23.7,49.7333
2025-09-13 11:49:29,combination_12,xgboost_model/performance_data/performance/performance_20250913_114726.json,32.379999999999995,537.51,457.0,5113.43,1302.0,1.0,1.0,1.0,356.4,181.4,2468.626,151596.356,10.793333333333331,179.17,152.33333333333334,1704.4766666666667,434.0,0.3333333333333333,0.3333333333333333,0.3333333333333333,118.8,60.46666666666667,822.8753333333334,50532.11866666667,20.82,377.19,284.0,3672.4,729.0,1.0,1.0,1.0,214.9,105.2,1115.952,151596.356,3.0,32.38,43.4
2025-09-13 11:50:00,combination_13,xgboost_model/performance_data/performance/performance_20250913_114726.json,34.02,569.9300000000001,468.0,5385.2300000000005,1255.0,1.0,1.0,1.0,310.8,177.60000000000002,2235.3360000000002,122069.376,11.340000000000002,189.9766666666667,156.0,1795.0766666666668,418.3333333333333,0.3333333333333333,0.3333333333333333,0.3333333333333333,103.60000000000001,59.20000000000001,745.1120000000001,40689.792,20.51,431.8,285.0,4181.39,720.0,1.0,1.0,1.0,196.4,101.4,1099.336,122069.376,3.0,34.01,41.8333
2025-09-13 11:50:31,combination_2,xgboost_model/performance_data/performance/performance_20250913_114726.json,16.200000000000003,1202.18,312.0,9780.869999999999,1336.0,2.0,1.0,0.0,315.1,105.2,1032.1820000000002,175264.252,5.400000000000001,400.7266666666667,104.0,3260.2899999999995,445.3333333333333,0.6666666666666666,0.3333333333333333,0.0,105.03333333333335,35.06666666666667,344.06066666666675,58421.41733333334,8.15,936.14,197.0,8114.86,752.0,1.0,1.0,0.0,214.9,105.2,716.3850000000001,175264.252,3.0,16.19,44.5333
2025-09-13 11:51:02,combination_3,xgboost_model/performance_data/performance/performance_20250913_114726.json,15.33,1249.98,294.0,10459.380000000001,1355.0,2.0,0.0,1.0,324.1,464.7,1034.275,881703.1919999999,5.11,416.66,98.0,3486.4600000000005,451.6666666666667,0.6666666666666666,0.0,0.3333333333333333,108.03333333333335,154.9,344.7583333333334,293901.06399999995,7.53,969.49,191.0,8562.02,751.0,1.0,0.0,1.0,214.9,464.7,729.657,881703.1919999999,3.0,15.33,45.1667
2025-09-13 11:51:33,combination_4,xgboost_model/performance_data/performance/performance_20250913_114726.json,17.66,1247.56,310.0,9905.77,1315.0,2.0,1.0,0.0,269.5,101.4,894.563,147175.002,5.886666666666667,415.8533333333333,103.33333333333333,3301.9233333333336,438.3333333333333,0.6666666666666666,0.3333333333333333,0.0,89.83333333333333,33.800000000000004,298.18766666666664,49058.334,10.17,995.28,184.0,8454.34,753.0,1.0,1.0,0.0,196.4,101.4,618.336,147175.002,3.0,17.67,43.8333
2025-09-13 11:52:04,combination_5,xgboost_model/performance_data/performance/performance_20250913_114726.json,25.049999999999997,367.25,396.0,3326.05,1116.0,1.0,1.0,1.0,170.0,566.1,1396.933,1055607.294,8.35,122.41666666666667,132.0,1108.6833333333334,372.0,0.3333333333333333,0.3333333333333333,0.3333333333333333,56.666666666666664,188.70000000000002,465.64433333333335,351869.098,10.1,141.19,220.0,1977.28,598.0,1.0,1.0,1.0,96.9,464.7,686.052,918842.016,3.0,25.05,37.2
2025-09-13 11:52:35,combination_6,xgboost_model/performance_data/performance/performance_20250913_114726.json,16.21,1239.3400000000001,281.0,9982.39,1135.0,2.0,0.0,1.0,280.7,427.4,938.893,731097.6179999999,5.403333333333333,413.1133333333334,93.66666666666667,3327.463333333333,378.3333333333333,0.6666666666666666,0.0,0.3333333333333333,93.56666666666666,142.46666666666667,312.96433333333334,243699.20599999998,9.18,963.45,169.0,8271.82,638.0,1.0,0.0,1.0,196.4,427.4,660.96,731097.6179999999,3.0,16.21,37.8333
2025-09-13 11:53:06,combination_7,xgboost_model/performance_data/performance/performance_20250913_114726.json,24.46,370.07,388.0,3448.8,964.0,1.0,1.0,1.0,172.2,532.6,1404.8790000000001,864098.964,8.153333333333334,123.35666666666667,129.33333333333334,1149.6000000000001,321.3333333333333,0.3333333333333333,0.3333333333333333,0.3333333333333333,57.4,177.53333333333333,468.29300000000006,288032.988,8.97,133.04,222.0,1892.98,499.0,1.0,1.0,1.0,87.9,427.4,661.008,664957.468,3.0,24.45,32.1333
2025-09-13 11:53:38,combination_8,xgboost_model/performance_data/performance/performance_20250913_114726.json,20.849999999999998,1330.6799999999998,363.0,11827.35,1168.0,2.0,1.0,0.0,450.0,15.0,1333.435,0.0,6.949999999999999,443.55999999999995,121.0,3942.4500000000003,389.3333333333333,0.6666666666666666,0.3333333333333333,0.0,150.0,5.0,444.4783333333333,0.0,17.7,651.29,275.0,6042.72,584.0,1.0,1.0,0.0,214.9,15.0,684.99,0.0,3.0,20.84,38.9333
2025-09-13 11:54:08,combination_9,xgboost_model/performance_data/performance/performance_20250913_114726.json,28.6,587.43,436.0,5574.49,1306.0,1.0,1.0,1.0,350.5,479.7,2002.962,756131.958,9.533333333333333,195.80999999999997,145.33333333333334,1858.1633333333332,435.3333333333333,0.3333333333333333,0.3333333333333333,0.3333333333333333,116.83333333333333,159.9,667.654,252043.986,18.19,406.65,281.0,3947.35,721.0,1.0,1.0,1.0,214.9,464.7,770.355,756131.958,3.0,28.6,43.5333
2025-09-13 11:54:43,combination_1,xgboost_model/performance_data/performance/performance_20250913_115413.json,8.52,2146.62,244.0,17380.02,1551.0,3.0,0.0,0.0,423.6,0.0,494.447,0.0,2.84,715.54,81.33333333333333,5793.34,517.0,1.0,0.0,0.0,141.20000000000002,0.0,164.81566666666666,0.0,6.51,1049.59,187.0,9160.68,777.0,1.0,0.0,0.0,214.9,0.0,227.794,0.0,3.0,8.52,51.7
2025-09-13 11:55:14,combination_10,xgboost_model/performance_data/performance/performance_20250913_115413.json,32.17,522.9300000000001,474.0,4916.98,1317.0,1.0,1.0,1.0,307.1,442.4,2025.5210000000002,530950.472,10.723333333333334,174.31000000000003,158.0,1638.993333333333,439.0,0.3333333333333333,0.3333333333333333,0.3333333333333333,102.36666666666667,147.46666666666667,675.1736666666667,176983.49066666665,18.63,377.41,285.0,3674.7,737.0,1.0,1.0,1.0,196.4,427.4,784.08,530950.472,3.0,32.16,43.9
2025-09-13 11:55:45,combination_11,xgboost_model/performance_data/performance/performance_20250913_115413.json,23.82,1208.2800000000002,380.0,10948.94,1492.0,2.0,0.0,1.0,464.9,76.2,1801.4170000000001,0.0,7.94,402.76000000000005,126.66666666666667,3649.646666666667,497.3333333333333,0.6666666666666666,0.0,0.3333333333333333,154.96666666666667,25.400000000000002,600.4723333333334,0.0,20.37,580.34,284.0,5479.84,746.0,1.0,0.0,1.0,214.9,76.2,1091.832,0.0,3.0,23.82,49.7333
2025-09-13 11:56:16,combination_12,xgboost_model/performance_data/performance/performance_20250913_115413.json,32.56,531.28,458.0,5090.1900000000005,1342.0,1.0,1.0,1.0,356.4,181.4,2487.127,154004.38400000002,10.853333333333333,177.09333333333333,152.66666666666666,1696.7300000000002,447.3333333333333,0.3333333333333333,0.3333333333333333,0.3333333333333333,118.8,60.46666666666667,829.0423333333333,51334.794666666676,20.89,371.99,286.0,3626.27,731.0,1.0,1.0,1.0,214.9,105.2,1119.704,154004.38400000002,3.0,32.55,44.7333
2025-09-13 11:56:47,combination_13,xgboost_model/performance_data/performance/performance_20250913_115413.json,34.1,577.76,467.0,5426.570000000001,1287.0,1.0,1.0,1.0,310.8,177.60000000000002,2233.2639999999997,122614.90800000001,11.366666666666667,192.58666666666667,155.66666666666666,1808.8566666666668,429.0,0.3333333333333333,0.3333333333333333,0.3333333333333333,103.60000000000001,59.20000000000001,744.4213333333332,40871.636000000006,20.72,439.39,285.0,4217.35,731.0,1.0,1.0,1.0,196.4,101.4,1110.5919999999999,122614.90800000001,3.0,34.09,42.9
2025-09-13 11:57:18,combination_2,xgboost_model/performance_data/performance/performance_20250913_115413.json,15.780000000000001,1236.74,301.0,9919.08,1383.0,2.0,1.0,0.0,315.1,105.2,1014.8900000000001,179795.216,5.260000000000001,412.24666666666667,100.33333333333333,3306.36,461.0,0.6666666666666666,0.3333333333333333,0.0,105.03333333333335,35.06666666666667,338.2966666666667,59931.738666666664,8.07,962.86,189.0,8210.0,761.0,1.0,1.0,0.0,214.9,105.2,709.3530000000001,179795.216,3.0,15.78,46.1
2025-09-13 11:57:49,combination_3,xgboost_model/performance_data/performance/performance_20250913_115413.json,15.17,1190.33,287.0,9699.970000000001,1401.0,2.0,0.0,1.0,324.1,464.7,1054.4370000000001,888831.69,5.056666666666667,396.77666666666664,95.66666666666667,3233.3233333333337,467.0,0.6666666666666666,0.0,0.3333333333333333,108.03333333333335,154.9,351.47900000000004,296277.23,7.6,903.96,182.0,7787.27,761.0,1.0,0.0,1.0,214.9,464.7,736.44,888831.69,3.0,15.17,46.7
2025-09-13 11:58:20,combination_4,xgboost_model/performance_data/performance/performance_20250913_115413.json,17.580000000000002,1293.78,304.0,10088.08,1355.0,2.0,1.0,0.0,269.5,101.4,889.61,152023.95,5.86,431.26,101.33333333333333,3362.693333333333,451.6666666666667,0.6666666666666666,0.3333333333333333,0.0,89.83333333333333,33.800000000000004,296.5366666666667,50674.65,10.24,1039.51,182.0,8588.83,759.0,1.0,1.0,0.0,196.4,101.4,622.592,152023.95,3.0,17.59,45.1667
2025-09-13 11:58:51,combination_5,xgboost_model/performance_data/performance/performance_20250913_115413.json,25.16,361.05,396.0,3305.05,1221.0,1.0,1.0,1.0,170.0,566.1,1411.61,966198.702,8.386666666666667,120.35000000000001,132.0,1101.6833333333334,407.0,0.3333333333333333,0.3333333333333333,0.3333333333333333,56.666666666666664,188.70000000000002,470.53666666666663,322066.234,9.52,132.06,224.0,1737.04,620.0,1.0,1.0,1.0,96.9,464.7,733.533,807202.488,3.0,25.16,40.7
2025-09-13 11:59:22,combination_6,xgboost_model/performance_data/performance/performance_20250913_115413.json,16.5,1304.42,295.0,10344.52,1102.0,2.0,0.0,1.0,280.7,427.4,936.0899999999999,656678.73,5.5,434.8066666666667,98.33333333333333,3448.1733333333336,367.3333333333333,0.6666666666666666,0.0,0.3333333333333333,93.56666666666666,142.46666666666667,312.03,218892.91,9.32,1036.31,176.0,8808.07,629.0,1.0,0.0,1.0,196.4,427.4,671.04,656678.73,3.0,16.5,36.7333
2025-09-13 11:59:53,combination_7,xgboost_model/performance_data/performance/performance_20250913_115413.json,24.5,369.07,385.0,3278.73,922.0,1.0,1.0,1.0,172.2,532.6,1433.343,880676.556,8.166666666666666,123.02333333333333,128.33333333333334,1092.91,307.3333333333333,0.3333333333333333,0.3333333333333333,0.3333333333333333,57.4,177.53333333333333,477.781,293558.852,8.97,130.88,213.0,1662.8,463.0,1.0,1.0,1.0,87.9,427.4,693.5310000000001,710680.72,3.0,24.5,30.7333
2025-09-13 12:00:24,combination_8,xgboost_model/performance_data/performance/performance_20250913_115413.json,20.7,1352.1,364.0,12041.72,1134.0,2.0,1.0,0.0,450.0,15.0,1315.2960000000003,0.0,6.8999999999999995,450.7,121.33333333333333,4013.9066666666663,378.0,0.6666666666666666,0.3333333333333333,0.0,150.0,5.0,438.4320000000001,0.0,17.62,647.95,278.0,6023.03,567.0,1.0,1.0,0.0,214.9,15.0,681.8940000000001,0.0,3.0,20.71,37.8
2025-09-13 12:00:56,combination_9,xgboost_model/performance_data/performance/performance_20250913_115413.json,28.41,603.39,431.0,5764.58,1288.0,1.0,1.0,1.0,350.5,479.7,1969.3070000000002,783186.7919999999,9.47,201.13,143.66666666666666,1921.5266666666666,429.3333333333333,0.3333333333333333,0.3333333333333333,0.3333333333333333,116.83333333333333,159.9,656.4356666666667,261062.26399999997,18.31,419.05,280.0,4079.22,694.0,1.0,1.0,1.0,214.9,464.7,747.099,783186.7919999999,3.0,28.41,42.9333
2025-09-13 12:01:30,combination_1,xgboost_model/performance_data/performance/performance_20250913_120100.json,8.48,2140.91,242.0,17358.190000000002,1563.0,3.0,0.0,0.0,423.6,0.0,492.65999999999997,0.0,2.8266666666666667,713.6366666666667,80.66666666666667,5786.063333333334,521.0,1.0,0.0,0.0,141.20000000000002,0.0,164.22,0.0,6.47,1008.5,185.0,8797.35,782.0,1.0,0.0,0.0,214.9,0.0,212.751,0.0,3.0,8.48,52.1
2025-09-13 12:02:01,combination_10,xgboost_model/performance_data/performance/performance_20250913_120100.json,31.93,535.27,470.0,5063.53,1323.0,1.0,1.0,1.0,307.1,442.4,1998.534,545935.1159999999,10.643333333333333,178.42333333333332,156.66666666666666,1687.8433333333332,441.0,0.3333333333333333,0.3333333333333333,0.3333333333333333,102.36666666666667,147.46666666666667,666.178,181978.37199999997,18.66,388.17,286.0,3786.19,737.0,1.0,1.0,1.0,196.4,427.4,769.68,545935.1159999999,3.0,31.93,44.1
2025-09-13 12:02:32,combination_11,xgboost_model/performance_data/performance/performance_20250913_120100.json,23.49,1211.03,378.0,10939.24,1498.0,2.0,0.0,1.0,464.9,76.2,1783.729,0.0,7.829999999999999,403.6766666666667,126.0,3646.4133333333334,499.3333333333333,0.6666666666666666,0.0,0.3333333333333333,154.96666666666667,25.400000000000002,594.5763333333333,0.0,20.04,581.55,282.0,5504.11,749.0,1.0,0.0,1.0,214.9,76.2,1074.144,0.0,3.0,23.49,49.9333
2025-09-13 12:03:03,combination_12,xgboost_model/performance_data/performance/performance_20250913_120100.json,32.5,540.28,456.0,5117.01,1340.0,1.0,1.0,1.0,356.4,181.4,2468.643,153598.312,10.833333333333334,180.09333333333333,152.0,1705.67,446.6666666666667,0.3333333333333333,0.3333333333333333,0.3333333333333333,118.8,60.46666666666667,822.881,51199.437333333335,21.09,378.9,285.0,3656.95,730.0,1.0,1.0,1.0,214.9,105.2,1130.424,153598.312,3.0,32.51,44.6667
2025-09-13 12:03:34,combination_13,xgboost_model/performance_data/performance/performance_20250913_120100.json,34.04,575.97,464.0,5390.14,1291.0,1.0,1.0,1.0,310.8,177.60000000000002,2230.6119999999996,125677.18800000001,11.346666666666666,191.99,154.66666666666666,1796.7133333333334,430.3333333333333,0.3333333333333333,0.3333333333333333,0.3333333333333333,103.60000000000001,59.20000000000001,743.5373333333332,41892.396,20.77,436.78,285.0,4150.72,728.0,1.0,1.0,1.0,196.4,101.4,1113.272,125677.18800000001,3.0,34.05,43.0333
2025-09-13 12:04:05,combination_2,xgboost_model/performance_data/performance/performance_20250913_120100.json,15.91,1149.83,299.0,9562.6,1397.0,2.0,1.0,0.0,315.1,105.2,1031.457,199279.308,5.303333333333334,383.27666666666664,99.66666666666667,3187.5333333333333,465.6666666666667,0.6666666666666666,0.3333333333333333,0.0,105.03333333333335,35.06666666666667,343.819,66426.436,8.0,877.15,192.0,7668.31,757.0,1.0,1.0,0.0,214.9,105.2,703.2,199279.308,3.0,15.91,46.5667
2025-09-13 12:04:36,combination_3,xgboost_model/performance_data/performance/performance_20250913_120100.json,14.99,1223.3200000000002,285.0,10244.6,1402.0,2.0,0.0,1.0,324.1,464.7,1031.429,911783.2229999999,4.996666666666667,407.77333333333337,95.0,3414.866666666667,467.3333333333333,0.6666666666666666,0.0,0.3333333333333333,108.03333333333335,154.9,343.8096666666667,303927.741,7.45,934.59,183.0,8282.51,758.0,1.0,0.0,1.0,214.9,464.7,721.9050000000001,911783.2229999999,3.0,14.99,46.7333
2025-09-13 12:05:07,combination_4,xgboost_model/performance_data/performance/performance_20250913_120100.json,17.490000000000002,1250.44,309.0,9896.11,1328.0,2.0,1.0,0.0,269.5,101.4,892.8580000000001,142461.93000000002,5.830000000000001,416.81333333333333,103.0,3298.7033333333334,442.6666666666667,0.6666666666666666,0.3333333333333333,0.0,89.83333333333333,33.800000000000004,297.6193333333334,47487.310000000005,10.14,994.14,180.0,8491.16,751.0,1.0,1.0,0.0,196.4,101.4,616.5120000000001,142461.93000000002,3.0,17.49,44.2667
2025-09-13 12:05:38,combination_5,xgboost_model/performance_data/performance/performance_20250913_120100.json,24.770000000000003,372.88,390.0,3322.5,1192.0,1.0,1.0,1.0,170.0,566.1,1398.4630000000002,1065666.768,8.256666666666668,124.29333333333334,130.0,1107.5,397.3333333333333,0.3333333333333333,0.3333333333333333,0.3333333333333333,56.666666666666664,188.70000000000002,466.1543333333334,355222.256,10.22,141.39,212.0,2005.96,634.0,1.0,1.0,1.0,96.9,464.7,685.0830000000001,932169.612,3.0,24.77,39.7333
2025-09-13 12:06:09,combination_6,xgboost_model/performance_data/performance/performance_20250913_120100.json,16.75,1230.87,300.0,9948.97,1111.0,2.0,0.0,1.0,280.7,427.4,953.2460000000001,656118.836,5.583333333333333,410.28999999999996,100.0,3316.3233333333333,370.3333333333333,0.6666666666666666,0.0,0.3333333333333333,93.56666666666666,142.46666666666667,317.7486666666667,218706.27866666668,9.34,967.0,179.0,8413.83,633.0,1.0,0.0,1.0,196.4,427.4,672.48,656118.836,3.0,16.75,37.0333
2025-09-13 12:06:40,combination_7,xgboost_model/performance_data/performance/performance_20250913_120100.json,24.72,364.99,390.0,3267.9700000000003,1011.0,1.0,1.0,1.0,172.2,532.6,1442.85,875414.0,8.24,121.66333333333334,130.0,1089.3233333333335,337.0,0.3333333333333333,0.3333333333333333,0.3333333333333333,57.4,177.53333333333333,480.95,291804.6666666667,8.78,128.11,217.0,1649.98,507.0,1.0,1.0,1.0,87.9,427.4,714.6270000000001,705201.4519999999,3.0,24.72,33.7
2025-09-13 12:07:12,combination_8,xgboost_model/performance_data/performance/performance_20250913_120100.json,20.63,1344.06,363.0,12000.29,1155.0,2.0,1.0,0.0,450.0,15.0,1317.873,0.0,6.876666666666666,448.02,121.0,4000.096666666667,385.0,0.6666666666666666,0.3333333333333333,0.0,150.0,5.0,439.291,0.0,17.52,648.53,276.0,6046.88,578.0,1.0,1.0,0.0,214.9,15.0,678.024,0.0,3.0,20.63,38.5
2025-09-13 12:07:42,combination_9,xgboost_model/performance_data/performance/performance_20250913_120100.json,27.98,602.66,431.0,5700.8,1356.0,1.0,1.0,1.0,350.5,479.7,1953.2640000000001,776378.937,9.326666666666666,200.88666666666666,143.66666666666666,1900.2666666666667,452.0,0.3333333333333333,0.3333333333333333,0.3333333333333333,116.83333333333333,159.9,651.0880000000001,258792.97900000002,17.89,416.74,279.0,4030.09,729.0,1.0,1.0,1.0,214.9,464.7,745.1610000000001,776378.937,3.0,27.98,45.2
2025-09-13 12:08:18,combination_1,xgboost_model/performance_data/performance/performance_20250913_120747.json,10.190000000000001,3137.52,240.0,22363.67,1546.0,4.0,0.0,0.0,435.90000000000003,0.0,413.5210000000001,0.0,2.5475000000000003,784.38,60.0,5590.9175,386.5,1.0,0.0,0.0,108.97500000000001,0.0,103.38025000000002,0.0,4.75,1345.6,137.0,11391.78,773.0,1.0,0.0,0.0,214.9,0.0,161.175,0.0,4.0,10.19,51.5333
2025-09-13 12:08:48,combination_10,xgboost_model/performance_data/performance/performance_20250913_120747.json,27.440000000000005,655.06,403.0,3524.2799999999997,1201.0,2.0,1.0,1.0,182.3,566.1,1423.125,1136803.977,6.860000000000001,163.765,100.75,881.0699999999999,300.25,0.5,0.25,0.25,45.575,141.525,355.78125,284200.99425,10.47,250.62,174.0,2145.45,638.0,1.0,1.0,1.0,96.9,464.7,661.827,996990.6149999999,4.0,27.44,40.0333
2025-09-13 12:09:20,combination_11,xgboost_model/performance_data/performance/performance_20250913_120747.json,18.89,1818.51,304.0,11789.07,1364.0,3.0,0.0,1.0,293.0,427.4,952.797,717698.628,4.7225,454.6275,76.0,2947.2675,341.0,0.75,0.0,0.25,73.25,106.85,238.19925,179424.657,9.57,1235.72,136.0,10109.85,755.0,1.0,0.0,1.0,196.4,427.4,689.04,717698.628,4.0,18.89,45.4667
2025-09-13 12:09:50,combination_12,xgboost_model/performance_data/performance/performance_20250913_120747.json,35.32,1331.7800000000002,337.0,10303.57,1378.0,2.0,1.0,1.0,323.3,449.09999999999997,1726.2470000000003,764981.8899999999,8.83,332.94500000000005,84.25,2575.8925,344.5,0.5,0.25,0.25,80.825,112.27499999999999,431.5617500000001,191245.47249999997,19.85,996.59,170.0,8513.72,754.0,1.0,1.0,1.0,196.4,427.4,845.6100000000001,764981.8899999999,4.0,35.32,45.9333
2025-09-13 12:10:21,combination_13,xgboost_model/performance_data/performance/performance_20250913_120747.json,26.03,687.45,385.0,3661.0599999999995,1236.0,2.0,1.0,1.0,184.5,532.6,1416.597,872983.3099999998,6.5075,171.8625,96.25,915.2649999999999,309.0,0.5,0.25,0.25,46.125,133.15,354.14925,218245.82749999996,9.4,267.85,166.0,2146.97,646.0,1.0,1.0,1.0,87.9,427.4,676.8000000000001,647122.0659999999,4.0,26.03,41.2
2025-09-13 12:10:53,combination_14,xgboost_model/performance_data/performance/performance_20250913_120747.json,25.18,1918.18,188.0,14929.74,1488.0,3.0,1.0,0.0,462.3,15.0,1257.038,0.0,6.295,479.545,47.0,3732.435,372.0,0.75,0.25,0.0,115.575,3.75,314.2595,0.0,18.09,825.87,60.0,7465.09,744.0,1.0,1.0,0.0,214.9,15.0,700.0830000000001,0.0,4.0,25.17,49.6
2025-09-13 12:11:24,combination_15,xgboost_model/performance_data/performance/performance_20250913_120747.json,38.61,1332.77,212.0,11427.68,1478.0,2.0,1.0,1.0,492.8,118.9,2115.6440000000002,0.0,9.6525,333.1925,53.0,2856.92,369.5,0.5,0.25,0.25,123.2,29.725,528.9110000000001,0.0,18.01,610.55,60.0,5734.97,739.0,1.0,1.0,1.0,214.9,103.9,770.828,0.0,4.0,38.61,49.2667
2025-09-13 12:11:54,combination_16,xgboost_model/performance_data/performance/performance_20250913_120747.json,31.91,972.8299999999999,245.0,7261.46,1368.0,2.0,1.0,1.0,362.8,479.7,1842.017,852120.39,7.9775,243.20749999999998,61.25,1815.365,342.0,0.5,0.25,0.25,90.7,119.925,460.50425,213030.0975,17.82,579.54,77.0,5427.76,737.0,1.0,1.0,1.0,214.9,464.7,719.967,852120.39,4.0,31.91,45.6
2025-09-13 12:12:26,combination_17,xgboost_model/performance_data/performance/performance_20250913_120747.json,33.129999999999995,1014.99,255.0,7470.95,1164.0,2.0,1.0,1.0,319.40000000000003,442.4,1707.5760000000002,662243.478,8.282499999999999,253.7475,63.75,1867.7375,291.0,0.5,0.25,0.25,79.85000000000001,110.6,426.89400000000006,165560.8695,17.63,639.36,91.0,5921.48,651.0,1.0,1.0,1.0,196.4,427.4,682.2810000000001,662243.478,4.0,33.12,38.8
2025-09-13 12:12:58,combination_18,xgboost_model/performance_data/performance/performance_20250913_120747.json,26.36,2115.19,187.0,16215.6,1257.0,3.0,0.0,1.0,477.2,76.2,1576.278,0.0,6.59,528.7975,46.75,4053.9,314.25,0.75,0.0,0.25,119.3,19.05,394.0695,0.0,20.07,923.04,62.0,8168.04,629.0,1.0,0.0,1.0,214.9,76.2,1075.752,0.0,4.0,26.37,41.9
2025-09-13 12:13:29,combination_19,xgboost_model/performance_data/performance/performance_20250913_120747.json,39.69,1329.3500000000001,211.0,11538.939999999999,1071.0,2.0,1.0,1.0,507.5,97.9,2446.181,0.0,9.9225,332.33750000000003,52.75,2884.7349999999997,267.75,0.5,0.25,0.25,126.875,24.475,611.54525,0.0,19.93,615.23,60.0,5786.53,536.0,1.0,1.0,1.0,214.9,76.2,1068.248,0.0,4.0,39.68,35.7
2025-09-13 12:14:00,combination_2,xgboost_model/performance_data/performance/performance_20250913_120747.json,24.740000000000002,2651.27,270.0,20291.67,939.0,3.0,1.0,0.0,466.20000000000005,21.7,1158.98,0.0,6.1850000000000005,662.8175,67.5,5072.9175,234.75,0.75,0.25,0.0,116.55000000000001,5.425,289.745,0.0,17.59,1265.03,162.0,10418.97,471.0,1.0,1.0,0.0,214.9,21.7,749.3340000000001,0.0,4.0,24.75,31.3
2025-09-13 12:14:33,combination_20,xgboost_model/performance_data/performance/performance_20250913_120747.json,33.67,1025.69,253.0,7604.35,788.0,2.0,1.0,1.0,368.7,181.4,2139.673,180769.368,8.4175,256.4225,63.25,1901.0875,197.0,0.5,0.25,0.25,92.175,45.35,534.91825,45192.342,19.8,625.79,84.0,5886.01,455.0,1.0,1.0,1.0,214.9,105.2,1061.28,180769.368,4.0,33.67,26.2667
2025-09-13 12:15:05,combination_21,xgboost_model/performance_data/performance/performance_20250913_120747.json,35.67,1013.84,269.0,7485.04,645.0,2.0,1.0,1.0,323.1,177.60000000000002,1999.4120000000003,145543.476,8.9175,253.46,67.25,1871.26,161.25,0.5,0.25,0.25,80.775,44.400000000000006,499.85300000000007,36385.869,19.46,655.73,101.0,6049.7,401.0,1.0,1.0,1.0,196.4,101.4,1043.056,145543.476,4.0,35.67,21.5
2025-09-13 12:15:37,combination_3,xgboost_model/performance_data/performance/performance_20250913_120747.json,25.04,2744.0699999999997,249.0,20306.07,606.0,3.0,0.0,1.0,466.40000000000003,103.9,1187.103,0.0,6.26,686.0174999999999,62.25,5076.5175,151.5,0.75,0.0,0.25,116.60000000000001,25.975,296.77575,0.0,18.62,1243.39,142.0,10270.43,303.0,1.0,0.0,1.0,214.9,103.9,796.936,0.0,4.0,25.05,20.2
2025-09-13 12:16:09,combination_4,xgboost_model/performance_data/performance/performance_20250913_120747.json,16.58,1973.1899999999998,290.0,12750.029999999999,299.0,3.0,1.0,0.0,327.40000000000003,105.2,933.71,198815.37600000002,4.145,493.29749999999996,72.5,3187.5074999999997,74.75,0.75,0.25,0.0,81.85000000000001,26.3,233.4275,49703.844000000005,7.67,1344.3,137.0,10860.15,211.0,1.0,1.0,0.0,214.9,105.2,674.193,198815.37600000002,4.0,16.59,9.9667
2025-09-13 12:16:41,combination_5,xgboost_model/performance_data/performance/performance_20250913_120747.json,33.76,1328.5900000000001,323.0,10238.800000000001,246.0,2.0,1.0,1.0,357.90000000000003,209.10000000000002,1783.218,214355.52,8.44,332.14750000000004,80.75,2559.7000000000003,61.5,0.5,0.25,0.25,89.47500000000001,52.275000000000006,445.8045,53588.88,19.7,965.35,167.0,8201.2,174.0,1.0,1.0,1.0,214.9,105.2,843.16,214355.52,4.0,33.75,8.2
2025-09-13 12:17:13,combination_6,xgboost_model/performance_data/performance/performance_20250913_120747.json,15.93,1890.31,280.0,11726.33,223.0,3.0,0.0,1.0,336.40000000000003,464.7,954.4490000000001,908530.323,3.9825,472.5775,70.0,2931.5825,55.75,0.75,0.0,0.25,84.10000000000001,116.175,238.61225000000002,227132.58075,7.05,1246.06,134.0,9771.24,164.0,1.0,0.0,1.0,214.9,464.7,683.145,908530.323,4.0,15.94,7.4333
2025-09-13 12:17:45,combination_7,xgboost_model/performance_data/performance/performance_20250913_120747.json,31.43,1360.0500000000002,323.0,9788.58,163.0,2.0,1.0,1.0,366.70000000000005,486.4,1709.99,663438.2490000001,7.8575,340.01250000000005,80.75,2447.145,40.75,0.5,0.25,0.25,91.67500000000001,121.6,427.4975,165859.56225000002,17.63,988.74,172.0,8360.91,129.0,1.0,1.0,1.0,214.9,464.7,751.038,663438.2490000001,4.0,31.44,5.4333
2025-09-13 12:18:17,combination_8,xgboost_model/performance_data/performance/performance_20250913_120747.json,18.33,1905.94,277.0,11330.29,199.0,3.0,1.0,0.0,281.8,101.4,836.6959999999999,77819.43000000001,4.5825,476.485,69.25,2832.5725,49.75,0.75,0.25,0.0,70.45,25.35,209.17399999999998,19454.857500000002,9.68,1290.33,128.0,10562.84,156.0,1.0,1.0,0.0,196.4,101.4,588.544,77819.43000000001,4.0,18.34,6.6333
2025-09-13 12:18:49,combination_9,xgboost_model/performance_data/performance/performance_20250913_120747.json,33.83,1218.4299999999998,342.0,8641.369999999999,133.0,2.0,1.0,1.0,312.3,205.3,1579.9350000000002,88105.44600000001,8.4575,304.60749999999996,85.5,2160.3424999999997,33.25,0.5,0.25,0.25,78.075,51.325,394.98375000000004,22026.361500000003,16.94,899.53,195.0,7772.48,105.0,1.0,1.0,1.0,196.4,103.9,725.032,88105.44600000001,4.0,33.83,4.4333
2025-09-13 13:10:46,combination_1,xgboost_model/performance_data/performance/performance_20250913_131015.json,9.129999999999999,3435.71,262.0,22936.13,1538.0,4.0,0.0,0.0,435.90000000000003,0.0,379.492,0.0,2.2824999999999998,858.9275,65.5,5734.0325,384.5,1.0,0.0,0.0,108.97500000000001,0.0,94.873,0.0,3.92,1501.2,114.0,11832.34,770.0,1.0,0.0,0.0,214.9,0.0,152.579,0.0,4.0,9.12,51.2667
2025-09-13 13:11:16,combination_10,xgboost_model/performance_data/performance/performance_20250913_131015.json,25.849999999999998,688.1099999999999,414.0,3821.6899999999996,1222.0,2.0,1.0,1.0,182.3,566.1,1363.2659999999998,1277767.851,6.4624999999999995,172.02749999999997,103.5,955.4224999999999,305.5,0.5,0.25,0.25,45.575,141.525,340.81649999999996,319441.96275,10.11,228.81,137.0,2450.45,657.0,1.0,1.0,1.0,96.9,464.7,635.664,1138724.115,4.0,25.85,40.7333
2025-09-13 13:11:47,combination_11,xgboost_model/performance_data/performance/performance_20250913_131015.json,18.169999999999998,2068.77,329.0,13062.82,1329.0,3.0,0.0,1.0,293.0,427.4,928.416,683433.97,4.5424999999999995,517.1925,82.25,3265.705,332.25,0.75,0.0,0.25,73.25,106.85,232.104,170858.4925,9.68,1448.87,120.0,11463.77,743.0,1.0,0.0,1.0,196.4,427.4,696.96,683433.97,4.0,18.17,44.3
2025-09-13 13:12:18,combination_12,xgboost_model/performance_data/performance/performance_20250913_131015.json,35.5,1398.25,396.0,10652.199999999999,1363.0,2.0,1.0,1.0,323.3,449.09999999999997,1732.25,740000.36,8.875,349.5625,99.0,2663.0499999999997,340.75,0.5,0.25,0.25,80.825,112.27499999999999,433.0625,185000.09,19.65,1069.49,172.0,8920.8,750.0,1.0,1.0,1.0,196.4,427.4,837.0899999999999,740000.36,4.0,35.49,45.4333
2025-09-13 13:12:49,combination_13,xgboost_model/performance_data/performance/performance_20250913_131015.json,23.9,736.73,372.0,4306.969999999999,1248.0,2.0,1.0,1.0,184.5,532.6,1325.805,1043718.0639999999,5.975,184.1825,93.0,1076.7424999999998,312.0,0.5,0.25,0.25,46.125,133.15,331.45125,260929.51599999997,8.47,256.32,131.0,2473.87,644.0,1.0,1.0,1.0,87.9,427.4,611.784,783466.94,4.0,23.91,41.6
2025-09-13 13:13:21,combination_14,xgboost_model/performance_data/performance/performance_20250913_131015.json,24.020000000000003,2806.6699999999996,437.0,20711.86,1496.0,3.0,1.0,0.0,462.3,15.0,1069.2480000000003,0.0,6.005000000000001,701.6674999999999,109.25,5177.965,374.0,0.75,0.25,0.0,115.575,3.75,267.31200000000007,0.0,17.76,1324.45,276.0,10499.17,749.0,1.0,1.0,0.0,214.9,15.0,687.3120000000001,0.0,4.0,24.02,49.8667
2025-09-13 13:13:52,combination_15,xgboost_model/performance_data/performance/performance_20250913_131015.json,38.540000000000006,1519.1799999999998,474.0,13017.61,1444.0,2.0,1.0,1.0,492.8,118.9,2039.805,0.0,9.635000000000002,379.79499999999996,118.5,3254.4025,361.0,0.5,0.25,0.25,123.2,29.725,509.95125,0.0,18.09,703.58,277.0,6519.52,722.0,1.0,1.0,1.0,214.9,103.9,774.252,0.0,4.0,38.54,48.1333
2025-09-13 13:14:22,combination_16,xgboost_model/performance_data/performance/performance_20250913_131015.json,30.39,1396.59,483.0,10450.72,1160.0,2.0,1.0,1.0,362.8,479.7,1618.9210000000003,947862.531,7.5975,349.1475,120.75,2612.68,290.0,0.5,0.25,0.25,90.7,119.925,404.73025000000007,236965.63275,17.25,1002.33,269.0,8410.99,635.0,1.0,1.0,1.0,214.9,464.7,672.4860000000001,947862.531,4.0,30.4,38.6667
2025-09-13 13:14:53,combination_17,xgboost_model/performance_data/performance/performance_20250913_131015.json,32.74,1466.6,499.0,11359.79,984.0,2.0,1.0,1.0,319.40000000000003,442.4,1529.9499999999998,876610.2220000001,8.185,366.65,124.75,2839.9475,246.0,0.5,0.25,0.25,79.85000000000001,110.6,382.48749999999995,219152.55550000002,17.61,1120.31,237.0,9308.76,548.0,1.0,1.0,1.0,196.4,427.4,681.5070000000001,876610.2220000001,4.0,32.75,32.8
2025-09-13 13:15:26,combination_18,xgboost_model/performance_data/performance/performance_20250913_131015.json,25.709999999999997,2732.4900000000002,440.0,20635.27,1105.0,3.0,0.0,1.0,477.2,76.2,1446.1069999999997,0.0,6.427499999999999,683.1225000000001,110.0,5158.8175,276.25,0.75,0.0,0.25,119.3,19.05,361.52674999999994,0.0,19.72,1252.8,274.0,10613.78,553.0,1.0,0.0,1.0,214.9,76.2,1056.992,0.0,4.0,25.72,36.8333
2025-09-13 13:15:58,combination_19,xgboost_model/performance_data/performance/performance_20250913_131015.json,38.72,1531.1299999999999,478.0,13092.17,907.0,2.0,1.0,1.0,507.5,97.9,2325.2430000000004,0.0,9.68,382.78249999999997,119.5,3273.0425,226.75,0.5,0.25,0.25,126.875,24.475,581.3107500000001,0.0,19.6,718.58,277.0,6667.15,454.0,1.0,1.0,1.0,214.9,76.2,1050.5600000000002,0.0,4.0,38.72,30.2333
2025-09-13 13:16:30,combination_2,xgboost_model/performance_data/performance/performance_20250913_131015.json,23.810000000000002,2580.91,304.0,20010.260000000002,789.0,3.0,1.0,0.0,466.20000000000005,21.7,1148.0720000000001,0.0,5.952500000000001,645.2275,76.0,5002.5650000000005,197.25,0.75,0.25,0.0,116.55000000000001,5.425,287.01800000000003,0.0,17.17,1190.85,144.0,10122.25,395.0,1.0,1.0,0.0,214.9,21.7,731.4420000000001,0.0,4.0,23.81,26.3
2025-09-13 13:17:01,combination_20,xgboost_model/performance_data/performance/performance_20250913_131015.json,32.419999999999995,1430.29,484.0,10654.460000000001,550.0,2.0,1.0,1.0,368.7,181.4,1951.342,216546.83599999998,8.104999999999999,357.5725,121.0,2663.6150000000002,137.5,0.5,0.25,0.25,92.175,45.35,487.8355,54136.708999999995,19.38,1030.74,269.0,8596.03,331.0,1.0,1.0,1.0,214.9,105.2,1038.768,216546.83599999998,4.0,32.42,18.3333
2025-09-13 13:17:34,combination_21,xgboost_model/performance_data/performance/performance_20250913_131015.json,34.81,1423.4199999999998,505.0,10661.730000000001,410.0,2.0,1.0,1.0,323.1,177.60000000000002,1856.9879999999998,157654.692,8.7025,355.85499999999996,126.25,2665.4325000000003,102.5,0.5,0.25,0.25,80.775,44.400000000000006,464.24699999999996,39413.673,19.52,1067.29,270.0,9106.95,281.0,1.0,1.0,1.0,196.4,101.4,1046.272,157654.692,4.0,34.8,13.6667
2025-09-13 13:18:06,combination_3,xgboost_model/performance_data/performance/performance_20250913_131015.json,25.79,2692.84,289.0,19950.71,525.0,3.0,0.0,1.0,466.40000000000003,103.9,1227.3069999999998,0.0,6.4475,673.21,72.25,4987.6775,131.25,0.75,0.0,0.25,116.60000000000001,25.975,306.82674999999995,0.0,19.37,1239.31,140.0,10028.61,263.0,1.0,0.0,1.0,214.9,103.9,829.036,0.0,4.0,25.79,17.5
2025-09-13 13:18:38,combination_4,xgboost_model/performance_data/performance/performance_20250913_131015.json,16.16,2205.36,329.0,13797.6,270.0,3.0,1.0,0.0,327.40000000000003,105.2,904.504,168328.416,4.04,551.34,82.25,3449.4,67.5,0.75,0.25,0.0,81.85000000000001,26.3,226.126,42082.104,7.62,1568.3,119.0,12197.52,205.0,1.0,1.0,0.0,214.9,105.2,669.798,168328.416,4.0,16.17,9.0
2025-09-13 13:19:10,combination_5,xgboost_model/performance_data/performance/performance_20250913_131015.json,33.71,1417.28,387.0,10699.33,240.0,2.0,1.0,1.0,357.90000000000003,209.10000000000002,1756.616,175719.76799999998,8.4275,354.32,96.75,2674.8325,60.0,0.5,0.25,0.25,89.47500000000001,52.275000000000006,439.154,43929.941999999995,19.19,1067.47,178.0,9028.99,178.0,1.0,1.0,1.0,214.9,105.2,821.332,175719.76799999998,4.0,33.71,8.0
2025-09-13 13:19:42,combination_6,xgboost_model/performance_data/performance/performance_20250913_131015.json,15.74,2133.23,300.0,14033.47,293.0,3.0,0.0,1.0,336.40000000000003,464.7,938.464,1122399.2040000001,3.935,533.3075,75.0,3508.3675,73.25,0.75,0.0,0.25,84.10000000000001,116.175,234.616,280599.80100000004,7.2,1485.86,116.0,11618.15,191.0,1.0,0.0,1.0,214.9,464.7,697.6800000000001,1122399.2040000001,4.0,15.74,9.7667
2025-09-13 13:20:14,combination_7,xgboost_model/performance_data/performance/performance_20250913_131015.json,31.169999999999998,1381.67,390.0,9515.36,151.0,2.0,1.0,1.0,366.70000000000005,486.4,1703.908,290976.55199999997,7.7924999999999995,345.4175,97.5,2378.84,37.75,0.5,0.25,0.25,91.67500000000001,121.6,425.977,72744.13799999999,16.49,1027.56,185.0,8889.2,130.0,1.0,1.0,1.0,214.9,464.7,715.1220000000001,290976.55199999997,4.0,31.18,5.0333
2025-09-13 13:20:46,combination_8,xgboost_model/performance_data/performance/performance_20250913_131015.json,17.919999999999998,2091.0299999999997,299.0,12037.09,180.0,3.0,1.0,0.0,281.8,101.4,814.9849999999999,101797.488,4.4799999999999995,522.7574999999999,74.75,3009.2725,45.0,0.75,0.25,0.0,70.45,25.35,203.74624999999997,25449.372,9.64,1457.57,120.0,11033.17,136.0,1.0,1.0,0.0,196.4,101.4,586.112,101797.488,4.0,17.91,6.0
2025-09-13 13:21:18,combination_9,xgboost_model/performance_data/performance/performance_20250913_131015.json,34.08,1337.53,386.0,8986.150000000001,122.0,2.0,1.0,1.0,312.3,205.3,1604.712,38138.568,8.52,334.3825,96.5,2246.5375000000004,30.5,0.5,0.25,0.25,78.075,51.325,401.178,9534.642,16.21,1023.79,186.0,8610.03,110.0,1.0,1.0,1.0,196.4,103.9,693.788,38138.568,4.0,34.09,4.0667
2025-09-13 13:21:52,combination_1,xgboost_model/performance_data/performance/performance_20250913_132122.json,9.260000000000002,3540.4200000000005,269.0,23648.91,1548.0,4.0,0.0,0.0,435.90000000000003,0.0,367.094,0.0,2.3150000000000004,885.1050000000001,67.25,5912.2275,387.0,1.0,0.0,0.0,108.97500000000001,0.0,91.7735,0.0,4.0,1531.88,117.0,11899.25,774.0,1.0,0.0,0.0,214.9,0.0,139.685,0.0,4.0,9.27,51.6
2025-09-13 13:22:23,combination_10,xgboost_model/performance_data/performance/performance_20250913_132122.json,25.41,673.53,410.0,4081.04,1268.0,2.0,1.0,1.0,182.3,566.1,1342.26,1183130.637,6.3525,168.3825,102.5,1020.26,317.0,0.5,0.25,0.25,45.575,141.525,335.565,295782.65925,8.55,224.57,145.0,2117.57,640.0,1.0,1.0,1.0,96.9,464.7,704.463,984034.7790000001,4.0,25.42,42.2667
2025-09-13 13:22:54,combination_11,xgboost_model/performance_data/performance/performance_20250913_132122.json,17.45,2170.32,315.0,14615.57,1369.0,3.0,0.0,1.0,293.0,427.4,869.809,804136.004,4.3625,542.58,78.75,3653.8925,342.25,0.75,0.0,0.25,73.25,106.85,217.45225,201034.001,8.97,1543.71,121.0,12734.11,751.0,1.0,0.0,1.0,196.4,427.4,645.84,804136.004,4.0,17.45,45.6333
2025-09-13 13:23:26,combination_12,xgboost_model/performance_data/performance/performance_20250913_132122.json,36.22,1370.45,450.0,10604.88,1358.0,2.0,1.0,1.0,323.3,449.09999999999997,1761.213,739709.728,9.055,342.6125,112.5,2651.22,339.5,0.5,0.25,0.25,80.825,112.27499999999999,440.30325,184927.432,20.33,1044.97,174.0,8874.16,748.0,1.0,1.0,1.0,196.4,427.4,866.058,739709.728,4.0,36.22,45.2667
2025-09-13 13:23:56,combination_13,xgboost_model/performance_data/performance/performance_20250913_132122.json,24.25,719.85,392.0,3925.4399999999996,1224.0,2.0,1.0,1.0,184.5,532.6,1347.0570000000002,1050383.88,6.0625,179.9625,98.0,981.3599999999999,306.0,0.5,0.25,0.25,46.125,133.15,336.76425000000006,262595.97,8.26,232.98,124.0,1978.36,613.0,1.0,1.0,1.0,87.9,427.4,646.065,845551.0639999999,4.0,24.25,40.8
2025-09-13 13:24:28,combination_14,xgboost_model/performance_data/performance/performance_20250913_132122.json,23.859999999999996,2749.11,441.0,20486.53,1491.0,3.0,1.0,0.0,462.3,15.0,1071.239,0.0,5.964999999999999,687.2775,110.25,5121.6325,372.75,0.75,0.25,0.0,115.575,3.75,267.80975,0.0,17.61,1265.17,266.0,10323.39,746.0,1.0,1.0,0.0,214.9,15.0,681.5070000000001,0.0,4.0,23.86,49.7
2025-09-13 13:24:59,combination_15,xgboost_model/performance_data/performance/performance_20250913_132122.json,38.87,1558.97,523.0,13275.23,1431.0,2.0,1.0,1.0,492.8,118.9,2046.9070000000002,0.0,9.7175,389.7425,130.75,3318.8075,357.75,0.5,0.25,0.25,123.2,29.725,511.72675000000004,0.0,19.49,731.71,274.0,6675.08,716.0,1.0,1.0,1.0,214.9,103.9,834.1719999999999,0.0,4.0,38.87,47.7
2025-09-13 13:25:29,combination_16,xgboost_model/performance_data/performance/performance_20250913_132122.json,30.209999999999997,1505.82,516.0,11426.0,1137.0,2.0,1.0,1.0,362.8,479.7,1561.131,1001790.966,7.552499999999999,376.455,129.0,2856.5,284.25,0.5,0.25,0.25,90.7,119.925,390.28275,250447.7415,17.13,1117.26,268.0,9270.22,621.0,1.0,1.0,1.0,214.9,464.7,662.931,1001790.966,4.0,30.21,37.9
2025-09-13 13:26:01,combination_17,xgboost_model/performance_data/performance/performance_20250913_132122.json,31.51,1564.9899999999998,538.0,11447.74,969.0,2.0,1.0,1.0,319.40000000000003,442.4,1481.287,791502.0599999999,7.8775,391.24749999999995,134.5,2861.935,242.25,0.5,0.25,0.25,79.85000000000001,110.6,370.32175,197875.51499999998,17.12,1198.37,278.0,9595.84,551.0,1.0,1.0,1.0,196.4,427.4,662.5440000000001,791502.0599999999,4.0,31.52,32.3
2025-09-13 13:26:34,combination_18,xgboost_model/performance_data/performance/performance_20250913_132122.json,26.16,2747.0200000000004,450.0,20715.1,1004.0,3.0,0.0,1.0,477.2,76.2,1452.361,0.0,6.54,686.7550000000001,112.5,5178.775,251.0,0.75,0.0,0.25,119.3,19.05,363.09025,0.0,19.84,1253.7,267.0,10584.81,502.0,1.0,0.0,1.0,214.9,76.2,1063.424,0.0,4.0,26.17,33.4667
2025-09-13 13:27:05,combination_19,xgboost_model/performance_data/performance/performance_20250913_132122.json,38.629999999999995,1598.3200000000002,512.0,13655.96,831.0,2.0,1.0,1.0,507.5,97.9,2296.5950000000003,0.0,9.657499999999999,399.58000000000004,128.0,3413.99,207.75,0.5,0.25,0.25,126.875,24.475,574.1487500000001,0.0,19.33,752.98,268.0,6898.41,416.0,1.0,1.0,1.0,214.9,76.2,1036.088,0.0,4.0,38.63,27.7
2025-09-13 13:27:37,combination_2,xgboost_model/performance_data/performance/performance_20250913_132122.json,23.63,2741.96,341.0,20599.120000000003,768.0,3.0,1.0,0.0,466.20000000000005,21.7,1128.369,0.0,5.9075,685.49,85.25,5149.780000000001,192.0,0.75,0.25,0.0,116.55000000000001,5.425,282.09225,0.0,17.31,1241.91,156.0,10317.18,384.0,1.0,1.0,0.0,214.9,21.7,737.406,0.0,4.0,23.63,25.6
2025-09-13 13:28:08,combination_20,xgboost_model/performance_data/performance/performance_20250913_132122.json,32.91,1484.67,521.0,11206.58,405.0,2.0,1.0,1.0,368.7,181.4,1944.4190000000003,203581.988,8.2275,371.1675,130.25,2801.645,101.25,0.5,0.25,0.25,92.175,45.35,486.1047500000001,50895.497,19.3,1109.23,268.0,9271.39,263.0,1.0,1.0,1.0,214.9,105.2,1034.48,203581.988,4.0,32.91,13.5
2025-09-13 13:28:40,combination_21,xgboost_model/performance_data/performance/performance_20250913_132122.json,34.07,1425.7,535.0,10751.140000000001,354.0,2.0,1.0,1.0,323.1,177.60000000000002,1804.96,167211.642,8.5175,356.425,133.75,2687.7850000000003,88.5,0.5,0.25,0.25,80.775,44.400000000000006,451.24,41802.9105,19.15,1069.17,270.0,9102.11,247.0,1.0,1.0,1.0,196.4,101.4,1026.44,167211.642,4.0,34.06,11.8
2025-09-13 13:29:13,combination_3,xgboost_model/performance_data/performance/performance_20250913_132122.json,26.029999999999998,2620.86,351.0,20016.25,406.0,3.0,0.0,1.0,466.40000000000003,103.9,1236.033,0.0,6.507499999999999,655.215,87.75,5004.0625,101.5,0.75,0.0,0.25,116.60000000000001,25.975,309.00825,0.0,19.33,1225.06,156.0,10237.82,204.0,1.0,0.0,1.0,214.9,103.9,827.3239999999998,0.0,4.0,26.04,13.5333
2025-09-13 13:29:45,combination_4,xgboost_model/performance_data/performance/performance_20250913_132122.json,16.23,2223.2400000000002,317.0,14460.939999999999,410.0,3.0,1.0,0.0,327.40000000000003,105.2,896.5350000000001,252842.93999999997,4.0575,555.8100000000001,79.25,3615.2349999999997,102.5,0.75,0.25,0.0,81.85000000000001,26.3,224.13375000000002,63210.73499999999,7.53,1594.47,122.0,12057.49,255.0,1.0,1.0,0.0,214.9,105.2,661.8870000000001,252842.93999999997,4.0,16.23,13.6667
2025-09-13 13:30:17,combination_5,xgboost_model/performance_data/performance/performance_20250913_132122.json,33.849999999999994,1361.64,416.0,10643.419999999998,259.0,2.0,1.0,1.0,357.90000000000003,209.10000000000002,1771.114,215628.43999999997,8.462499999999999,340.41,104.0,2660.8549999999996,64.75,0.5,0.25,0.25,89.47500000000001,52.275000000000006,442.7785,53907.10999999999,19.83,1000.23,170.0,8593.72,178.0,1.0,1.0,1.0,214.9,105.2,848.7239999999998,215628.43999999997,4.0,33.86,8.6333
2025-09-13 13:30:48,combination_6,xgboost_model/performance_data/performance/performance_20250913_132122.json,15.870000000000001,2069.6299999999997,310.0,13081.48,332.0,3.0,0.0,1.0,336.40000000000003,464.7,939.3729999999999,1196105.271,3.9675000000000002,517.4074999999999,77.5,3270.37,83.0,0.75,0.0,0.25,84.10000000000001,116.175,234.84324999999998,299026.31775,7.12,1432.34,120.0,10507.55,210.0,1.0,0.0,1.0,214.9,464.7,689.928,1196105.271,4.0,15.87,11.0667
2025-09-13 13:31:21,combination_7,xgboost_model/performance_data/performance/performance_20250913_132122.json,30.66,1451.7000000000003,424.0,10340.060000000001,171.0,2.0,1.0,1.0,366.70000000000005,486.4,1671.6280000000002,790668.4619999999,7.665,362.92500000000007,106.0,2585.0150000000003,42.75,0.5,0.25,0.25,91.67500000000001,121.6,417.90700000000004,197667.11549999999,17.34,1067.48,164.0,8638.6,142.0,1.0,1.0,1.0,214.9,464.7,738.684,790668.4619999999,4.0,30.66,5.7
2025-09-13 13:31:53,combination_8,xgboost_model/performance_data/performance/performance_20250913_132122.json,18.19,2121.62,321.0,11876.8,196.0,3.0,1.0,0.0,281.8,101.4,812.783,76334.934,4.5475,530.405,80.25,2969.2,49.0,0.75,0.25,0.0,70.45,25.35,203.19575,19083.7335,9.64,1508.89,124.0,11123.99,157.0,1.0,1.0,0.0,196.4,101.4,586.112,76334.934,4.0,18.19,6.5333
2025-09-13 13:32:25,combination_9,xgboost_model/performance_data/performance/performance_20250913_132122.json,33.629999999999995,1316.63,417.0,8768.86,115.0,2.0,1.0,1.0,312.3,205.3,1585.9959999999999,44945.55,8.407499999999999,329.1575,104.25,2192.215,28.75,0.5,0.25,0.25,78.075,51.325,396.49899999999997,11236.3875,17.54,979.52,170.0,8325.61,103.0,1.0,1.0,1.0,196.4,103.9,750.7119999999999,44945.55,4.0,33.64,3.8333
2025-09-13 13:33:00,combination_1,xgboost_model/performance_data/performance/performance_20250913_133229.json,8.96,3553.91,260.0,23705.25,1535.0,4.0,0.0,0.0,435.90000000000003,0.0,363.58900000000006,0.0,2.24,888.4775,65.0,5926.3125,383.75,1.0,0.0,0.0,108.97500000000001,0.0,90.89725000000001,0.0,3.86,1527.52,112.0,11961.16,768.0,1.0,0.0,0.0,214.9,0.0,141.834,0.0,4.0,8.98,51.1667
2025-09-13 13:33:30,combination_10,xgboost_model/performance_data/performance/performance_20250913_133229.json,25.419999999999998,715.27,399.0,3854.39,1223.0,2.0,1.0,1.0,182.3,566.1,1370.6779999999999,1231707.528,6.3549999999999995,178.8175,99.75,963.5975,305.75,0.5,0.25,0.25,45.575,141.525,342.66949999999997,307926.882,10.18,236.96,125.0,2314.54,643.0,1.0,1.0,1.0,96.9,464.7,646.323,1075566.738,4.0,25.41,40.7667
2025-09-13 13:34:01,combination_11,xgboost_model/performance_data/performance/performance_20250913_133229.json,17.71,2066.78,317.0,13149.84,1359.0,3.0,0.0,1.0,293.0,427.4,906.6890000000001,755096.128,4.4275,516.695,79.25,3287.46,339.75,0.75,0.0,0.25,73.25,106.85,226.67225000000002,188774.032,9.38,1435.15,113.0,11383.12,750.0,1.0,0.0,1.0,196.4,427.4,675.36,755096.128,4.0,17.7,45.3
2025-09-13 13:34:32,combination_12,xgboost_model/performance_data/performance/performance_20250913_133229.json,35.17,1339.96,489.0,10510.02,1386.0,2.0,1.0,1.0,323.3,449.09999999999997,1708.274,805431.026,8.7925,334.99,122.25,2627.505,346.5,0.5,0.25,0.25,80.825,112.27499999999999,427.0685,201357.7565,19.83,1004.56,214.0,8625.53,754.0,1.0,1.0,1.0,196.4,427.4,844.7579999999999,805431.026,4.0,35.17,46.2
2025-09-13 13:35:03,combination_13,xgboost_model/performance_data/performance/performance_20250913_133229.json,24.5,693.5699999999999,392.0,4522.65,1307.0,2.0,1.0,1.0,184.5,532.6,1327.5210000000002,1235697.924,6.125,173.39249999999998,98.0,1130.6625,326.75,0.5,0.25,0.25,46.125,133.15,331.88025000000005,308924.481,7.59,225.87,140.0,2358.52,659.0,1.0,1.0,1.0,87.9,427.4,666.282,1008031.448,4.0,24.5,43.5667
2025-09-13 13:35:35,combination_14,xgboost_model/performance_data/performance/performance_20250913_133229.json,24.06,2760.5899999999997,446.0,20764.47,1520.0,3.0,1.0,0.0,462.3,15.0,1076.109,0.0,6.015,690.1474999999999,111.5,5191.1175,380.0,0.75,0.25,0.0,115.575,3.75,269.02725,0.0,17.75,1268.39,269.0,10626.36,760.0,1.0,1.0,0.0,214.9,15.0,686.9250000000001,0.0,4.0,24.06,50.6667
2025-09-13 13:36:05,combination_15,xgboost_model/performance_data/performance/performance_20250913_133229.json,37.97,1609.31,575.0,13596.06,1312.0,2.0,1.0,1.0,492.8,118.9,1991.239,0.0,9.4925,402.3275,143.75,3399.015,328.0,0.5,0.25,0.25,123.2,29.725,497.80975,0.0,18.14,748.97,278.0,6835.69,656.0,1.0,1.0,1.0,214.9,103.9,776.3919999999999,0.0,4.0,37.96,43.7333
2025-09-13 13:36:37,combination_16,xgboost_model/performance_data/performance/performance_20250913_133229.json,30.36,1430.46,510.0,11043.91,1123.0,2.0,1.0,1.0,362.8,479.7,1616.904,1054799.295,7.59,357.615,127.5,2760.9775,280.75,0.5,0.25,0.25,90.7,119.925,404.226,263699.82375,17.11,1039.09,272.0,8774.06,610.0,1.0,1.0,1.0,214.9,464.7,684.114,1054799.295,4.0,30.36,37.4333
2025-09-13 13:37:08,combination_17,xgboost_model/performance_data/performance/performance_20250913_133229.json,31.390000000000004,1613.16,531.0,12019.91,940.0,2.0,1.0,1.0,319.40000000000003,442.4,1471.2909999999997,809713.5739999999,7.847500000000001,403.29,132.75,3004.9775,235.0,0.5,0.25,0.25,79.85000000000001,110.6,367.8227499999999,202428.39349999998,17.21,1242.42,276.0,10125.4,535.0,1.0,1.0,1.0,196.4,427.4,666.027,809713.5739999999,4.0,31.4,31.3333
2025-09-13 13:37:40,combination_18,xgboost_model/performance_data/performance/performance_20250913_133229.json,25.639999999999997,2805.49,423.0,20920.82,1030.0,3.0,0.0,1.0,477.2,76.2,1426.215,0.0,6.409999999999999,701.3725,105.75,5230.205,257.5,0.75,0.0,0.25,119.3,19.05,356.55375,0.0,19.5,1267.6,249.0,10541.42,515.0,1.0,0.0,1.0,214.9,76.2,1045.2,0.0,4.0,25.64,34.3333
2025-09-13 13:38:11,combination_19,xgboost_model/performance_data/performance/performance_20250913_133229.json,38.33,1576.8,562.0,13396.529999999999,926.0,2.0,1.0,1.0,507.5,97.9,2289.387,0.0,9.5825,394.2,140.5,3349.1324999999997,231.5,0.5,0.25,0.25,126.875,24.475,572.34675,0.0,19.21,733.77,269.0,6779.83,463.0,1.0,1.0,1.0,214.9,76.2,1029.6560000000002,0.0,4.0,38.34,30.8667
2025-09-13 13:38:44,combination_2,xgboost_model/performance_data/performance/performance_20250913_133229.json,23.720000000000002,2752.35,383.0,20594.22,752.0,3.0,1.0,0.0,466.20000000000005,21.7,1130.7830000000001,0.0,5.930000000000001,688.0875,95.75,5148.555,188.0,0.75,0.25,0.0,116.55000000000001,5.425,282.69575000000003,0.0,17.42,1245.04,199.0,10329.51,376.0,1.0,1.0,0.0,214.9,21.7,742.0920000000001,0.0,4.0,23.72,25.0667
2025-09-13 13:39:15,combination_20,xgboost_model/performance_data/performance/performance_20250913_133229.json,32.98,1452.1200000000001,491.0,11070.4,440.0,2.0,1.0,1.0,368.7,181.4,1944.281,223337.496,8.245,363.03000000000003,122.75,2767.6,110.0,0.5,0.25,0.25,92.175,45.35,486.07025,55834.374,19.33,1079.13,246.0,8947.42,272.0,1.0,1.0,1.0,214.9,105.2,1036.088,223337.496,4.0,32.98,14.6667
2025-09-13 13:39:47,combination_21,xgboost_model/performance_data/performance/performance_20250913_133229.json,34.129999999999995,1550.49,525.0,11324.0,328.0,2.0,1.0,1.0,323.1,177.60000000000002,1786.777,166213.866,8.532499999999999,387.6225,131.25,2831.0,82.0,0.5,0.25,0.25,80.775,44.400000000000006,446.69425,41553.4665,19.1,1200.03,258.0,9684.81,236.0,1.0,1.0,1.0,196.4,101.4,1023.7600000000001,166213.866,4.0,34.13,10.9333
2025-09-13 13:40:19,combination_3,xgboost_model/performance_data/performance/performance_20250913_133229.json,25.96,2646.2999999999997,390.0,20327.17,449.0,3.0,0.0,1.0,466.40000000000003,103.9,1234.9099999999999,0.0,6.49,661.5749999999999,97.5,5081.7925,112.25,0.75,0.0,0.25,116.60000000000001,25.975,308.72749999999996,0.0,19.43,1198.98,200.0,10531.03,225.0,1.0,0.0,1.0,214.9,103.9,831.6039999999999,0.0,4.0,25.97,14.9667
2025-09-13 13:40:51,combination_4,xgboost_model/performance_data/performance/performance_20250913_133229.json,15.530000000000001,2189.4700000000003,300.0,13675.66,448.0,3.0,1.0,0.0,327.40000000000003,105.2,884.1750000000001,251566.86400000003,3.8825000000000003,547.3675000000001,75.0,3418.915,112.0,0.75,0.25,0.0,81.85000000000001,26.3,221.04375000000002,62891.71600000001,7.4,1519.26,111.0,11284.34,274.0,1.0,1.0,0.0,214.9,105.2,650.46,251566.86400000003,4.0,15.53,14.9333
2025-09-13 13:41:23,combination_5,xgboost_model/performance_data/performance/performance_20250913_133229.json,33.519999999999996,1432.3400000000001,464.0,11296.81,264.0,2.0,1.0,1.0,357.90000000000003,209.10000000000002,1741.119,219586.064,8.379999999999999,358.08500000000004,116.0,2824.2025,66.0,0.5,0.25,0.25,89.47500000000001,52.275000000000006,435.27975,54896.516,19.75,1066.52,204.0,9209.49,184.0,1.0,1.0,1.0,214.9,105.2,845.3,219586.064,4.0,33.52,8.8
2025-09-13 13:41:55,combination_6,xgboost_model/performance_data/performance/performance_20250913_133229.json,15.16,2106.79,303.0,13191.52,239.0,3.0,0.0,1.0,336.40000000000003,464.7,932.6659999999999,924678.6479999999,3.79,526.6975,75.75,3297.88,59.75,0.75,0.0,0.25,84.10000000000001,116.175,233.16649999999998,231169.66199999998,7.12,1415.96,118.0,11201.68,176.0,1.0,0.0,1.0,214.9,464.7,689.928,924678.6479999999,4.0,15.16,7.9667
2025-09-13 13:42:27,combination_7,xgboost_model/performance_data/performance/performance_20250913_133229.json,31.330000000000002,1476.84,466.0,10996.619999999999,175.0,2.0,1.0,1.0,366.70000000000005,486.4,1684.467,900528.1889999999,7.8325000000000005,369.21,116.5,2749.1549999999997,43.75,0.5,0.25,0.25,91.67500000000001,121.6,421.11675,225132.04724999997,17.48,1109.11,203.0,9058.75,135.0,1.0,1.0,1.0,214.9,464.7,744.648,900528.1889999999,4.0,31.33,5.8333
2025-09-13 13:42:59,combination_8,xgboost_model/performance_data/performance/performance_20250913_133229.json,19.18,2121.3599999999997,330.0,13399.64,194.0,3.0,1.0,0.0,281.8,101.4,844.944,78644.826,4.795,530.3399999999999,82.5,3349.91,48.5,0.75,0.25,0.0,70.45,25.35,211.236,19661.2065,10.09,1547.04,132.0,12624.05,152.0,1.0,1.0,0.0,196.4,101.4,613.472,78644.826,4.0,19.18,6.4667
2025-09-13 13:43:31,combination_9,xgboost_model/performance_data/performance/performance_20250913_133229.json,33.28,1339.2499999999998,470.0,9027.099999999999,122.0,2.0,1.0,1.0,312.3,205.3,1553.687,43598.958000000006,8.32,334.81249999999994,117.5,2256.7749999999996,30.5,0.5,0.25,0.25,78.075,51.325,388.42175,10899.739500000001,16.1,1019.49,189.0,8597.13,112.0,1.0,1.0,1.0,196.4,103.9,689.08,43598.958000000006,4.0,33.28,4.0667
2025-09-13 13:44:06,combination_1,xgboost_model/performance_data/performance/performance_20250913_134335.json,9.12,3601.1200000000003,264.0,23746.510000000002,1520.0,4.0,0.0,0.0,435.90000000000003,0.0,363.716,0.0,2.28,900.2800000000001,66.0,5936.6275000000005,380.0,1.0,0.0,0.0,108.97500000000001,0.0,90.929,0.0,4.05,1566.64,118.0,12197.57,760.0,1.0,0.0,0.0,214.9,0.0,141.834,0.0,4.0,9.11,50.6667
2025-09-13 13:44:36,combination_10,xgboost_model/performance_data/performance/performance_20250913_134335.json,25.470000000000002,686.33,410.0,4052.26,1262.0,2.0,1.0,1.0,182.3,566.1,1336.9930000000004,1282048.968,6.367500000000001,171.5825,102.5,1013.065,315.5,0.5,0.25,0.25,45.575,141.525,334.2482500000001,320512.242,9.56,215.51,133.0,2397.88,658.0,1.0,1.0,1.0,96.9,464.7,641.4780000000001,1114294.8360000001,4.0,25.47,42.0667
2025-09-13 13:45:07,combination_11,xgboost_model/performance_data/performance/performance_20250913_134335.json,17.82,2116.2,324.0,13702.43,1360.0,3.0,0.0,1.0,293.0,427.4,884.559,786035.614,4.455,529.05,81.0,3425.6075,340.0,0.75,0.0,0.25,73.25,106.85,221.13975,196508.9035,9.11,1509.31,115.0,11863.32,748.0,1.0,0.0,1.0,196.4,427.4,655.92,786035.614,4.0,17.82,45.3333
2025-09-13 13:45:38,combination_12,xgboost_model/performance_data/performance/performance_20250913_134335.json,34.72,1460.7900000000002,532.0,11138.59,1374.0,2.0,1.0,1.0,323.3,449.09999999999997,1703.691,761225.0439999999,8.68,365.19750000000005,133.0,2784.6475,343.5,0.5,0.25,0.25,80.825,112.27499999999999,425.92275,190306.26099999997,19.74,1111.69,271.0,9357.53,754.0,1.0,1.0,1.0,196.4,427.4,840.924,761225.0439999999,4.0,34.73,45.8
2025-09-13 13:46:09,combination_13,xgboost_model/performance_data/performance/performance_20250913_134335.json,24.6,716.66,399.0,3684.44,1185.0,2.0,1.0,1.0,184.5,532.6,1381.842,1010979.538,6.15,179.165,99.75,921.11,296.25,0.5,0.25,0.25,46.125,133.15,345.4605,252744.8845,8.34,233.39,123.0,1934.75,601.0,1.0,1.0,1.0,87.9,427.4,675.951,826912.1499999999,4.0,24.6,39.5
2025-09-13 13:46:41,combination_14,xgboost_model/performance_data/performance/performance_20250913_134335.json,24.05,2684.16,452.0,20310.489999999998,1468.0,3.0,1.0,0.0,462.3,15.0,1082.4450000000002,0.0,6.0125,671.04,113.0,5077.6224999999995,367.0,0.75,0.25,0.0,115.575,3.75,270.61125000000004,0.0,17.66,1250.54,271.0,10294.02,735.0,1.0,1.0,0.0,214.9,15.0,683.442,0.0,4.0,24.04,48.9333
2025-09-13 13:47:12,combination_15,xgboost_model/performance_data/performance/performance_20250913_134335.json,38.11,1627.1999999999998,626.0,13807.77,1356.0,2.0,1.0,1.0,492.8,118.9,1990.0610000000001,0.0,9.5275,406.79999999999995,156.5,3451.9425,339.0,0.5,0.25,0.25,123.2,29.725,497.51525000000004,0.0,18.16,758.89,278.0,6938.98,678.0,1.0,1.0,1.0,214.9,103.9,777.2479999999999,0.0,4.0,38.1,45.2
2025-09-13 13:47:42,combination_16,xgboost_model/performance_data/performance/performance_20250913_134335.json,30.36,1467.18,493.0,11184.369999999999,1087.0,2.0,1.0,1.0,362.8,479.7,1604.7420000000002,1021020.2519999999,7.59,366.795,123.25,2796.0924999999997,271.75,0.5,0.25,0.25,90.7,119.925,401.18550000000005,255255.06299999997,17.2,1075.59,253.0,8987.21,594.0,1.0,1.0,1.0,214.9,464.7,674.4240000000001,1021020.2519999999,4.0,30.36,36.2333
2025-09-13 13:48:13,combination_17,xgboost_model/performance_data/performance/performance_20250913_134335.json,32.08,1509.32,519.0,11364.84,860.0,2.0,1.0,1.0,319.40000000000003,442.4,1516.555,726609.918,8.02,377.33,129.75,2841.21,215.0,0.5,0.25,0.25,79.85000000000001,110.6,379.13875,181652.4795,16.76,1160.5,251.0,9664.77,500.0,1.0,1.0,1.0,196.4,427.4,648.6120000000001,726609.918,4.0,32.08,28.6667
2025-09-13 13:48:46,combination_18,xgboost_model/performance_data/performance/performance_20250913_134335.json,25.5,2809.61,450.0,21303.27,959.0,3.0,0.0,1.0,477.2,76.2,1408.7950000000003,0.0,6.375,702.4025,112.5,5325.8175,239.75,0.75,0.0,0.25,119.3,19.05,352.1987500000001,0.0,19.16,1305.52,264.0,10960.65,480.0,1.0,0.0,1.0,214.9,76.2,1026.976,0.0,4.0,25.5,31.9667
2025-09-13 13:49:16,combination_19,xgboost_model/performance_data/performance/performance_20250913_134335.json,37.870000000000005,1629.3899999999999,613.0,13823.25,741.0,2.0,1.0,1.0,507.5,97.9,2252.2039999999997,0.0,9.467500000000001,407.34749999999997,153.25,3455.8125,185.25,0.5,0.25,0.25,126.875,24.475,563.0509999999999,0.0,18.92,766.8,271.0,6985.49,371.0,1.0,1.0,1.0,214.9,76.2,1014.1120000000001,0.0,4.0,37.87,24.7
2025-09-13 13:49:49,combination_2,xgboost_model/performance_data/performance/performance_20250913_134335.json,23.86,2853.76,434.0,21655.86,700.0,3.0,1.0,0.0,466.20000000000005,21.7,1124.489,0.0,5.965,713.44,108.5,5413.965,175.0,0.75,0.25,0.0,116.55000000000001,5.425,281.12225,0.0,17.52,1334.98,249.0,11219.38,351.0,1.0,1.0,0.0,214.9,21.7,746.352,0.0,4.0,23.86,23.3333
2025-09-13 13:50:21,combination_20,xgboost_model/performance_data/performance/performance_20250913_134335.json,33.17,1406.79,514.0,10950.76,495.0,2.0,1.0,1.0,368.7,181.4,1939.8370000000002,219131.6,8.2925,351.6975,128.5,2737.69,123.75,0.5,0.25,0.25,92.175,45.35,484.95925000000005,54782.9,19.22,1043.41,246.0,8867.76,302.0,1.0,1.0,1.0,214.9,105.2,1030.192,219131.6,4.0,33.17,16.5
2025-09-13 13:50:52,combination_21,xgboost_model/performance_data/performance/performance_20250913_134335.json,32.96000000000001,1565.32,501.0,11614.9,396.0,2.0,1.0,1.0,323.1,177.60000000000002,1758.65,168341.238,8.240000000000002,391.33,125.25,2903.725,99.0,0.5,0.25,0.25,80.775,44.400000000000006,439.6625,42085.3095,18.69,1183.14,255.0,9954.73,271.0,1.0,1.0,1.0,196.4,101.4,1001.7840000000001,168341.238,4.0,32.96,13.2
2025-09-13 13:51:25,combination_3,xgboost_model/performance_data/performance/performance_20250913_134335.json,26.200000000000003,2788.2200000000003,410.0,20708.35,517.0,3.0,0.0,1.0,466.40000000000003,103.9,1231.283,0.0,6.550000000000001,697.0550000000001,102.5,5177.0875,129.25,0.75,0.0,0.25,116.60000000000001,25.975,307.82075,0.0,19.8,1295.38,223.0,10445.82,259.0,1.0,0.0,1.0,214.9,103.9,847.4399999999999,0.0,4.0,26.19,17.2333
2025-09-13 13:51:57,combination_4,xgboost_model/performance_data/performance/performance_20250913_134335.json,15.649999999999999,2177.46,305.0,14153.01,366.0,3.0,1.0,0.0,327.40000000000003,105.2,871.287,257357.07200000001,3.9124999999999996,544.365,76.25,3538.2525,91.5,0.75,0.25,0.0,81.85000000000001,26.3,217.82175,64339.268000000004,7.21,1524.91,117.0,11706.65,231.0,1.0,1.0,0.0,214.9,105.2,633.759,257357.07200000001,4.0,15.65,12.2
2025-09-13 13:52:29,combination_5,xgboost_model/performance_data/performance/performance_20250913_134335.json,32.35,1435.5399999999997,501.0,9660.52,151.0,2.0,1.0,1.0,357.90000000000003,209.10000000000002,1732.43,53269.072,8.0875,358.88499999999993,125.25,2415.13,37.75,0.5,0.25,0.25,89.47500000000001,52.275000000000006,433.1075,13317.268,18.07,1070.62,239.0,9154.16,136.0,1.0,1.0,1.0,214.9,105.2,773.396,53269.072,4.0,32.36,5.0333
2025-09-13 13:53:01,combination_6,xgboost_model/performance_data/performance/performance_20250913_134335.json,15.979999999999999,2179.88,317.0,14181.05,282.0,3.0,0.0,1.0,336.40000000000003,464.7,928.5699999999999,1138203.6509999998,3.9949999999999997,544.97,79.25,3545.2625,70.5,0.75,0.0,0.25,84.10000000000001,116.175,232.14249999999998,284550.91274999996,7.12,1553.02,121.0,11731.72,189.0,1.0,0.0,1.0,214.9,464.7,689.928,1138203.6509999998,4.0,15.99,9.4
2025-09-13 13:53:33,combination_7,xgboost_model/performance_data/performance/performance_20250913_134335.json,30.83,1452.3500000000001,490.0,9580.029999999999,151.0,2.0,1.0,1.0,366.70000000000005,486.4,1682.569,342153.963,7.7075,363.08750000000003,122.5,2395.0074999999997,37.75,0.5,0.25,0.25,91.67500000000001,121.6,420.64225,85538.49075,17.66,1064.13,238.0,8843.74,129.0,1.0,1.0,1.0,214.9,464.7,752.316,342153.963,4.0,30.83,5.0333
2025-09-13 13:54:05,combination_8,xgboost_model/performance_data/performance/performance_20250913_134335.json,17.77,2308.83,312.0,12128.67,135.0,3.0,1.0,0.0,281.8,101.4,786.97,38218.674000000006,4.4425,577.2075,78.0,3032.1675,33.75,0.75,0.25,0.0,70.45,25.35,196.7425,9554.668500000002,9.48,1681.99,121.0,11751.76,127.0,1.0,1.0,0.0,196.4,101.4,576.384,38218.674000000006,4.0,17.78,4.5
2025-09-13 13:54:37,combination_9,xgboost_model/performance_data/performance/performance_20250913_134335.json,32.29,1447.85,496.0,9674.47,115.0,2.0,1.0,1.0,312.3,205.3,1514.9019999999998,42178.344,8.0725,361.9625,124.0,2418.6175,28.75,0.5,0.25,0.25,78.075,51.325,378.72549999999995,10544.586,15.79,1112.0,235.0,9258.51,106.0,1.0,1.0,1.0,196.4,103.9,675.8119999999999,42178.344,4.0,32.3,3.8333
