run_id,k,block,block_kind,order,cell_index,placement,gpu_skip_pct,npu_skip_pct,worst_sap,mean_sap,median_sap,p10_sap,sap_small,sap_medium,sap_large,deadline_margin_ms_mean,per_stream_json,t_start,t_end,period_ms,fps,detector,dataset,timestamp
m1_k3_1787895620,3,-1,warmup,GPU_FIRST,0,GGGG,52.31,0.0,0.07896,0.11866,0.10154,0.08414,0.00656,0.1303,0.36837,3.139,"[{""stream_id"": 0, ""sid"": 2, ""device"": ""GPU"", ""sap"": 0.09624, ""sap_s"": 0.01352, ""sap_m"": 0.11459, ""sap_l"": 0.43485, ""skip"": 53.95, ""eff_mean_ms"": 35.809, ""infer_mean_ms"": 35.809}, {""stream_id"": 1, ""sid"": 22, ""device"": ""GPU"", ""sap"": 0.19259, ""sap_s"": 0.0016, ""sap_m"": 0.19055, ""sap_l"": 0.59018, ""skip"": 51.23, ""eff_mean_ms"": 37.691, ""infer_mean_ms"": 37.691}, {""stream_id"": 2, ""sid"": 3, ""device"": ""GPU"", ""sap"": 0.10683, ""sap_s"": 0.0021, ""sap_m"": 0.19906, ""sap_l"": 0.24152, ""skip"": 55.23, ""eff_mean_ms"": 37.133, ""infer_mean_ms"": 37.133}, {""stream_id"": 3, ""sid"": 21, ""device"": ""GPU"", ""sap"": 0.07896, ""sap_s"": 0.009, ""sap_m"": 0.017, ""sap_l"": 0.20694, ""skip"": 48.83, ""eff_mean_ms"": 35.258, ""infer_mean_ms"": 35.258}]",1787895620.294,1787895637.544,33.333,30.0,yolo11s,argoverse-hd-val,1787895637
m1_k3_1787895620,3,-1,warmup,GPU_FIRST,1,NNNN,0.0,0.56,0.08336,0.12621,0.11505,0.09105,0.00349,0.13046,0.43272,-15.423,"[{""stream_id"": 0, ""sid"": 2, ""device"": ""NPU"", ""sap"": 0.10898, ""sap_s"": 0.01134, ""sap_m"": 0.14252, ""sap_l"": 0.56585, ""skip"": 0.23, ""eff_mean_ms"": 18.117, ""infer_mean_ms"": 18.117}, {""stream_id"": 1, ""sid"": 22, ""device"": ""NPU"", ""sap"": 0.19137, ""sap_s"": 0.0009, ""sap_m"": 0.17332, ""sap_l"": 0.61384, ""skip"": 1.12, ""eff_mean_ms"": 18.212, ""infer_mean_ms"": 18.212}, {""stream_id"": 2, ""sid"": 3, ""device"": ""NPU"", ""sap"": 0.12112, ""sap_s"": 0.00049, ""sap_m"": 0.18159, ""sap_l"": 0.33853, ""skip"": 0.22, ""eff_mean_ms"": 17.702, ""infer_mean_ms"": 17.702}, {""stream_id"": 3, ""sid"": 21, ""device"": ""NPU"", ""sap"": 0.08336, ""sap_s"": 0.00125, ""sap_m"": 0.02441, ""sap_l"": 0.21268, ""skip"": 0.68, ""eff_mean_ms"": 17.612, ""infer_mean_ms"": 17.611}]",1787895637.544,1787895647.98,33.333,30.0,yolo11s,argoverse-hd-val,1787895647
m1_k3_1787895620,3,0,measure,GPU_FIRST,0,GGGG,57.71,0.0,0.07864,0.11881,0.09954,0.08357,0.00622,0.12952,0.36614,4.228,"[{""stream_id"": 0, ""sid"": 2, ""device"": ""GPU"", ""sap"": 0.09506, ""sap_s"": 0.01291, ""sap_m"": 0.10983, ""sap_l"": 0.4316, ""skip"": 57.91, ""eff_mean_ms"": 37.404, ""infer_mean_ms"": 37.404}, {""stream_id"": 1, ""sid"": 22, ""device"": ""GPU"", ""sap"": 0.19754, ""sap_s"": 0.00111, ""sap_m"": 0.18916, ""sap_l"": 0.60209, ""skip"": 56.6, ""eff_mean_ms"": 37.722, ""infer_mean_ms"": 37.722}, {""stream_id"": 2, ""sid"": 3, ""device"": ""GPU"", ""sap"": 0.10401, ""sap_s"": 0.00247, ""sap_m"": 0.20156, ""sap_l"": 0.22672, ""skip"": 57.22, ""eff_mean_ms"": 37.175, ""infer_mean_ms"": 37.174}, {""stream_id"": 3, ""sid"": 21, ""device"": ""GPU"", ""sap"": 0.07864, ""sap_s"": 0.00838, ""sap_m"": 0.01755, ""sap_l"": 0.20414, ""skip"": 59.13, ""eff_mean_ms"": 37.943, ""infer_mean_ms"": 37.943}]",1787895647.98,1787895665.216,33.333,30.0,yolo11s,argoverse-hd-val,1787895665
m1_k3_1787895620,3,0,measure,GPU_FIRST,1,NNNN,0.0,0.4,0.0835,0.1263,0.11522,0.09113,0.00355,0.13035,0.43289,-16.401,"[{""stream_id"": 0, ""sid"": 2, ""device"": ""NPU"", ""sap"": 0.10893, ""sap_s"": 0.01132, ""sap_m"": 0.14222, ""sap_l"": 0.56575, ""skip"": 0.46, ""eff_mean_ms"": 17.107, ""infer_mean_ms"": 17.107}, {""stream_id"": 1, ""sid"": 22, ""device"": ""NPU"", ""sap"": 0.19125, ""sap_s"": 0.001, ""sap_m"": 0.17336, ""sap_l"": 0.61441, ""skip"": 0.45, ""eff_mean_ms"": 17.211, ""infer_mean_ms"": 17.211}, {""stream_id"": 2, ""sid"": 3, ""device"": ""NPU"", ""sap"": 0.12152, ""sap_s"": 0.00049, ""sap_m"": 0.18135, ""sap_l"": 0.33898, ""skip"": 0.22, ""eff_mean_ms"": 16.779, ""infer_mean_ms"": 16.779}, {""stream_id"": 3, ""sid"": 21, ""device"": ""NPU"", ""sap"": 0.0835, ""sap_s"": 0.0014, ""sap_m"": 0.02447, ""sap_l"": 0.21242, ""skip"": 0.46, ""eff_mean_ms"": 16.633, ""infer_mean_ms"": 16.633}]",1787895665.216,1787895675.254,33.333,30.0,yolo11s,argoverse-hd-val,1787895675
m1_k3_1787895620,3,1,measure,GPU_FIRST,0,GGGG,53.48,0.0,0.07733,0.12062,0.10329,0.08271,0.00632,0.12954,0.36349,3.016,"[{""stream_id"": 0, ""sid"": 2, ""device"": ""GPU"", ""sap"": 0.09525, ""sap_s"": 0.01362, ""sap_m"": 0.10937, ""sap_l"": 0.4427, ""skip"": 54.74, ""eff_mean_ms"": 37.27, ""infer_mean_ms"": 37.269}, {""stream_id"": 1, ""sid"": 22, ""device"": ""GPU"", ""sap"": 0.19856, ""sap_s"": 0.00135, ""sap_m"": 0.19059, ""sap_l"": 0.60842, ""skip"": 51.29, ""eff_mean_ms"": 35.581, ""infer_mean_ms"": 35.58}, {""stream_id"": 2, ""sid"": 3, ""device"": ""GPU"", ""sap"": 0.11133, ""sap_s"": 0.00192, ""sap_m"": 0.20188, ""sap_l"": 0.20107, ""skip"": 54.31, ""eff_mean_ms"": 36.156, ""infer_mean_ms"": 36.155}, {""stream_id"": 3, ""sid"": 21, ""device"": ""GPU"", ""sap"": 0.07733, ""sap_s"": 0.00839, ""sap_m"": 0.01631, ""sap_l"": 0.20175, ""skip"": 53.56, ""eff_mean_ms"": 36.392, ""infer_mean_ms"": 36.391}]",1787895675.254,1787895692.424,33.333,30.0,yolo11s,argoverse-hd-val,1787895692
m1_k3_1787895620,3,1,measure,GPU_FIRST,1,NNNN,0.0,0.17,0.08361,0.12634,0.11525,0.09122,0.00356,0.13046,0.43293,-16.043,"[{""stream_id"": 0, ""sid"": 2, ""device"": ""NPU"", ""sap"": 0.10897, ""sap_s"": 0.01134, ""sap_m"": 0.14247, ""sap_l"": 0.56587, ""skip"": 0.23, ""eff_mean_ms"": 17.467, ""infer_mean_ms"": 17.467}, {""stream_id"": 1, ""sid"": 22, ""device"": ""NPU"", ""sap"": 0.19124, ""sap_s"": 0.00101, ""sap_m"": 0.17333, ""sap_l"": 0.61395, ""skip"": 0.0, ""eff_mean_ms"": 17.442, ""infer_mean_ms"": 17.442}, {""stream_id"": 2, ""sid"": 3, ""device"": ""NPU"", ""sap"": 0.12154, ""sap_s"": 0.00049, ""sap_m"": 0.18159, ""sap_l"": 0.33908, ""skip"": 0.22, ""eff_mean_ms"": 17.099, ""infer_mean_ms"": 17.099}, {""stream_id"": 3, ""sid"": 21, ""device"": ""NPU"", ""sap"": 0.08361, ""sap_s"": 0.0014, ""sap_m"": 0.02445, ""sap_l"": 0.2128, ""skip"": 0.23, ""eff_mean_ms"": 17.153, ""infer_mean_ms"": 17.153}]",1787895692.424,1787895702.52,33.333,30.0,yolo11s,argoverse-hd-val,1787895702
m1_k3_1787895620,3,2,measure,NPU_FIRST,0,NNNN,0.0,0.56,0.0836,0.126,0.11472,0.09139,0.00359,0.13048,0.43193,-15.864,"[{""stream_id"": 0, ""sid"": 2, ""device"": ""NPU"", ""sap"": 0.10956, ""sap_s"": 0.01145, ""sap_m"": 0.14306, ""sap_l"": 0.56411, ""skip"": 1.14, ""eff_mean_ms"": 17.673, ""infer_mean_ms"": 17.673}, {""stream_id"": 1, ""sid"": 22, ""device"": ""NPU"", ""sap"": 0.19096, ""sap_s"": 0.00102, ""sap_m"": 0.17329, ""sap_l"": 0.61391, ""skip"": 0.45, ""eff_mean_ms"": 17.626, ""infer_mean_ms"": 17.625}, {""stream_id"": 2, ""sid"": 3, ""device"": ""NPU"", ""sap"": 0.11989, ""sap_s"": 0.00047, ""sap_m"": 0.18111, ""sap_l"": 0.33699, ""skip"": 0.67, ""eff_mean_ms"": 17.294, ""infer_mean_ms"": 17.294}, {""stream_id"": 3, ""sid"": 21, ""device"": ""NPU"", ""sap"": 0.0836, ""sap_s"": 0.0014, ""sap_m"": 0.02445, ""sap_l"": 0.21271, ""skip"": 0.0, ""eff_mean_ms"": 17.285, ""infer_mean_ms"": 17.285}]",1787895702.52,1787895712.688,33.333,30.0,yolo11s,argoverse-hd-val,1787895712
m1_k3_1787895620,3,2,measure,NPU_FIRST,1,GGGG,55.18,0.0,0.07897,0.11849,0.09877,0.08361,0.00623,0.12742,0.36292,3.369,"[{""stream_id"": 0, ""sid"": 2, ""device"": ""GPU"", ""sap"": 0.09443, ""sap_s"": 0.01324, ""sap_m"": 0.10926, ""sap_l"": 0.43166, ""skip"": 53.17, ""eff_mean_ms"": 36.794, ""infer_mean_ms"": 36.794}, {""stream_id"": 1, ""sid"": 22, ""device"": ""GPU"", ""sap"": 0.19747, ""sap_s"": 0.00146, ""sap_m"": 0.19118, ""sap_l"": 0.60391, ""skip"": 55.79, ""eff_mean_ms"": 36.367, ""infer_mean_ms"": 36.367}, {""stream_id"": 2, ""sid"": 3, ""device"": ""GPU"", ""sap"": 0.10311, ""sap_s"": 0.00175, ""sap_m"": 0.19169, ""sap_l"": 0.2084, ""skip"": 54.64, ""eff_mean_ms"": 36.952, ""infer_mean_ms"": 36.952}, {""stream_id"": 3, ""sid"": 21, ""device"": ""GPU"", ""sap"": 0.07897, ""sap_s"": 0.00846, ""sap_m"": 0.01754, ""sap_l"": 0.20771, ""skip"": 57.11, ""eff_mean_ms"": 36.695, ""infer_mean_ms"": 36.695}]",1787895712.688,1787895729.891,33.333,30.0,yolo11s,argoverse-hd-val,1787895729
m1_k3_1787895620,3,3,measure,GPU_FIRST,0,GGGG,54.23,0.0,0.07959,0.11931,0.10072,0.0841,0.00619,0.12933,0.3639,3.371,"[{""stream_id"": 0, ""sid"": 2, ""device"": ""GPU"", ""sap"": 0.09461, ""sap_s"": 0.01314, ""sap_m"": 0.11029, ""sap_l"": 0.41645, ""skip"": 55.26, ""eff_mean_ms"": 36.766, ""infer_mean_ms"": 36.765}, {""stream_id"": 1, ""sid"": 22, ""device"": ""GPU"", ""sap"": 0.1962, ""sap_s"": 0.00103, ""sap_m"": 0.19039, ""sap_l"": 0.59996, ""skip"": 53.52, ""eff_mean_ms"": 36.071, ""infer_mean_ms"": 36.071}, {""stream_id"": 2, ""sid"": 3, ""device"": ""GPU"", ""sap"": 0.10683, ""sap_s"": 0.00197, ""sap_m"": 0.19856, ""sap_l"": 0.23415, ""skip"": 54.38, ""eff_mean_ms"": 36.484, ""infer_mean_ms"": 36.484}, {""stream_id"": 3, ""sid"": 21, ""device"": ""GPU"", ""sap"": 0.07959, ""sap_s"": 0.00862, ""sap_m"": 0.01809, ""sap_l"": 0.20503, ""skip"": 53.74, ""eff_mean_ms"": 37.497, ""infer_mean_ms"": 37.497}]",1787895729.891,1787895747.168,33.333,30.0,yolo11s,argoverse-hd-val,1787895747
m1_k3_1787895620,3,3,measure,GPU_FIRST,1,NNNN,0.0,0.45,0.0835,0.12623,0.11509,0.09114,0.00356,0.13038,0.43244,-15.982,"[{""stream_id"": 0, ""sid"": 2, ""device"": ""NPU"", ""sap"": 0.10896, ""sap_s"": 0.01135, ""sap_m"": 0.14217, ""sap_l"": 0.56483, ""skip"": 0.46, ""eff_mean_ms"": 17.457, ""infer_mean_ms"": 17.457}, {""stream_id"": 1, ""sid"": 22, ""device"": ""NPU"", ""sap"": 0.19125, ""sap_s"": 0.00101, ""sap_m"": 0.17334, ""sap_l"": 0.61398, ""skip"": 0.22, ""eff_mean_ms"": 17.582, ""infer_mean_ms"": 17.581}, {""stream_id"": 2, ""sid"": 3, ""device"": ""NPU"", ""sap"": 0.12122, ""sap_s"": 0.00049, ""sap_m"": 0.1816, ""sap_l"": 0.3382, ""skip"": 0.9, ""eff_mean_ms"": 17.119, ""infer_mean_ms"": 17.119}, {""stream_id"": 3, ""sid"": 21, ""device"": ""NPU"", ""sap"": 0.0835, ""sap_s"": 0.0014, ""sap_m"": 0.02442, ""sap_l"": 0.21276, ""skip"": 0.23, ""eff_mean_ms"": 17.248, ""infer_mean_ms"": 17.248}]",1787895747.168,1787895757.348,33.333,30.0,yolo11s,argoverse-hd-val,1787895757
m1_k3_1787895620,3,4,measure,NPU_FIRST,0,NNNN,0.0,0.34,0.08343,0.1261,0.11497,0.09103,0.00355,0.13021,0.43251,-16.072,"[{""stream_id"": 0, ""sid"": 2, ""device"": ""NPU"", ""sap"": 0.10875, ""sap_s"": 0.01131, ""sap_m"": 0.14162, ""sap_l"": 0.5652, ""skip"": 0.68, ""eff_mean_ms"": 17.477, ""infer_mean_ms"": 17.476}, {""stream_id"": 1, ""sid"": 22, ""device"": ""NPU"", ""sap"": 0.19104, ""sap_s"": 0.00101, ""sap_m"": 0.17335, ""sap_l"": 0.61317, ""skip"": 0.22, ""eff_mean_ms"": 17.371, ""infer_mean_ms"": 17.371}, {""stream_id"": 2, ""sid"": 3, ""device"": ""NPU"", ""sap"": 0.12119, ""sap_s"": 0.00049, ""sap_m"": 0.18142, ""sap_l"": 0.33898, ""skip"": 0.22, ""eff_mean_ms"": 17.264, ""infer_mean_ms"": 17.264}, {""stream_id"": 3, ""sid"": 21, ""device"": ""NPU"", ""sap"": 0.08343, ""sap_s"": 0.0014, ""sap_m"": 0.02445, ""sap_l"": 0.21268, ""skip"": 0.23, ""eff_mean_ms"": 16.932, ""infer_mean_ms"": 16.932}]",1787895757.348,1787895767.39,33.333,30.0,yolo11s,argoverse-hd-val,1787895767
m1_k3_1787895620,3,4,measure,NPU_FIRST,1,GGGG,52.44,0.0,0.08124,0.11938,0.09967,0.08544,0.00617,0.13007,0.36797,3.014,"[{""stream_id"": 0, ""sid"": 2, ""device"": ""GPU"", ""sap"": 0.09525, ""sap_s"": 0.01361, ""sap_m"": 0.11027, ""sap_l"": 0.43282, ""skip"": 52.8, ""eff_mean_ms"": 36.803, ""infer_mean_ms"": 36.802}, {""stream_id"": 1, ""sid"": 22, ""device"": ""GPU"", ""sap"": 0.19694, ""sap_s"": 0.00112, ""sap_m"": 0.19009, ""sap_l"": 0.60144, ""skip"": 54.21, ""eff_mean_ms"": 36.167, ""infer_mean_ms"": 36.167}, {""stream_id"": 2, ""sid"": 3, ""device"": ""GPU"", ""sap"": 0.1041, ""sap_s"": 0.00203, ""sap_m"": 0.20108, ""sap_l"": 0.22835, ""skip"": 48.58, ""eff_mean_ms"": 35.244, ""infer_mean_ms"": 35.244}, {""stream_id"": 3, ""sid"": 21, ""device"": ""GPU"", ""sap"": 0.08124, ""sap_s"": 0.0079, ""sap_m"": 0.01886, ""sap_l"": 0.20926, ""skip"": 54.18, ""eff_mean_ms"": 37.177, ""infer_mean_ms"": 37.177}]",1787895767.39,1787895784.556,33.333,30.0,yolo11s,argoverse-hd-val,1787895784
m1_k3_1787895620,3,5,measure,NPU_FIRST,0,NNNN,0.0,0.57,0.08334,0.1262,0.11516,0.09098,0.00355,0.13034,0.43201,-15.511,"[{""stream_id"": 0, ""sid"": 2, ""device"": ""NPU"", ""sap"": 0.10879, ""sap_s"": 0.01135, ""sap_m"": 0.14194, ""sap_l"": 0.56307, ""skip"": 0.91, ""eff_mean_ms"": 17.674, ""infer_mean_ms"": 17.674}, {""stream_id"": 1, ""sid"": 22, ""device"": ""NPU"", ""sap"": 0.19113, ""sap_s"": 0.001, ""sap_m"": 0.17334, ""sap_l"": 0.61375, ""skip"": 0.45, ""eff_mean_ms"": 18.855, ""infer_mean_ms"": 18.854}, {""stream_id"": 2, ""sid"": 3, ""device"": ""NPU"", ""sap"": 0.12154, ""sap_s"": 0.00045, ""sap_m"": 0.18161, ""sap_l"": 0.33907, ""skip"": 0.45, ""eff_mean_ms"": 17.466, ""infer_mean_ms"": 17.466}, {""stream_id"": 3, ""sid"": 21, ""device"": ""NPU"", ""sap"": 0.08334, ""sap_s"": 0.0014, ""sap_m"": 0.02448, ""sap_l"": 0.21215, ""skip"": 0.46, ""eff_mean_ms"": 17.293, ""infer_mean_ms"": 17.292}]",1787895784.557,1787895795.208,33.333,30.0,yolo11s,argoverse-hd-val,1787895795
m1_k3_1787895620,3,5,measure,NPU_FIRST,1,GGGG,52.62,0.0,0.07711,0.11926,0.1002,0.08243,0.00655,0.1281,0.36645,3.272,"[{""stream_id"": 0, ""sid"": 2, ""device"": ""GPU"", ""sap"": 0.09484, ""sap_s"": 0.01375, ""sap_m"": 0.10997, ""sap_l"": 0.43159, ""skip"": 52.48, ""eff_mean_ms"": 36.332, ""infer_mean_ms"": 36.332}, {""stream_id"": 1, ""sid"": 22, ""device"": ""GPU"", ""sap"": 0.19954, ""sap_s"": 0.00176, ""sap_m"": 0.19105, ""sap_l"": 0.60869, ""skip"": 50.0, ""eff_mean_ms"": 36.313, ""infer_mean_ms"": 36.313}, {""stream_id"": 2, ""sid"": 3, ""device"": ""GPU"", ""sap"": 0.10557, ""sap_s"": 0.00218, ""sap_m"": 0.19511, ""sap_l"": 0.22302, ""skip"": 52.88, ""eff_mean_ms"": 36.497, ""infer_mean_ms"": 36.497}, {""stream_id"": 3, ""sid"": 21, ""device"": ""GPU"", ""sap"": 0.07711, ""sap_s"": 0.00852, ""sap_m"": 0.01627, ""sap_l"": 0.20251, ""skip"": 55.14, ""eff_mean_ms"": 37.281, ""infer_mean_ms"": 37.28}]",1787895795.208,1787895812.521,33.333,30.0,yolo11s,argoverse-hd-val,1787895812
m1_k3_1787895620,3,6,measure,NPU_FIRST,0,NNNN,0.0,0.34,0.08346,0.12625,0.11514,0.09112,0.00354,0.13047,0.43283,-16.198,"[{""stream_id"": 0, ""sid"": 2, ""device"": ""NPU"", ""sap"": 0.109, ""sap_s"": 0.01134, ""sap_m"": 0.14256, ""sap_l"": 0.56587, ""skip"": 0.0, ""eff_mean_ms"": 17.31, ""infer_mean_ms"": 17.309}, {""stream_id"": 1, ""sid"": 22, ""device"": ""NPU"", ""sap"": 0.19124, ""sap_s"": 0.00101, ""sap_m"": 0.17333, ""sap_l"": 0.61395, ""skip"": 0.0, ""eff_mean_ms"": 17.366, ""infer_mean_ms"": 17.366}, {""stream_id"": 2, ""sid"": 3, ""device"": ""NPU"", ""sap"": 0.12129, ""sap_s"": 0.00043, ""sap_m"": 0.18158, ""sap_l"": 0.33875, ""skip"": 0.67, ""eff_mean_ms"": 17.049, ""infer_mean_ms"": 17.049}, {""stream_id"": 3, ""sid"": 21, ""device"": ""NPU"", ""sap"": 0.08346, ""sap_s"": 0.00139, ""sap_m"": 0.02443, ""sap_l"": 0.21276, ""skip"": 0.68, ""eff_mean_ms"": 16.818, ""infer_mean_ms"": 16.817}]",1787895812.521,1787895822.585,33.333,30.0,yolo11s,argoverse-hd-val,1787895822
m1_k3_1787895620,3,6,measure,NPU_FIRST,1,GGGG,52.23,0.0,0.0769,0.11828,0.10005,0.08228,0.00647,0.12951,0.35834,3.067,"[{""stream_id"": 0, ""sid"": 2, ""device"": ""GPU"", ""sap"": 0.09482, ""sap_s"": 0.01384, ""sap_m"": 0.11091, ""sap_l"": 0.41761, ""skip"": 55.65, ""eff_mean_ms"": 36.779, ""infer_mean_ms"": 36.779}, {""stream_id"": 1, ""sid"": 22, ""device"": ""GPU"", ""sap"": 0.19613, ""sap_s"": 0.0012, ""sap_m"": 0.19108, ""sap_l"": 0.60112, ""skip"": 51.57, ""eff_mean_ms"": 36.611, ""infer_mean_ms"": 36.61}, {""stream_id"": 2, ""sid"": 3, ""device"": ""GPU"", ""sap"": 0.10528, ""sap_s"": 0.00242, ""sap_m"": 0.2006, ""sap_l"": 0.21068, ""skip"": 50.52, ""eff_mean_ms"": 36.281, ""infer_mean_ms"": 36.28}, {""stream_id"": 3, ""sid"": 21, ""device"": ""GPU"", ""sap"": 0.0769, ""sap_s"": 0.00843, ""sap_m"": 0.01545, ""sap_l"": 0.20394, ""skip"": 51.18, ""eff_mean_ms"": 35.932, ""infer_mean_ms"": 35.931}]",1787895822.585,1787895839.793,33.333,30.0,yolo11s,argoverse-hd-val,1787895839
m1_k3_1787895620,3,7,measure,GPU_FIRST,0,GGGG,53.4,0.0,0.08154,0.12106,0.10203,0.08531,0.0064,0.13167,0.36416,3.062,"[{""stream_id"": 0, ""sid"": 2, ""device"": ""GPU"", ""sap"": 0.0941, ""sap_s"": 0.01381, ""sap_m"": 0.10978, ""sap_l"": 0.42178, ""skip"": 53.85, ""eff_mean_ms"": 36.532, ""infer_mean_ms"": 36.531}, {""stream_id"": 1, ""sid"": 22, ""device"": ""GPU"", ""sap"": 0.19863, ""sap_s"": 0.00127, ""sap_m"": 0.1903, ""sap_l"": 0.6022, ""skip"": 56.61, ""eff_mean_ms"": 37.139, ""infer_mean_ms"": 37.139}, {""stream_id"": 2, ""sid"": 3, ""device"": ""GPU"", ""sap"": 0.10996, ""sap_s"": 0.00214, ""sap_m"": 0.20543, ""sap_l"": 0.22509, ""skip"": 50.52, ""eff_mean_ms"": 35.451, ""infer_mean_ms"": 35.45}, {""stream_id"": 3, ""sid"": 21, ""device"": ""GPU"", ""sap"": 0.08154, ""sap_s"": 0.00839, ""sap_m"": 0.02115, ""sap_l"": 0.20757, ""skip"": 52.62, ""eff_mean_ms"": 36.46, ""infer_mean_ms"": 36.46}]",1787895839.794,1787895857.116,33.333,30.0,yolo11s,argoverse-hd-val,1787895857
m1_k3_1787895620,3,7,measure,GPU_FIRST,1,NNNN,0.0,0.23,0.08347,0.12624,0.11513,0.09112,0.00356,0.13035,0.43281,-16.075,"[{""stream_id"": 0, ""sid"": 2, ""device"": ""NPU"", ""sap"": 0.10898, ""sap_s"": 0.01135, ""sap_m"": 0.14204, ""sap_l"": 0.56579, ""skip"": 0.46, ""eff_mean_ms"": 17.36, ""infer_mean_ms"": 17.359}, {""stream_id"": 1, ""sid"": 22, ""device"": ""NPU"", ""sap"": 0.19124, ""sap_s"": 0.00101, ""sap_m"": 0.17333, ""sap_l"": 0.61395, ""skip"": 0.0, ""eff_mean_ms"": 17.297, ""infer_mean_ms"": 17.297}, {""stream_id"": 2, ""sid"": 3, ""device"": ""NPU"", ""sap"": 0.12127, ""sap_s"": 0.00049, ""sap_m"": 0.18159, ""sap_l"": 0.33864, ""skip"": 0.22, ""eff_mean_ms"": 17.186, ""infer_mean_ms"": 17.186}, {""stream_id"": 3, ""sid"": 21, ""device"": ""NPU"", ""sap"": 0.08347, ""sap_s"": 0.0014, ""sap_m"": 0.02445, ""sap_l"": 0.21287, ""skip"": 0.23, ""eff_mean_ms"": 17.19, ""infer_mean_ms"": 17.19}]",1787895857.117,1787895867.035,33.333,30.0,yolo11s,argoverse-hd-val,1787895867
m1_k3_1787895620,3,8,measure,GPU_FIRST,0,GGGG,52.67,0.0,0.07854,0.11947,0.10044,0.08365,0.00627,0.12987,0.37417,3.197,"[{""stream_id"": 0, ""sid"": 2, ""device"": ""GPU"", ""sap"": 0.09559, ""sap_s"": 0.01328, ""sap_m"": 0.1101, ""sap_l"": 0.46657, ""skip"": 51.86, ""eff_mean_ms"": 36.601, ""infer_mean_ms"": 36.601}, {""stream_id"": 1, ""sid"": 22, ""device"": ""GPU"", ""sap"": 0.19846, ""sap_s"": 0.00139, ""sap_m"": 0.19001, ""sap_l"": 0.60697, ""skip"": 53.14, ""eff_mean_ms"": 36.714, ""infer_mean_ms"": 36.714}, {""stream_id"": 2, ""sid"": 3, ""device"": ""GPU"", ""sap"": 0.10529, ""sap_s"": 0.00205, ""sap_m"": 0.20201, ""sap_l"": 0.21789, ""skip"": 52.99, ""eff_mean_ms"": 35.842, ""infer_mean_ms"": 35.842}, {""stream_id"": 3, ""sid"": 21, ""device"": ""GPU"", ""sap"": 0.07854, ""sap_s"": 0.00834, ""sap_m"": 0.01737, ""sap_l"": 0.20526, ""skip"": 52.67, ""eff_mean_ms"": 36.963, ""infer_mean_ms"": 36.963}]",1787895867.036,1787895884.289,33.333,30.0,yolo11s,argoverse-hd-val,1787895884
m1_k3_1787895620,3,8,measure,GPU_FIRST,1,NNNN,0.0,0.23,0.08364,0.12625,0.11506,0.09124,0.00356,0.13047,0.4325,-16.247,"[{""stream_id"": 0, ""sid"": 2, ""device"": ""NPU"", ""sap"": 0.10897, ""sap_s"": 0.01134, ""sap_m"": 0.14247, ""sap_l"": 0.56512, ""skip"": 0.23, ""eff_mean_ms"": 17.09, ""infer_mean_ms"": 17.089}, {""stream_id"": 1, ""sid"": 22, ""device"": ""NPU"", ""sap"": 0.19124, ""sap_s"": 0.00101, ""sap_m"": 0.17333, ""sap_l"": 0.61395, ""skip"": 0.0, ""eff_mean_ms"": 17.178, ""infer_mean_ms"": 17.177}, {""stream_id"": 2, ""sid"": 3, ""device"": ""NPU"", ""sap"": 0.12115, ""sap_s"": 0.00049, ""sap_m"": 0.18156, ""sap_l"": 0.33826, ""skip"": 0.45, ""eff_mean_ms"": 17.098, ""infer_mean_ms"": 17.097}, {""stream_id"": 3, ""sid"": 21, ""device"": ""NPU"", ""sap"": 0.08364, ""sap_s"": 0.0014, ""sap_m"": 0.02453, ""sap_l"": 0.21267, ""skip"": 0.23, ""eff_mean_ms"": 16.981, ""infer_mean_ms"": 16.98}]",1787895884.289,1787895894.291,33.333,30.0,yolo11s,argoverse-hd-val,1787895894
m1_k3_1787895620,3,9,measure,NPU_FIRST,0,NNNN,0.0,0.68,0.08353,0.12595,0.11455,0.09116,0.00356,0.13037,0.43193,-16.182,"[{""stream_id"": 0, ""sid"": 2, ""device"": ""NPU"", ""sap"": 0.10895, ""sap_s"": 0.01135, ""sap_m"": 0.14227, ""sap_l"": 0.56433, ""skip"": 0.23, ""eff_mean_ms"": 17.448, ""infer_mean_ms"": 17.448}, {""stream_id"": 1, ""sid"": 22, ""device"": ""NPU"", ""sap"": 0.19118, ""sap_s"": 0.00101, ""sap_m"": 0.17325, ""sap_l"": 0.61385, ""skip"": 0.9, ""eff_mean_ms"": 17.303, ""infer_mean_ms"": 17.302}, {""stream_id"": 2, ""sid"": 3, ""device"": ""NPU"", ""sap"": 0.12014, ""sap_s"": 0.00049, ""sap_m"": 0.18151, ""sap_l"": 0.33691, ""skip"": 0.9, ""eff_mean_ms"": 16.946, ""infer_mean_ms"": 16.945}, {""stream_id"": 3, ""sid"": 21, ""device"": ""NPU"", ""sap"": 0.08353, ""sap_s"": 0.0014, ""sap_m"": 0.02445, ""sap_l"": 0.21261, ""skip"": 0.68, ""eff_mean_ms"": 16.908, ""infer_mean_ms"": 16.907}]",1787895894.291,1787895904.331,33.333,30.0,yolo11s,argoverse-hd-val,1787895904
m1_k3_1787895620,3,9,measure,NPU_FIRST,1,GGGG,54.47,0.0,0.07989,0.1192,0.09971,0.08419,0.00627,0.13101,0.3569,3.473,"[{""stream_id"": 0, ""sid"": 2, ""device"": ""GPU"", ""sap"": 0.09422, ""sap_s"": 0.01297, ""sap_m"": 0.10791, ""sap_l"": 0.41865, ""skip"": 52.52, ""eff_mean_ms"": 36.589, ""infer_mean_ms"": 36.589}, {""stream_id"": 1, ""sid"": 22, ""device"": ""GPU"", ""sap"": 0.1975, ""sap_s"": 0.0011, ""sap_m"": 0.19038, ""sap_l"": 0.60382, ""skip"": 52.73, ""eff_mean_ms"": 36.056, ""infer_mean_ms"": 36.055}, {""stream_id"": 2, ""sid"": 3, ""device"": ""GPU"", ""sap"": 0.1052, ""sap_s"": 0.00266, ""sap_m"": 0.20599, ""sap_l"": 0.20006, ""skip"": 56.65, ""eff_mean_ms"": 37.398, ""infer_mean_ms"": 37.397}, {""stream_id"": 3, ""sid"": 21, ""device"": ""GPU"", ""sap"": 0.07989, ""sap_s"": 0.00833, ""sap_m"": 0.01975, ""sap_l"": 0.20508, ""skip"": 55.98, ""eff_mean_ms"": 37.182, ""infer_mean_ms"": 37.182}]",1787895904.331,1787895921.697,33.333,30.0,yolo11s,argoverse-hd-val,1787895921
