epoch,util_gpu,util_mem,mem_used_mib,power_w
1787891119.633,10,0,3396,84.8
1787891119.834,10,0,3396,84.8
1787891120.034,10,0,3396,82.1
1787891120.235,10,0,3396,82.1
1787891120.435,8,0,3396,71.2
1787891120.636,8,0,3378,71.2
1787891120.837,8,0,3378,71.2
1787891121.038,8,0,3378,70.8
1787891121.238,8,0,3374,70.8
1787891121.439,8,0,3374,71.7
1787891121.639,8,0,3374,71.7
1787891121.839,8,0,3374,71.7
1787891122.040,8,0,3696,115.1
1787891122.240,8,0,3718,115.1
1787891122.441,66,7,3718,185.4
1787891122.641,66,7,3718,185.4
1787891122.842,66,7,3732,185.4
1787891123.042,66,7,3728,221.7
1787891123.243,66,7,3740,221.7
1787891123.443,90,10,3740,234.0
1787891123.644,90,10,3740,234.0
1787891123.844,90,10,3740,234.0
1787891124.044,90,10,3740,235.8
1787891124.245,90,10,3740,235.8
1787891124.445,79,8,3740,235.1
1787891124.646,79,8,3742,235.1
1787891124.846,79,8,3738,235.1
1787891125.047,79,8,3738,238.0
1787891125.247,79,8,3738,238.0
1787891125.447,79,8,3738,235.7
1787891125.648,79,8,3738,235.7
1787891125.848,79,8,3738,235.7
1787891126.049,79,8,3738,234.4
1787891126.249,79,8,3738,234.4
1787891126.450,82,9,3738,239.2
1787891126.650,82,9,3734,239.2
1787891126.850,82,9,3734,239.2
1787891127.051,82,9,3734,237.5
1787891127.251,82,9,3734,237.5
1787891127.452,87,10,3734,235.0
1787891127.652,87,10,3734,235.0
1787891127.853,87,10,3734,235.0
1787891128.053,87,10,3734,236.5
1787891128.254,87,10,3734,236.5
1787891128.454,81,9,3730,240.7
1787891128.655,81,9,3730,240.7
1787891128.855,81,9,3730,240.7
1787891129.055,81,9,3730,236.3
1787891129.256,81,9,3730,236.3
1787891129.456,78,8,3730,231.4
1787891129.657,78,8,3730,231.4
1787891129.857,78,8,3730,231.4
1787891130.058,78,8,3730,245.8
1787891130.258,78,8,3738,245.8
1787891130.459,85,10,3738,253.7
1787891130.659,85,10,3738,253.7
1787891130.860,85,10,3738,253.7
1787891131.060,85,10,3738,244.4
1787891131.261,85,10,3738,244.4
1787891131.461,84,9,3738,242.0
1787891131.662,84,9,3738,242.0
1787891131.862,84,9,3738,242.0
1787891132.063,84,9,3738,245.9
1787891132.263,84,9,3738,245.9
1787891132.464,86,10,3734,247.3
1787891132.664,86,10,3734,247.3
1787891132.864,86,10,3734,247.3
1787891133.065,86,10,3734,247.9
1787891133.265,86,10,3734,247.9
1787891133.466,89,10,3728,248.1
1787891133.666,89,10,3722,248.1
1787891133.867,89,10,3722,248.1
1787891134.067,89,10,3722,248.3
1787891134.267,89,10,3722,248.3
1787891134.468,86,9,3722,243.3
1787891134.668,86,9,3718,243.3
1787891134.869,86,9,3718,243.3
1787891135.069,86,9,3738,249.6
1787891135.270,86,9,3738,249.6
1787891135.470,82,9,3738,247.6
1787891135.671,82,9,3738,247.6
1787891135.871,82,9,3738,247.4
1787891136.072,82,9,3734,247.4
1787891136.272,82,9,3734,247.4
1787891136.472,87,10,3733,248.5
1787891136.673,87,10,3733,248.5
1787891136.873,87,10,3733,211.6
1787891137.074,87,10,3733,211.6
1787891137.274,87,10,3734,211.6
1787891137.475,11,0,3734,136.1
1787891137.676,11,0,3734,136.1
1787891137.876,11,0,3730,99.0
1787891138.077,11,0,3730,99.0
1787891138.277,11,0,3730,99.0
1787891138.478,17,0,3729,99.8
1787891138.678,17,0,3729,99.8
1787891138.879,17,0,3729,149.2
1787891139.079,17,0,3729,149.2
1787891139.279,17,0,3729,149.2
1787891139.480,78,8,3729,219.0
1787891139.680,78,8,3725,219.0
1787891139.881,78,8,3725,226.8
1787891140.081,78,8,3725,226.8
1787891140.281,78,8,3725,226.8
1787891140.482,71,7,3725,227.1
1787891140.682,71,7,3725,227.1
1787891140.883,71,7,3725,228.2
1787891141.083,71,7,3725,228.2
1787891141.283,71,7,3719,228.2
1787891141.484,77,8,3718,228.6
1787891141.684,77,8,3718,228.6
1787891141.884,77,8,3714,226.8
1787891142.085,77,8,3714,226.8
1787891142.285,77,8,3702,226.8
1787891142.486,76,8,3702,229.7
1787891142.686,76,8,3702,229.7
1787891142.886,76,8,3702,234.7
1787891143.087,76,8,3702,234.7
1787891143.287,76,8,3702,234.7
1787891143.488,68,8,3702,233.3
1787891143.688,68,8,3702,233.3
1787891143.888,68,8,3702,225.9
1787891144.089,68,8,3698,225.9
1787891144.289,68,8,3698,225.9
1787891144.490,77,9,3698,220.5
1787891144.690,77,9,3698,220.5
1787891144.890,77,9,3698,226.8
1787891145.091,77,9,3698,226.8
1787891145.291,77,9,3698,226.8
1787891145.492,76,8,3698,230.0
1787891145.692,76,8,3700,230.0
1787891145.892,76,8,3700,226.2
1787891146.093,76,8,3700,226.2
1787891146.293,76,8,3700,226.2
1787891146.494,84,9,3700,225.5
1787891146.694,84,9,3706,225.5
1787891146.895,84,9,3702,228.6
1787891147.095,84,9,3702,228.6
1787891147.295,84,9,3702,228.6
1787891147.496,83,10,3702,242.2
1787891147.696,83,10,3702,242.2
1787891147.897,83,10,3702,257.1
1787891148.097,83,10,3702,257.1
1787891148.298,83,10,3702,257.1
1787891148.498,88,11,3702,261.6
1787891148.699,88,11,3702,261.6
1787891148.899,88,11,3702,260.1
1787891149.100,88,11,3706,260.1
1787891149.300,88,11,3706,260.1
1787891149.501,86,11,3706,260.0
1787891149.701,86,11,3706,260.0
1787891149.902,86,11,3706,254.3
1787891150.102,86,11,3706,254.3
1787891150.302,86,11,3705,254.3
1787891150.503,86,10,3705,254.0
1787891150.703,86,10,3705,254.0
1787891150.904,86,10,3705,259.3
1787891151.104,86,10,3705,259.3
1787891151.305,86,10,3704,259.3
1787891151.505,85,9,3704,259.3
1787891151.706,85,9,3704,259.3
1787891151.906,85,9,3704,258.2
1787891152.107,85,9,3704,258.2
1787891152.307,85,9,3704,258.2
1787891152.508,0,0,3704,201.2
1787891152.708,0,0,3704,201.2
1787891152.909,0,0,3704,134.5
1787891153.109,0,0,3704,134.5
1787891153.310,0,0,3704,134.5
1787891153.510,0,0,3704,98.3
1787891153.711,0,0,3704,98.3
1787891153.911,0,0,3704,111.3
1787891154.112,0,0,3698,111.3
1787891154.312,0,0,3698,111.3
1787891154.513,71,7,3698,176.0
1787891154.713,71,7,3698,176.0
1787891154.914,71,7,3698,219.8
1787891155.114,71,7,3674,219.8
1787891155.315,71,7,3674,219.8
1787891155.515,76,8,3674,218.6
1787891155.715,76,8,3674,218.6
1787891155.916,76,8,3674,219.7
1787891156.116,76,8,3674,219.7
1787891156.317,76,8,3674,219.7
1787891156.517,66,7,3674,218.0
1787891156.718,66,7,3674,218.0
1787891156.918,66,7,3674,216.4
1787891157.118,66,7,3674,216.4
1787891157.319,66,7,3674,216.4
1787891157.520,70,8,3674,215.5
1787891157.720,70,8,3674,215.5
1787891157.920,70,8,3674,213.1
1787891158.121,70,8,3674,213.1
1787891158.321,70,8,3674,213.1
1787891158.521,73,8,3674,215.8
1787891158.722,73,8,3674,215.8
1787891158.922,73,8,3674,222.5
1787891159.123,73,8,3674,222.5
1787891159.323,73,8,3674,222.5
1787891159.524,65,7,3674,222.7
1787891159.724,65,7,3674,222.7
1787891159.925,65,7,3674,225.3
1787891160.125,65,7,3674,225.3
1787891160.326,65,7,3674,225.3
1787891160.526,75,8,3674,220.2
1787891160.726,75,8,3674,220.2
1787891160.927,75,8,3680,215.0
1787891161.127,75,8,3680,215.0
1787891161.328,75,8,3676,215.0
1787891161.528,72,7,3682,216.8
1787891161.728,72,7,3682,216.8
1787891161.929,72,7,3682,216.3
1787891162.129,72,7,3682,216.3
1787891162.330,72,7,3682,216.3
1787891162.530,91,10,3682,230.0
1787891162.730,91,10,3682,230.0
1787891162.931,91,10,3682,253.0
1787891163.131,91,10,3682,253.0
1787891163.331,91,10,3682,253.0
1787891163.532,88,9,3682,256.5
1787891163.732,88,9,3682,256.5
1787891163.933,88,9,3682,254.6
1787891164.133,88,9,3682,254.6
1787891164.334,88,9,3682,254.6
1787891164.534,87,10,3682,257.0
1787891164.734,87,10,3682,257.0
1787891164.935,87,10,3682,261.8
1787891165.135,87,10,3682,261.8
1787891165.335,87,10,3682,261.8
1787891165.536,90,10,3682,265.2
1787891165.736,90,10,3682,265.2
1787891165.937,90,10,3682,264.3
1787891166.137,90,10,3682,264.3
1787891166.338,90,10,3682,264.3
1787891166.538,89,10,3682,264.5
1787891166.738,89,10,3676,264.5
1787891166.939,89,10,3676,202.1
1787891167.139,89,10,3684,202.1
1787891167.340,89,10,3684,202.1
1787891167.541,1,0,3684,108.7
1787891167.741,1,0,3684,108.7
1787891167.942,1,0,3684,98.2
1787891168.142,1,0,3684,98.2
1787891168.342,1,0,4087,98.2
1787891168.543,75,7,4087,155.4
1787891168.743,75,7,4087,155.4
1787891168.944,75,7,4061,208.5
1787891169.144,75,7,4061,208.5
1787891169.344,75,7,4061,208.5
1787891169.545,72,8,4061,216.1
1787891169.745,72,8,4053,216.1
1787891169.945,72,8,4053,217.7
1787891170.146,72,8,4036,217.7
1787891170.346,72,8,4036,217.7
1787891170.547,74,8,4032,222.0
1787891170.747,74,8,4032,222.0
1787891170.947,74,8,4032,225.7
1787891171.148,74,8,4019,225.7
1787891171.348,74,8,4019,225.7
1787891171.549,75,8,4019,226.4
1787891171.749,75,8,4019,226.4
1787891171.950,75,8,4007,227.0
1787891172.150,75,8,4007,227.0
1787891172.350,75,8,4007,227.0
1787891172.551,69,6,4007,220.8
1787891172.751,69,6,3995,220.8
1787891172.952,69,6,3995,218.2
1787891173.152,69,6,3995,218.2
1787891173.353,69,6,3901,218.2
1787891173.553,62,6,3901,217.0
1787891173.753,62,6,3901,217.0
1787891173.954,62,6,3901,217.8
1787891174.154,62,6,3894,217.8
1787891174.355,62,6,3909,217.8
1787891174.555,75,7,3911,222.1
1787891174.756,75,7,3912,222.1
1787891174.956,75,7,3900,219.3
1787891175.157,75,7,3900,219.3
1787891175.357,75,7,3900,219.3
1787891175.557,80,8,3888,219.6
1787891175.758,80,8,3888,219.6
1787891175.958,80,8,3888,223.7
1787891176.159,80,8,3887,223.7
1787891176.359,80,8,3875,223.7
1787891176.560,75,7,3875,220.9
1787891176.760,75,7,3875,220.9
1787891176.960,75,7,3875,234.5
1787891177.161,75,7,3862,234.5
1787891177.361,75,7,3862,234.5
1787891177.562,92,8,3862,242.1
1787891177.762,92,8,3852,242.1
1787891177.962,92,8,3852,244.9
1787891178.163,92,8,3852,244.9
1787891178.363,92,8,3852,244.9
1787891178.564,91,9,3845,250.4
1787891178.765,91,9,3845,250.4
1787891178.965,91,9,3845,250.9
1787891179.166,91,9,3845,250.9
1787891179.366,91,9,3837,250.9
1787891179.567,92,8,3837,250.9
1787891179.767,92,8,3837,250.9
1787891179.967,92,8,3825,253.8
1787891180.168,92,8,3813,253.8
1787891180.368,92,8,3813,253.8
1787891180.569,90,9,3813,255.5
1787891180.769,90,9,3805,255.5
1787891180.970,90,9,3805,181.5
1787891181.170,90,9,3805,181.5
1787891181.370,90,9,3805,181.5
1787891181.571,6,0,3796,117.9
1787891181.771,6,0,3796,117.9
1787891181.972,6,0,3796,101.4
1787891182.172,6,0,3796,101.4
1787891182.373,6,0,3796,156.6
1787891182.573,89,8,3796,156.6
1787891182.774,89,8,3796,156.6
1787891182.974,89,8,3796,227.1
1787891183.175,89,8,3796,227.1
1787891183.375,84,8,3796,236.3
1787891183.575,84,8,3796,236.3
1787891183.776,84,8,3796,236.3
1787891183.976,84,8,3796,236.6
1787891184.177,84,8,3796,236.6
1787891184.377,85,8,3796,239.6
1787891184.578,85,8,3796,239.6
1787891184.778,85,8,3796,239.6
1787891184.979,85,8,3796,239.4
1787891185.179,85,8,3796,239.4
1787891185.380,88,8,3796,240.7
1787891185.580,88,8,3805,240.7
1787891185.781,88,8,3805,240.7
1787891185.981,88,8,3807,239.3
1787891186.181,88,8,3807,239.3
1787891186.382,87,8,3807,239.9
1787891186.582,87,8,3807,239.9
1787891186.783,87,8,3811,239.9
1787891186.983,87,8,3811,240.5
1787891187.184,87,8,3809,240.5
1787891187.384,84,8,3809,242.3
1787891187.585,84,8,3813,242.3
1787891187.785,84,8,3813,242.3
1787891187.985,84,8,3813,245.6
1787891188.186,84,8,3813,245.6
1787891188.386,84,8,3813,246.4
1787891188.587,84,8,3813,246.4
1787891188.787,84,8,3813,246.4
1787891188.988,84,8,3813,246.3
1787891189.188,84,8,3812,246.3
1787891189.388,87,8,3812,246.2
1787891189.589,87,8,3812,246.2
1787891189.789,87,8,3819,246.2
1787891189.990,87,8,3819,245.4
1787891190.190,87,8,3819,245.4
1787891190.391,84,8,3819,245.0
1787891190.591,84,8,3819,245.0
1787891190.791,84,8,3819,245.0
1787891190.992,84,8,3813,222.6
1787891191.192,84,8,3812,222.6
1787891191.393,0,0,3812,148.3
1787891191.593,0,0,3812,148.3
1787891191.794,0,0,3812,148.3
1787891191.994,0,0,3812,97.2
1787891192.195,0,0,3812,97.2
1787891192.395,57,5,3812,121.1
1787891192.596,57,5,3812,121.1
1787891192.796,57,5,3812,121.1
1787891192.997,57,5,3812,191.0
1787891193.197,57,5,3801,191.0
1787891193.398,86,11,3801,244.5
1787891193.598,86,11,3801,244.5
1787891193.798,86,11,3801,244.5
1787891193.998,86,11,3801,254.8
1787891194.199,86,11,3801,254.8
1787891194.399,74,8,3813,252.9
1787891194.600,74,8,3813,252.9
1787891194.800,74,8,3807,252.9
1787891195.001,74,8,3807,250.0
1787891195.201,74,8,3807,250.0
1787891195.402,83,10,3807,254.9
1787891195.602,83,10,3807,254.9
1787891195.802,83,10,3814,254.9
1787891196.003,83,10,3814,249.9
1787891196.203,83,10,3814,249.9
1787891196.404,76,9,3814,238.4
1787891196.604,76,9,3814,238.4
1787891196.805,76,9,3814,238.4
1787891197.005,76,9,3814,241.1
1787891197.206,76,9,3814,241.1
1787891197.406,78,9,3814,242.0
1787891197.606,78,9,3814,242.0
1787891197.807,78,9,3814,242.0
1787891198.007,78,9,3814,238.6
1787891198.208,78,9,3814,238.6
1787891198.408,89,10,3814,242.3
1787891198.609,89,10,3814,242.3
1787891198.809,89,10,3813,242.3
1787891199.010,89,10,3813,245.7
1787891199.210,89,10,3813,245.7
1787891199.410,84,11,3808,248.8
1787891199.611,84,11,3808,248.8
1787891199.811,84,11,3808,248.8
1787891200.012,84,11,3808,251.8
1787891200.212,84,11,3808,251.8
1787891200.412,84,10,3808,254.1
1787891200.613,84,10,3808,254.1
1787891200.813,84,10,3802,254.1
1787891201.013,84,10,3802,255.8
1787891201.214,84,10,3802,255.8
1787891201.414,78,9,3802,244.3
1787891201.615,78,9,3802,244.3
1787891201.815,78,9,3802,244.3
1787891202.016,78,9,3802,242.5
1787891202.216,78,9,3802,242.5
1787891202.416,81,10,3809,251.4
1787891202.617,81,10,3809,251.4
1787891202.817,81,10,3809,251.4
1787891203.018,81,10,3809,250.4
1787891203.218,81,10,3809,250.4
1787891203.419,85,10,3809,256.7
1787891203.619,85,10,3809,256.7
1787891203.820,85,10,3808,256.7
1787891204.020,85,10,3808,257.4
1787891204.221,85,10,3808,257.4
1787891204.421,78,10,3808,255.4
1787891204.622,78,10,3808,255.4
1787891204.822,78,10,3808,255.4
1787891205.023,78,10,3808,255.7
1787891205.223,78,10,3808,255.7
1787891205.423,81,10,3808,257.2
1787891205.624,81,10,3808,257.2
1787891205.824,81,10,3808,257.2
1787891206.025,81,10,3808,258.6
1787891206.225,81,10,3808,258.6
1787891206.426,0,0,3808,231.6
1787891206.626,0,0,3808,231.6
1787891206.826,0,0,3808,231.6
1787891207.027,0,0,3808,161.8
1787891207.228,0,0,3808,161.8
1787891207.428,0,0,3802,97.6
1787891207.629,0,0,3802,97.6
1787891207.829,0,0,3802,97.6
1787891208.030,0,0,3802,97.6
1787891208.230,0,0,3802,97.6
1787891208.431,90,7,3802,138.6
1787891208.631,90,7,3802,138.6
1787891208.832,90,7,3802,138.6
1787891209.032,90,7,3802,210.9
1787891209.232,90,7,3802,210.9
1787891209.433,66,7,3802,228.5
1787891209.633,66,7,3811,228.5
1787891209.834,66,7,3811,228.5
1787891210.034,66,7,3811,229.7
1787891210.235,66,7,3811,229.7
1787891210.435,71,8,3811,240.0
1787891210.636,71,8,3811,240.0
1787891210.836,71,8,3811,240.0
1787891211.036,71,8,3811,238.7
1787891211.237,71,8,3811,238.7
1787891211.437,68,8,3811,232.3
1787891211.638,68,8,3817,232.3
1787891211.838,68,8,3817,232.3
1787891212.038,68,8,3817,231.4
1787891212.239,68,8,3817,231.4
1787891212.439,75,9,3817,235.5
1787891212.640,75,9,3817,235.5
1787891212.840,75,9,3817,235.5
1787891213.041,75,9,3817,236.2
1787891213.241,75,9,3817,236.2
1787891213.442,65,8,3817,234.4
1787891213.642,65,8,3816,234.4
1787891213.842,65,8,3816,234.4
1787891214.043,65,8,3821,231.4
1787891214.243,65,8,3821,231.4
1787891214.444,69,7,3821,228.1
1787891214.644,69,7,3821,228.1
1787891214.845,69,7,3821,228.1
1787891215.045,69,7,3821,228.2
1787891215.245,69,7,3821,228.2
1787891215.446,72,8,3847,225.3
1787891215.646,72,8,3846,225.3
1787891215.847,72,8,3846,225.3
1787891216.047,72,8,3852,227.3
1787891216.248,72,8,3853,227.3
1787891216.448,88,8,3853,229.4
1787891216.648,88,8,3852,229.4
1787891216.849,88,8,3852,229.4
1787891217.050,88,8,3852,244.4
1787891217.250,88,8,3879,244.4
1787891217.450,78,9,3879,251.4
1787891217.651,78,9,3879,251.4
1787891217.851,78,9,3879,251.4
1787891218.052,78,9,3879,248.6
1787891218.252,78,9,3879,248.6
1787891218.453,79,9,3879,252.5
1787891218.653,79,9,3875,252.5
1787891218.854,79,9,3875,252.5
1787891219.054,79,9,3875,258.2
1787891219.254,79,9,3875,258.2
1787891219.455,81,9,3875,254.3
1787891219.655,81,9,3874,254.3
1787891219.856,81,9,3874,254.3
1787891220.056,81,9,3874,253.3
1787891220.257,81,9,3874,253.3
1787891220.457,85,10,3874,255.2
1787891220.657,85,10,3875,255.2
1787891220.858,85,10,3875,255.2
1787891221.058,85,10,3871,255.4
1787891221.259,85,10,3871,255.4
1787891221.459,87,10,3871,259.6
1787891221.659,87,10,3870,259.6
1787891221.860,87,10,3866,259.6
1787891222.061,87,10,3866,197.8
1787891222.261,87,10,3858,197.8
1787891222.462,0,0,3858,115.7
1787891222.662,0,0,3833,115.7
1787891222.863,0,0,3833,115.7
1787891223.064,0,0,3833,98.4
1787891223.264,0,0,3833,98.4
1787891223.465,88,8,3833,120.0
1787891223.665,88,8,3833,120.0
1787891223.866,88,8,3833,120.0
1787891224.066,88,8,3835,176.8
1787891224.266,88,8,3834,176.8
1787891224.467,70,7,3834,223.5
1787891224.667,70,7,3834,223.5
1787891224.868,70,7,3834,223.5
1787891225.068,70,7,3828,218.8
1787891225.269,70,7,3828,218.8
1787891225.469,68,7,3828,220.3
1787891225.670,68,7,3827,220.3
1787891225.870,68,7,3827,220.3
1787891226.070,68,7,3828,222.6
1787891226.271,68,7,3828,222.6
1787891226.471,69,7,3828,227.2
1787891226.672,69,7,3828,227.2
1787891226.872,69,7,3820,227.2
1787891227.073,69,7,3820,230.3
1787891227.273,69,7,3820,230.3
1787891227.473,70,8,3820,232.5
1787891227.674,70,8,3820,232.5
1787891227.874,70,8,3820,232.5
1787891228.075,70,8,3819,235.5
1787891228.275,70,8,3813,235.5
1787891228.476,75,8,3813,236.4
1787891228.676,75,8,3813,236.4
1787891228.877,75,8,3813,231.5
1787891229.077,75,8,3813,231.5
1787891229.278,75,8,3813,231.5
1787891229.478,72,8,3813,232.0
1787891229.678,72,8,3813,232.0
1787891229.879,72,8,3813,232.3
1787891230.079,72,8,3817,232.3
1787891230.280,72,8,3823,232.3
1787891230.480,78,9,3823,229.5
1787891230.681,78,9,3823,229.5
1787891230.881,78,9,3823,229.9
1787891231.082,78,9,3799,229.9
1787891231.282,78,9,3799,229.9
1787891231.482,74,8,3799,235.5
1787891231.683,74,8,3799,235.5
1787891231.883,74,8,3799,248.4
1787891232.084,74,8,3799,248.4
1787891232.284,74,8,3799,248.4
1787891232.484,89,10,3799,264.8
1787891232.685,89,10,3799,264.8
1787891232.885,89,10,3799,271.8
1787891233.086,89,10,3799,271.8
1787891233.286,89,10,3799,271.8
1787891233.487,87,10,3799,270.4
1787891233.687,87,10,3799,270.4
1787891233.887,87,10,3799,269.4
1787891234.088,87,10,3799,269.4
1787891234.288,87,10,3799,269.4
1787891234.489,90,10,3799,273.5
1787891234.689,90,10,3799,273.5
1787891234.889,90,10,3799,274.9
1787891235.090,90,10,3799,274.9
1787891235.290,90,10,3799,274.9
1787891235.491,0,0,3799,224.9
1787891235.691,0,0,3799,224.9
1787891235.892,0,0,3799,144.4
1787891236.092,0,0,3794,144.4
1787891236.292,0,0,3794,144.4
1787891236.493,0,0,3788,98.0
1787891236.693,0,0,3788,98.0
1787891236.894,0,0,3797,130.3
1787891237.094,0,0,3797,130.3
1787891237.295,0,0,3797,130.3
1787891237.495,84,8,3797,192.6
1787891237.696,84,8,3797,192.6
1787891237.896,84,8,3797,222.4
1787891238.097,84,8,3797,222.4
1787891238.297,84,8,3805,222.4
1787891238.498,69,7,3805,223.8
1787891238.698,69,7,3805,223.8
1787891238.899,69,7,3805,222.7
1787891239.099,69,7,3805,222.7
1787891239.299,69,7,3805,222.7
1787891239.500,68,7,3805,222.9
1787891239.700,68,7,3803,222.9
1787891239.901,68,7,3795,221.9
1787891240.101,68,7,3795,221.9
1787891240.301,68,7,3795,221.9
1787891240.502,67,7,3795,221.5
1787891240.702,67,7,3795,221.5
1787891240.903,67,7,3795,223.1
1787891241.104,67,7,3795,223.1
1787891241.304,67,7,3795,223.1
1787891241.505,72,7,3795,226.5
1787891241.705,72,7,3795,226.5
1787891241.905,72,7,3795,231.3
1787891242.106,72,7,3795,231.3
1787891242.306,72,7,3795,231.3
1787891242.507,75,7,3795,228.9
1787891242.707,75,7,3795,228.9
1787891242.908,75,7,3795,227.0
1787891243.108,75,7,3795,227.0
1787891243.309,75,7,3780,227.0
1787891243.509,77,8,3780,228.8
1787891243.710,77,8,3780,228.8
1787891243.910,77,8,3780,224.7
1787891244.111,77,8,3780,224.7
1787891244.311,77,8,3780,224.7
1787891244.511,69,7,3780,221.8
1787891244.712,69,7,3780,221.8
1787891244.912,69,7,3780,225.4
1787891245.113,69,7,3780,225.4
1787891245.313,69,7,3780,225.4
1787891245.514,89,9,3780,239.2
1787891245.714,89,9,3780,239.2
1787891245.915,89,9,3780,253.8
1787891246.115,89,9,3780,253.8
1787891246.316,89,9,3780,253.8
1787891246.516,89,9,3780,263.7
1787891246.717,89,9,3780,263.7
1787891246.917,89,9,3780,264.7
1787891247.118,89,9,3780,264.7
1787891247.318,89,9,3780,264.7
1787891247.519,89,9,3780,265.2
1787891247.719,89,9,3780,265.2
1787891247.920,89,9,3780,265.9
1787891248.121,89,9,3780,265.9
1787891248.321,89,9,3780,265.9
1787891248.522,0,0,3780,208.6
1787891248.722,0,0,3780,208.6
1787891248.923,0,0,3780,133.1
1787891249.123,0,0,3780,133.1
1787891249.324,0,0,3780,133.1
1787891249.524,0,0,3780,99.7
1787891249.725,0,0,3780,99.7
1787891249.925,0,0,3780,165.3
1787891250.126,0,0,3780,165.3
1787891250.326,0,0,3780,165.3
1787891250.527,89,8,3780,238.1
1787891250.727,89,8,3780,238.1
1787891250.928,89,8,3780,242.8
1787891251.128,89,8,3780,242.8
1787891251.328,89,8,3780,242.8
1787891251.529,88,8,3780,241.0
1787891251.729,88,8,3780,241.0
1787891251.930,88,8,3780,239.3
1787891252.130,88,8,3780,239.3
1787891252.331,88,8,3780,239.3
1787891252.531,84,8,3780,239.2
1787891252.732,84,8,3780,239.2
1787891252.932,84,8,3780,241.6
1787891253.132,84,8,3780,241.6
1787891253.333,84,8,3780,241.6
1787891253.533,84,8,3780,243.8
1787891253.734,84,8,3780,243.8
1787891253.934,84,8,3780,243.7
1787891254.135,84,8,3780,243.7
1787891254.335,84,8,3780,243.7
1787891254.536,88,8,3780,246.9
1787891254.736,88,8,3780,246.9
1787891254.937,88,8,3780,246.2
1787891255.137,88,8,3780,246.2
1787891255.337,88,8,3780,246.2
1787891255.538,81,7,3780,243.7
1787891255.738,81,7,3780,243.7
1787891255.939,81,7,3780,244.4
1787891256.139,81,7,3780,244.4
1787891256.339,81,7,3780,244.4
1787891256.540,88,8,3780,248.8
1787891256.740,88,8,3780,248.8
1787891256.941,88,8,3780,247.5
1787891257.141,88,8,3780,247.5
1787891257.342,88,8,3780,247.5
1787891257.542,82,8,3780,246.0
1787891257.742,82,8,3780,246.0
1787891257.943,82,8,3780,244.9
1787891258.143,82,8,3780,244.9
1787891258.344,82,8,3780,244.9
1787891258.544,22,2,3780,238.0
1787891258.745,22,2,3780,238.0
1787891258.945,22,2,3780,171.9
1787891259.146,22,2,3780,171.9
1787891259.346,22,2,3780,171.9
1787891259.547,0,0,3780,98.1
1787891259.747,0,0,3780,98.1
1787891259.948,0,0,3780,107.5
1787891260.148,0,0,3780,107.5
1787891260.349,0,0,3780,107.5
1787891260.549,76,8,3780,172.2
1787891260.750,76,8,3780,172.2
1787891260.950,76,8,3780,244.1
1787891261.150,76,8,3780,244.1
1787891261.351,76,8,3780,244.1
1787891261.551,82,9,3780,247.3
1787891261.752,82,9,3780,247.3
1787891261.952,82,9,3780,243.9
1787891262.153,82,9,3780,243.9
1787891262.353,82,9,3780,243.9
1787891262.553,70,8,3780,237.0
1787891262.754,70,8,3780,237.0
1787891262.954,70,8,3780,239.8
1787891263.155,70,8,3780,239.8
1787891263.355,70,8,3780,239.8
1787891263.556,82,9,3780,244.1
1787891263.756,82,9,3780,244.1
1787891263.956,82,9,3780,249.3
1787891264.157,82,9,3780,249.3
1787891264.357,82,9,3780,249.3
1787891264.558,75,8,3780,252.8
1787891264.758,75,8,3780,252.8
1787891264.959,75,8,3780,244.9
1787891265.159,75,8,3780,244.9
1787891265.359,75,8,3780,244.9
1787891265.560,79,10,3780,243.3
1787891265.760,79,10,3780,243.3
1787891265.961,79,10,3780,244.6
1787891266.161,79,10,3780,244.6
1787891266.362,79,10,3780,244.6
1787891266.562,77,9,3780,241.7
1787891266.762,77,9,3780,241.7
1787891266.963,77,9,3780,241.6
1787891267.163,77,9,3780,241.6
1787891267.364,77,9,3780,241.6
1787891267.564,79,10,3780,245.0
1787891267.765,79,10,3780,245.0
1787891267.965,79,10,3780,247.8
1787891268.166,79,10,3780,247.8
1787891268.366,79,10,3780,247.8
1787891268.567,89,12,3780,252.3
1787891268.767,89,12,3780,252.3
1787891268.968,89,12,3780,250.1
1787891269.168,89,12,3780,250.1
1787891269.369,89,12,3780,250.1
1787891269.569,76,9,3780,253.1
1787891269.770,76,9,3780,253.1
1787891269.970,76,9,3780,254.7
1787891270.171,76,9,3780,254.7
1787891270.371,76,9,3780,254.7
1787891270.571,85,10,3780,258.2
1787891270.772,85,10,3780,258.2
1787891270.972,85,10,3780,262.9
1787891271.173,85,10,3780,262.9
1787891271.373,85,10,3780,262.9
1787891271.573,79,9,3780,254.8
1787891271.774,79,9,3780,254.8
1787891271.974,79,9,3780,251.9
1787891272.175,79,9,3780,251.9
1787891272.375,79,9,3780,251.9
1787891272.576,81,10,3780,263.7
1787891272.776,81,10,3780,263.7
1787891272.977,81,10,3780,265.3
1787891273.177,81,10,3780,265.3
1787891273.377,89,10,3780,256.2
1787891273.578,89,10,3780,256.2
1787891273.778,89,10,3780,256.2
1787891273.979,89,10,3780,209.4
1787891274.179,89,10,3780,209.4
1787891274.380,0,0,3780,132.0
1787891274.580,0,0,3780,132.0
1787891274.781,0,0,3780,132.0
1787891274.981,0,0,3780,97.4
1787891275.182,0,0,3780,97.4
1787891275.382,0,0,3780,97.3
1787891275.583,0,0,3780,97.3
1787891275.783,0,0,3780,97.3
1787891275.984,0,0,3780,153.4
1787891276.184,0,0,3780,153.4
1787891276.384,70,8,3780,220.7
1787891276.585,70,8,3780,220.7
1787891276.785,70,8,3780,220.7
1787891276.986,70,8,3780,225.3
1787891277.186,70,8,3780,225.3
1787891277.386,66,7,3780,231.0
1787891277.587,66,7,3780,231.0
1787891277.787,66,7,3780,231.0
1787891277.988,66,7,3780,235.1
1787891278.188,66,7,3780,235.1
1787891278.389,75,8,3780,234.9
1787891278.589,75,8,3780,234.9
1787891278.790,75,8,3780,234.9
1787891278.990,75,8,3787,234.1
1787891279.190,75,8,3787,234.1
1787891279.391,73,9,3787,236.1
1787891279.591,73,9,3787,236.1
1787891279.792,73,9,3787,236.1
1787891279.992,73,9,3787,232.2
1787891280.193,73,9,3787,232.2
1787891280.393,78,8,3787,231.6
1787891280.594,78,8,3787,231.6
1787891280.794,78,8,3787,231.6
1787891280.995,78,8,3787,227.7
1787891281.195,78,8,3783,227.7
1787891281.396,75,9,3783,231.6
1787891281.596,75,9,3783,231.6
1787891281.797,75,9,3783,231.6
1787891281.997,75,9,3779,237.9
1787891282.197,75,9,3779,237.9
1787891282.398,74,9,3779,234.7
1787891282.598,74,9,3775,234.7
1787891282.799,74,9,3775,234.7
1787891282.999,74,9,3775,235.9
1787891283.200,74,9,3775,235.9
1787891283.400,64,7,3771,236.0
1787891283.600,64,7,3771,236.0
1787891283.801,64,7,3771,236.0
1787891284.001,64,7,3771,240.9
1787891284.202,64,7,3771,240.9
1787891284.402,84,9,3759,250.1
1787891284.603,84,9,3759,250.1
1787891284.803,84,9,3759,250.1
1787891285.003,84,9,3758,260.5
1787891285.204,84,9,3758,260.5
1787891285.404,79,9,3758,268.6
1787891285.605,79,9,3758,268.6
1787891285.805,79,9,3758,268.6
1787891286.006,79,9,3758,271.5
1787891286.206,79,9,3758,271.5
1787891286.407,87,10,3758,269.3
1787891286.607,87,10,3758,269.3
1787891286.808,87,10,3758,269.3
1787891287.008,87,10,3758,270.1
1787891287.209,87,10,3758,270.1
1787891287.409,86,10,3758,266.0
1787891287.609,86,10,3758,266.0
1787891287.810,86,10,3758,266.0
1787891288.010,86,10,3758,264.9
1787891288.211,86,10,3758,264.9
1787891288.411,0,0,3758,244.4
1787891288.612,0,0,3758,244.4
1787891288.812,0,0,3758,244.4
1787891289.013,0,0,3752,158.4
1787891289.213,0,0,3752,158.4
1787891289.414,0,0,3752,97.5
1787891289.614,0,0,3752,97.5
1787891289.815,0,0,3752,97.5
1787891290.015,0,0,3752,97.5
1787891290.216,0,0,3752,97.5
1787891290.416,73,8,3752,151.3
1787891290.617,73,8,3752,151.3
1787891290.817,73,8,3752,151.3
1787891291.018,73,8,3752,217.5
1787891291.218,73,8,3752,217.5
1787891291.418,70,7,3752,224.2
1787891291.619,70,7,3752,224.2
1787891291.819,70,7,3752,224.2
1787891292.020,70,7,3752,224.7
1787891292.220,70,7,3752,224.7
1787891292.421,74,7,3752,223.8
1787891292.621,74,7,3752,223.8
1787891292.822,74,7,3752,223.8
1787891293.022,74,7,3752,230.1
1787891293.222,74,7,3752,230.1
1787891293.423,72,8,3752,231.3
1787891293.623,72,8,3752,231.3
1787891293.824,72,8,3752,231.3
1787891294.024,72,8,3752,236.2
1787891294.224,72,8,3752,236.2
1787891294.425,75,8,3752,238.9
1787891294.625,75,8,3752,238.9
1787891294.826,75,8,3752,238.9
1787891295.026,75,8,3752,237.1
1787891295.227,75,8,3752,237.1
1787891295.427,77,9,3752,236.7
1787891295.628,77,9,3752,236.7
1787891295.828,77,9,3752,236.7
1787891296.028,77,9,3752,238.1
1787891296.229,77,9,3752,238.1
1787891296.429,66,7,3752,234.6
1787891296.630,66,7,3752,234.6
1787891296.830,66,7,3752,234.6
1787891297.031,66,7,3752,230.4
1787891297.231,66,7,3752,230.4
1787891297.432,66,7,3752,230.7
1787891297.632,66,7,3752,230.7
1787891297.832,66,7,3752,230.7
1787891298.033,66,7,3752,228.2
1787891298.233,66,7,3752,228.2
1787891298.434,82,9,3752,236.6
1787891298.634,82,9,3752,236.6
1787891298.835,82,9,3752,236.6
1787891299.035,82,9,3752,248.2
1787891299.236,82,9,3752,248.2
1787891299.436,85,10,3752,258.8
1787891299.636,85,10,3752,258.8
1787891299.837,85,10,3752,258.8
1787891300.037,85,10,3752,268.4
1787891300.238,85,10,3752,268.4
1787891300.438,87,9,3752,268.4
1787891300.638,87,9,3752,268.4
1787891300.839,87,9,3752,268.4
1787891301.039,87,9,3752,270.0
1787891301.240,87,9,3752,270.0
1787891301.440,89,10,3752,272.0
1787891301.641,89,10,3752,272.0
1787891301.841,89,10,3752,272.0
1787891302.042,89,10,3752,252.7
1787891302.242,89,10,3752,252.7
1787891302.443,0,0,3752,173.9
1787891302.643,0,0,3752,173.9
1787891302.844,0,0,3752,173.9
1787891303.045,0,0,3752,98.9
1787891303.245,0,0,3752,98.9
1787891303.446,47,4,3752,105.0
1787891303.646,47,4,3752,105.0
1787891303.847,47,4,3752,105.0
1787891304.047,47,4,3752,176.1
1787891304.248,47,4,3752,176.1
1787891304.448,67,6,3752,232.6
1787891304.648,67,6,3752,232.6
1787891304.851,67,6,3752,232.6
1787891305.051,67,6,3752,223.4
1787891305.252,67,6,3752,223.4
1787891305.452,69,7,3752,222.9
1787891305.653,69,7,3752,222.9
1787891305.853,69,7,3752,222.9
1787891306.054,69,7,3752,229.0
1787891306.254,69,7,3752,229.0
1787891306.454,73,7,3752,230.5
1787891306.655,73,7,3752,230.5
1787891306.855,73,7,3752,230.5
1787891307.056,73,7,3752,226.6
1787891307.256,73,7,3752,226.6
1787891307.456,73,7,3752,226.8
1787891307.657,73,7,3752,226.8
1787891307.857,73,7,3752,226.8
1787891308.058,73,7,3752,231.1
1787891308.258,73,7,3752,231.1
1787891308.459,80,8,3752,233.2
1787891308.659,80,8,3752,233.2
1787891308.859,80,8,3752,233.2
1787891309.060,80,8,3752,230.5
1787891309.260,80,8,3752,230.5
1787891309.461,71,7,3752,230.7
1787891309.661,71,7,3752,230.7
1787891309.862,71,7,3752,230.7
1787891310.062,71,7,3752,228.3
1787891310.263,71,7,3752,228.3
1787891310.463,71,7,3752,226.1
1787891310.664,71,7,3752,226.1
1787891310.864,71,7,3752,226.1
1787891311.064,71,7,3752,223.1
1787891311.265,71,7,3752,223.1
1787891311.465,73,7,3752,223.4
1787891311.666,73,7,3752,223.4
1787891311.866,73,7,3752,223.4
1787891312.067,73,7,3752,227.7
1787891312.267,73,7,3752,227.7
1787891312.467,90,9,3752,242.9
1787891312.668,90,9,3752,242.9
1787891312.868,90,9,3752,242.9
1787891313.069,90,9,3752,257.0
1787891313.270,90,9,3752,257.0
1787891313.470,90,9,3752,265.0
1787891313.670,90,9,3752,265.0
1787891313.871,90,9,3752,265.0
1787891314.071,90,9,3752,263.8
1787891314.272,90,9,3752,263.8
1787891314.472,90,9,3752,263.0
1787891314.673,90,9,3752,263.0
1787891314.873,90,9,3752,263.0
1787891315.074,90,9,3752,210.8
1787891315.274,90,9,3752,210.8
1787891315.475,0,0,3752,140.8
1787891315.675,0,0,3752,140.8
1787891315.875,0,0,3752,140.8
1787891316.076,0,0,3752,99.0
1787891316.277,0,0,3752,99.0
1787891316.477,85,8,3752,151.5
1787891316.677,85,8,3752,151.5
1787891316.878,85,8,3752,151.5
1787891317.078,85,8,3752,229.2
1787891317.279,85,8,3752,229.2
1787891317.479,82,7,3752,242.9
1787891317.680,82,7,3752,242.9
1787891317.880,82,7,3752,243.9
1787891318.080,82,7,3752,243.9
1787891318.281,82,7,3752,243.9
1787891318.481,85,8,3752,243.5
1787891318.682,85,8,3752,243.5
1787891318.882,85,8,3752,245.0
1787891319.082,85,8,3752,245.0
1787891319.283,85,8,3752,245.0
1787891319.483,84,8,3752,247.4
1787891319.684,84,8,3752,247.4
1787891319.884,84,8,3752,248.3
1787891320.085,84,8,3752,248.3
1787891320.285,84,8,3752,248.3
1787891320.485,82,8,3752,245.6
1787891320.686,82,8,3752,245.6
1787891320.886,82,8,3752,242.5
1787891321.087,82,8,3752,242.5
1787891321.287,82,8,3752,242.5
1787891321.488,86,8,3752,244.3
1787891321.688,86,8,3752,244.3
1787891321.889,86,8,3752,246.9
1787891322.089,86,8,3752,246.9
1787891322.290,86,8,3752,246.9
1787891322.490,86,8,3752,246.9
1787891322.690,86,8,3752,246.9
1787891322.891,86,8,3752,245.0
1787891323.091,86,8,3752,245.0
1787891323.292,86,8,3752,245.0
1787891323.492,80,7,3752,242.9
1787891323.693,80,7,3752,242.9
1787891323.893,80,7,3752,242.9
1787891324.094,80,7,3752,242.9
1787891324.294,80,7,3752,242.9
1787891324.494,85,8,3752,242.8
1787891324.695,85,8,3752,242.8
1787891324.895,85,8,3752,244.5
1787891325.096,85,8,3752,244.5
1787891325.296,85,8,3752,244.5
1787891325.497,0,0,3752,221.2
1787891325.697,0,0,3752,221.2
1787891325.898,0,0,3752,156.7
1787891326.098,0,0,3752,156.7
1787891326.299,0,0,3752,156.7
1787891326.499,0,0,3752,98.7
