detector,params_M,phase,sid,device,bg_level,sap_5095,sap_50,sap_s,sap_m,sap_l,map_5095,map_s,map_m,map_l,latency_mean,eff_e2e_mean,frame_skip_pct,wall_sec
yolov8s,11.2,baseline,0,GPU,L0,0.0652,0.111,0.0166,0.1379,0.42,0.0784,0.0194,0.1499,0.5244,7.8992,7.9105,0.0,7.1416
yolov8s,11.2,baseline,0,NPU,L0,0.0411,0.0841,0.007,0.0876,0.2962,0.0585,0.0118,0.1152,0.4283,40.0829,40.1648,64.9073,29.3782
yolov8s,11.2,baseline,1,GPU,L0,0.076,0.1619,0.0011,0.0891,0.2557,0.1121,0.0012,0.1199,0.4527,7.7545,7.7659,0.0,7.0115
yolov8s,11.2,baseline,1,NPU,L0,0.0378,0.0866,0.001,0.0446,0.1155,0.0784,0.001,0.0727,0.3393,40.0366,40.0576,67.5676,29.3802
yolov8s,11.2,baseline,2,GPU,L0,0.1165,0.1838,0.0129,0.1651,0.5733,0.1432,0.0133,0.2444,0.7864,8.2388,8.2695,0.0,3.8858
yolov8s,11.2,baseline,2,NPU,L0,0.0848,0.1259,0.0091,0.0927,0.4193,0.1053,0.0088,0.1703,0.6196,41.51,42.0535,69.0476,15.4005
yolov8s,11.2,baseline,3,GPU,L0,0.1587,0.3862,0.002,0.2391,0.3509,0.3344,0.0023,0.3419,0.5615,8.264,8.2893,0.0,3.945
yolov8s,11.2,baseline,3,NPU,L0,0.0757,0.1955,0.0,0.1019,0.1691,0.224,0.0013,0.1672,0.4095,41.9866,42.1555,73.7609,15.733
yolov8s,11.2,baseline,4,GPU,L0,0.2502,0.3057,0.0,0.0898,0.633,0.2504,0.0,0.0898,0.6334,8.2059,8.2175,0.0,5.5163
yolov8s,11.2,baseline,4,NPU,L0,0.2593,0.3179,0.0,0.082,0.6282,0.2084,0.0,0.065,0.5052,41.1132,41.453,70.9742,22.1073
yolov8s,11.2,baseline,5,GPU,L0,0.3618,0.4477,0.0292,0.2223,0.5102,0.3811,0.0321,0.2332,0.546,8.2984,8.3123,0.0,3.681
yolov8s,11.2,baseline,5,NPU,L0,0.2566,0.3593,0.0123,0.1771,0.3881,0.2471,0.0124,0.1656,0.3917,40.152,40.3569,68.7879,14.5369
yolov8s,11.2,baseline,6,GPU,L0,0.1012,0.1906,0.01,0.0882,0.3709,0.1549,0.0115,0.144,0.6125,7.8694,7.8744,0.0,3.7004
yolov8s,11.2,baseline,6,NPU,L0,0.0617,0.127,0.0046,0.0542,0.2025,0.1229,0.0069,0.1089,0.4995,38.7463,38.7968,63.1868,15.2955
yolov8s,11.2,baseline,7,GPU,L0,0.2119,0.3696,0.0015,0.1689,0.4067,0.2678,0.0008,0.2042,0.5459,8.0251,8.043,0.0,3.7716
yolov8s,11.2,baseline,7,NPU,L0,0.1332,0.2509,0.0,0.1066,0.2292,0.1899,0.0,0.1403,0.3714,39.503,39.9484,67.2365,15.2295
yolov8s,11.2,baseline,8,GPU,L0,0.0982,0.1684,0.0079,0.1317,0.4501,0.1199,0.0106,0.1604,0.5869,8.3817,8.3797,0.0,7.4717
yolov8s,11.2,baseline,8,NPU,L0,0.0511,0.1157,0.0061,0.0525,0.2601,0.0791,0.0086,0.0905,0.4499,39.1947,39.077,64.8305,28.8565
yolov8s,11.2,baseline,9,GPU,L0,0.1096,0.1713,0.0057,0.1249,0.227,0.1379,0.0078,0.1806,0.3378,8.4081,8.4148,0.0,5.5393
yolov8s,11.2,baseline,9,NPU,L0,0.1001,0.1683,0.0017,0.0776,0.2006,0.129,0.0029,0.1475,0.3211,42.1479,41.8365,75.1029,21.6002
yolov8s,11.2,baseline,10,GPU,L0,0.1476,0.265,0.0259,0.1472,0.3077,0.1978,0.0282,0.2425,0.4513,7.9376,7.9518,0.0,3.713
yolov8s,11.2,baseline,10,NPU,L0,0.1046,0.2086,0.0151,0.0828,0.2131,0.155,0.0192,0.1783,0.3498,39.3312,39.4139,64.1026,15.0262
yolov8s,11.2,baseline,11,GPU,L0,0.275,0.3698,0.0047,0.2137,0.5982,0.2885,0.0052,0.2523,0.715,8.2573,8.2759,0.0,7.4706
yolov8s,11.2,baseline,11,NPU,L0,0.2439,0.328,0.0031,0.1356,0.4474,0.2213,0.0037,0.1686,0.5446,41.7331,41.9203,71.5556,29.5709
yolov8s,11.2,baseline,12,GPU,L0,0.4465,0.6118,0.0295,0.3733,0.8741,0.4549,0.0299,0.3795,0.8986,8.2009,8.2293,0.0,3.867
yolov8s,11.2,baseline,12,NPU,L0,0.414,0.5665,0.025,0.3204,0.8506,0.3481,0.0207,0.2658,0.7373,41.2897,41.7302,71.345,15.5326
yolov8s,11.2,baseline,13,GPU,L0,0.1967,0.2903,0.0092,0.1013,0.3806,0.238,0.0106,0.1357,0.4761,7.8071,7.8156,0.0,7.009
yolov8s,11.2,baseline,13,NPU,L0,0.1223,0.2357,0.0042,0.0502,0.2811,0.1582,0.0043,0.0875,0.3648,40.845,40.9162,71.2209,29.3951
yolov8s,11.2,baseline,14,GPU,L0,0.4338,0.554,0.06,0.1932,0.5183,0.4783,0.0616,0.2107,0.5774,7.6048,7.6154,0.0,6.8756
yolov8s,11.2,baseline,14,NPU,L0,0.3337,0.4997,0.0164,0.1645,0.42,0.3698,0.016,0.1594,0.4691,38.2394,38.2717,60.5769,29.0281
yolov8s,11.2,baseline,15,GPU,L0,0.1155,0.216,0.0133,0.1301,0.3863,0.1766,0.0172,0.2034,0.633,7.8571,7.8745,0.0,7.0143
yolov8s,11.2,baseline,15,NPU,L0,0.0658,0.1493,0.0027,0.0586,0.2379,0.1333,0.0058,0.1411,0.522,40.0593,40.3515,66.2338,29.192
yolov8s,11.2,baseline,16,GPU,L0,0.2232,0.3426,0.0059,0.6175,0.4652,0.2467,0.0073,0.6448,0.5681,8.158,8.1863,0.0,3.8468
yolov8s,11.2,baseline,16,NPU,L0,0.2301,0.3589,0.0009,0.5049,0.4245,0.2343,0.0011,0.4485,0.531,41.8296,42.3004,73.1343,15.4484
yolov8s,11.2,baseline,17,GPU,L0,0.2275,0.3502,0.0195,0.242,0.5247,0.2553,0.0207,0.2705,0.5906,8.1314,8.1325,0.0,3.8703
yolov8s,11.2,baseline,17,NPU,L0,0.1624,0.2964,0.0096,0.1575,0.4156,0.184,0.0088,0.1792,0.4693,42.3382,42.2321,74.0413,15.5931
yolov8s,11.2,baseline,18,GPU,L0,0.1588,0.2095,0.016,0.0968,0.6277,0.1787,0.018,0.136,0.7106,7.669,7.6827,0.0,6.936
yolov8s,11.2,baseline,18,NPU,L0,0.1384,0.1974,0.0052,0.0645,0.5414,0.1399,0.0054,0.0827,0.5834,40.6028,40.5685,65.1297,29.3897
yolov8s,11.2,baseline,19,GPU,L0,0.1185,0.1966,0.0147,0.112,0.357,0.1783,0.0185,0.2196,0.596,7.9362,7.9618,0.0,3.7175
yolov8s,11.2,baseline,19,NPU,L0,0.0753,0.1416,0.0091,0.0612,0.2391,0.1167,0.0092,0.125,0.4373,39.4234,39.5002,63.1728,15.1377
yolov8s,11.2,baseline,20,GPU,L0,0.0985,0.1689,0.01,0.0744,0.2527,0.1501,0.0093,0.1729,0.4413,7.9128,7.9091,0.0,3.7166
yolov8s,11.2,baseline,20,NPU,L0,0.0664,0.1247,0.0075,0.0526,0.1628,0.1097,0.0064,0.1189,0.34,40.2224,40.1617,68.1818,15.351
yolov8s,11.2,baseline,21,GPU,L0,0.1025,0.2554,0.0078,0.0405,0.2412,0.2717,0.0096,0.2786,0.5033,8.003,8.0246,0.0,3.7708
yolov8s,11.2,baseline,21,NPU,L0,0.0493,0.1119,0.0018,0.0061,0.1442,0.1713,0.003,0.1731,0.3467,40.4912,40.4674,68.6782,15.3059
yolov8s,11.2,baseline,22,GPU,L0,0.2395,0.3836,0.0137,0.199,0.6896,0.2476,0.0139,0.2004,0.7341,8.6311,8.6443,0.0,4.1135
yolov8s,11.2,baseline,22,NPU,L0,0.1952,0.3448,0.0077,0.1465,0.6299,0.181,0.0062,0.1217,0.6061,39.7571,40.235,67.5141,15.4595
yolov8s,11.2,baseline,23,GPU,L0,0.1529,0.309,0.0294,0.1638,0.487,0.2558,0.0404,0.3634,0.6661,8.0006,8.0169,0.0,3.8155
yolov8s,11.2,baseline,23,NPU,L0,0.0769,0.1692,0.0146,0.0768,0.2846,0.1651,0.0195,0.2191,0.5015,40.5212,40.2034,69.5775,15.4876
