detector,params_M,phase,sid,device,infer_mode,bg_level,sap_5095,sap_50,sap_s,sap_m,sap_l,map_5095,map_s,map_m,map_l,latency_mean,eff_e2e_mean,frame_skip_pct,wall_sec
yolo11m,20.1,ladder,0,GPU,,L1_light,0.0826,0.151,0.0237,0.1529,0.5074,0.1091,0.0297,0.1955,0.643,21.7965,21.8045,2.1814,19.6662
yolo11m,20.1,ladder,0,GPU,,L1_heavy,0.0797,0.1452,0.0222,0.1466,0.5009,0.1091,0.0297,0.1955,0.643,24.858,24.849,7.9219,22.4094
yolo11m,20.1,ladder,0,GPU,,L2_lm,0.0524,0.1113,0.0135,0.0852,0.3745,0.1004,0.0281,0.1772,0.5969,35.3223,35.4707,55.8025,29.8227
yolo11m,20.1,ladder,0,GPU,,L3_vlm,0.0025,0.0097,0.0002,0.0013,0.0298,0.0085,0.0035,0.0111,0.0431,564.8575,538.7586,100.0,30.1725
yolo11m,20.1,ladder,1,GPU,,L1_light,0.1073,0.2076,0.0123,0.1227,0.3455,0.1585,0.0128,0.1757,0.5864,21.7571,21.7628,2.7555,19.6277
yolo11m,20.1,ladder,1,GPU,,L1_heavy,0.1038,0.2033,0.0121,0.1188,0.3311,0.1579,0.0127,0.1755,0.5856,24.5717,24.5933,5.5236,22.1295
yolo11m,20.1,ladder,1,GPU,,L2_lm,0.064,0.1405,0.0113,0.0804,0.1658,0.151,0.0122,0.1689,0.5542,33.9522,34.0047,48.4487,29.5442
yolo11m,20.1,ladder,1,GPU,,L3_vlm,0.003,0.0137,0.0016,0.0059,0.0051,0.0128,0.0018,0.0177,0.039,515.0923,528.181,100.0,30.6365
yolo11m,20.1,ladder,2,GPU,,L1_light,0.1396,0.2244,0.0336,0.2125,0.5937,0.1775,0.0369,0.3171,0.8463,22.1408,22.2104,2.7335,10.4266
yolo11m,20.1,ladder,2,GPU,,L1_heavy,0.1373,0.2201,0.0328,0.2072,0.5839,0.1775,0.0369,0.3171,0.8463,24.9151,24.9571,6.1503,11.7162
yolo11m,20.1,ladder,2,GPU,,L2_lm,0.1045,0.1729,0.025,0.1304,0.4244,0.1587,0.0337,0.284,0.7723,37.286,37.4258,67.4419,15.6167
yolo11m,20.1,ladder,2,GPU,,L3_vlm,0.0166,0.0521,0.0035,0.0149,0.0833,0.0152,0.0042,0.0255,0.049,389.3071,494.4967,100.0,15.825
yolo11m,20.1,ladder,3,GPU,,L1_light,0.2058,0.4443,0.0098,0.3641,0.3761,0.4123,0.0143,0.4903,0.5805,22.373,22.2839,3.8202,10.5958
yolo11m,20.1,ladder,3,GPU,,L1_heavy,0.1976,0.4305,0.009,0.3562,0.3582,0.4123,0.0143,0.4903,0.5805,24.9028,24.8873,7.4157,11.832
yolo11m,20.1,ladder,3,GPU,,L2_lm,0.1402,0.313,0.0076,0.282,0.2295,0.3762,0.0136,0.4434,0.5209,36.2081,36.3213,63.6139,15.7767
yolo11m,20.1,ladder,3,GPU,,L3_vlm,0.0177,0.0679,0.0008,0.026,0.02,0.0373,0.002,0.0505,0.0296,461.1509,462.9616,100.0,16.2049
yolo11m,20.1,ladder,4,GPU,,L1_light,0.2544,0.3208,0.0003,0.159,0.6164,0.2544,0.0003,0.1589,0.617,22.1166,22.1455,2.6562,14.852
yolo11m,20.1,ladder,4,GPU,,L1_heavy,0.2546,0.3212,0.0003,0.159,0.6167,0.2544,0.0003,0.1589,0.617,25.1205,25.1546,7.3438,16.8683
yolo11m,20.1,ladder,4,GPU,,L2_lm,0.2559,0.3236,0.0003,0.159,0.619,0.229,0.0003,0.1444,0.5559,36.9542,36.9783,68.1818,22.2749
yolo11m,20.1,ladder,4,GPU,,L3_vlm,0.2564,0.3267,0.0007,0.1601,0.6137,0.0194,0.0,0.0141,0.0445,542.9713,493.3072,100.0,22.6937
yolo11m,20.1,ladder,5,GPU,,L1_light,0.445,0.5336,0.0324,0.241,0.5917,0.4747,0.0342,0.2524,0.6428,21.6366,21.6096,2.1845,9.561
yolo11m,20.1,ladder,5,GPU,,L1_heavy,0.4434,0.5361,0.0318,0.2384,0.5866,0.4725,0.0342,0.2519,0.6393,25.8071,25.8036,9.9757,11.3895
yolo11m,20.1,ladder,5,GPU,,L2_lm,0.4016,0.5337,0.0282,0.2178,0.5246,0.4307,0.031,0.23,0.5856,36.4486,36.5024,68.4636,14.6507
yolo11m,20.1,ladder,5,GPU,,L3_vlm,0.0393,0.1381,0.0006,0.0311,0.0426,0.0403,0.0045,0.021,0.0542,436.1288,450.1793,100.0,14.8571
yolo11m,20.1,ladder,6,GPU,,L1_light,0.1216,0.2226,0.0231,0.105,0.4008,0.1911,0.0295,0.1861,0.6718,21.8786,21.8643,2.7335,10.2641
yolo11m,20.1,ladder,6,GPU,,L1_heavy,0.1181,0.2179,0.0228,0.1026,0.3853,0.1911,0.0295,0.1861,0.6718,24.6936,24.6726,7.2893,11.5819
yolo11m,20.1,ladder,6,GPU,,L2_lm,0.0776,0.1633,0.0143,0.0683,0.232,0.1782,0.0277,0.1732,0.6269,35.6372,35.9125,60.2978,15.5607
yolo11m,20.1,ladder,6,GPU,,L3_vlm,0.0037,0.0142,0.0014,0.0021,0.01,0.0158,0.0036,0.0134,0.0466,0.0,529.3356,0.0,15.8812
yolo11m,20.1,ladder,7,GPU,,L1_light,0.298,0.4656,0.001,0.2869,0.4853,0.3822,0.0025,0.351,0.6642,21.8631,21.7977,1.8265,10.2114
yolo11m,20.1,ladder,7,GPU,,L1_heavy,0.2915,0.4669,0.001,0.2836,0.4704,0.3822,0.0025,0.351,0.6642,24.8154,24.7663,8.2192,11.6014
yolo11m,20.1,ladder,7,GPU,,L2_lm,0.215,0.4121,0.0005,0.2204,0.3095,0.3395,0.0025,0.3178,0.5738,36.5941,36.5733,65.9898,15.53
yolo11m,20.1,ladder,7,GPU,,L3_vlm,0.0152,0.0516,0.0,0.0138,0.0274,0.0298,0.0,0.0248,0.0524,452.6676,477.8261,100.0,15.7694
yolo11m,20.1,ladder,8,GPU,,L1_light,0.1427,0.2788,0.033,0.2137,0.4638,0.1762,0.0402,0.2692,0.6326,22.7626,22.741,1.5116,20.2559
yolo11m,20.1,ladder,8,GPU,,L1_heavy,0.1409,0.278,0.0317,0.2099,0.4537,0.1762,0.0402,0.2692,0.6326,25.4636,25.4306,6.3953,22.6509
yolo11m,20.1,ladder,8,GPU,,L2_lm,0.1036,0.2541,0.0258,0.1441,0.2977,0.1605,0.0366,0.2469,0.5668,36.6187,36.5971,66.838,29.5906
yolo11m,20.1,ladder,8,GPU,,L3_vlm,0.0023,0.0105,0.0017,0.0012,0.0106,0.0159,0.0053,0.0214,0.0495,493.6849,501.0467,100.0,30.0648
yolo11m,20.1,ladder,9,GPU,,L1_light,0.1291,0.1921,0.0091,0.1405,0.2649,0.1635,0.0113,0.2106,0.3909,22.1708,22.1524,0.319,14.5665
yolo11m,20.1,ladder,9,GPU,,L1_heavy,0.1269,0.1909,0.0089,0.1373,0.2585,0.1635,0.0113,0.2106,0.3909,24.6725,24.6962,5.9011,16.2382
yolo11m,20.1,ladder,9,GPU,,L2_lm,0.0969,0.1609,0.0072,0.0803,0.1907,0.1538,0.0108,0.1955,0.3746,35.2952,35.273,60.4096,21.7419
yolo11m,20.1,ladder,9,GPU,,L3_vlm,0.0055,0.0216,0.003,0.004,0.0102,0.0157,0.0018,0.0167,0.0349,501.9489,481.2771,100.0,22.1403
yolo11m,20.1,ladder,10,GPU,,L1_light,0.2041,0.3605,0.0527,0.1953,0.3931,0.2946,0.0672,0.3341,0.5734,22.2392,22.2199,0.6881,10.3629
yolo11m,20.1,ladder,10,GPU,,L1_heavy,0.199,0.3534,0.0524,0.1874,0.3839,0.2946,0.0672,0.3341,0.5734,24.8664,24.9207,7.3394,11.6224
yolo11m,20.1,ladder,10,GPU,,L2_lm,0.1467,0.2921,0.0342,0.1214,0.2829,0.2721,0.0627,0.3054,0.5362,35.549,35.5045,59.2593,15.4582
yolo11m,20.1,ladder,10,GPU,,L3_vlm,0.01,0.0332,0.0009,0.0037,0.0195,0.0222,0.0061,0.025,0.0458,0.0,522.2132,0.0,15.6674
yolo11m,20.1,ladder,11,GPU,,L1_light,0.3013,0.4254,0.0085,0.2183,0.622,0.3198,0.0113,0.271,0.7506,21.9774,21.9787,0.2296,19.8188
yolo11m,20.1,ladder,11,GPU,,L1_heavy,0.299,0.4224,0.0082,0.2121,0.5998,0.3194,0.0113,0.271,0.75,25.1862,25.1823,5.4023,22.6823
yolo11m,20.1,ladder,11,GPU,,L2_lm,0.2752,0.3977,0.0051,0.1566,0.4811,0.2913,0.0103,0.2462,0.6876,36.1812,36.4145,60.9355,29.9168
yolo11m,20.1,ladder,11,GPU,,L3_vlm,0.165,0.2841,0.0018,0.0571,0.2718,0.0261,0.0038,0.0214,0.0564,529.1959,522.6857,100.0,30.3177
yolo11m,20.1,ladder,12,GPU,,L1_light,0.4598,0.5818,0.0851,0.4585,0.907,0.4748,0.0851,0.4272,0.9494,21.5517,21.5462,0.2278,10.1139
yolo11m,20.1,ladder,12,GPU,,L1_heavy,0.4582,0.5817,0.085,0.4192,0.9025,0.4748,0.0851,0.4272,0.9494,24.743,24.7273,4.1002,11.6064
yolo11m,20.1,ladder,12,GPU,,L2_lm,0.4502,0.5817,0.0841,0.4503,0.8752,0.4497,0.0809,0.404,0.8937,34.8462,34.9427,57.7295,15.5266
yolo11m,20.1,ladder,12,GPU,,L3_vlm,0.2303,0.4074,0.0907,0.2205,0.3874,0.036,0.0089,0.0305,0.0617,0.0,586.2265,0.0,15.829
yolo11m,20.1,ladder,13,GPU,,L1_light,0.2392,0.3555,0.0234,0.1504,0.4691,0.2899,0.0252,0.2139,0.5981,22.1877,22.1595,0.578,19.8528
yolo11m,20.1,ladder,13,GPU,,L1_heavy,0.2355,0.3552,0.0232,0.1482,0.4639,0.2899,0.0252,0.2139,0.5981,24.6412,24.681,5.6647,22.1072
yolo11m,20.1,ladder,13,GPU,,L2_lm,0.196,0.3291,0.02,0.1057,0.4011,0.2794,0.024,0.203,0.5659,34.8487,34.8737,56.2882,29.6325
yolo11m,20.1,ladder,13,GPU,,L3_vlm,0.0235,0.0496,0.0019,0.0092,0.0596,0.0229,0.0047,0.0146,0.0549,496.039,483.0587,100.0,30.4348
yolo11m,20.1,ladder,14,GPU,,L1_light,0.4926,0.6192,0.1087,0.2213,0.5748,0.5439,0.114,0.2455,0.638,21.5661,21.569,0.2296,19.4496
yolo11m,20.1,ladder,14,GPU,,L1_heavy,0.487,0.6168,0.1082,0.2199,0.5688,0.5439,0.114,0.2455,0.638,24.3685,24.3163,5.0517,21.9268
yolo11m,20.1,ladder,14,GPU,,L2_lm,0.4281,0.6111,0.1076,0.2032,0.4968,0.5284,0.1104,0.2394,0.6177,33.926,33.9906,50.7729,29.6356
yolo11m,20.1,ladder,14,GPU,,L3_vlm,0.0895,0.165,0.0697,0.072,0.0804,0.0431,0.0102,0.0195,0.0498,478.6262,480.2239,100.0,30.2561
yolo11m,20.1,ladder,15,GPU,,L1_light,0.1391,0.2507,0.03,0.1584,0.4026,0.2222,0.043,0.2598,0.692,22.1822,22.1971,0.2328,19.7493
yolo11m,20.1,ladder,15,GPU,,L1_heavy,0.1352,0.2488,0.0294,0.1552,0.386,0.2222,0.043,0.2598,0.692,24.4943,24.4591,5.0058,21.7638
yolo11m,20.1,ladder,15,GPU,,L2_lm,0.0953,0.2147,0.0212,0.1053,0.2509,0.2081,0.0407,0.2451,0.6415,34.8641,34.8519,54.254,29.3346
yolo11m,20.1,ladder,15,GPU,,L3_vlm,0.0016,0.0072,0.0007,0.0037,0.002,0.018,0.0037,0.0202,0.05,508.538,515.0129,100.0,29.8727
yolo11m,20.1,ladder,16,GPU,,L1_light,0.3361,0.4683,0.0153,0.4813,0.6237,0.3712,0.0193,0.5183,0.743,22.3116,22.31,0.0,10.4717
yolo11m,20.1,ladder,16,GPU,,L1_heavy,0.3305,0.4682,0.0151,0.4536,0.6144,0.3712,0.0193,0.5183,0.743,25.0781,25.085,5.2392,11.774
yolo11m,20.1,ladder,16,GPU,,L2_lm,0.2866,0.4505,0.0135,0.3836,0.4908,0.3467,0.0181,0.4427,0.6888,35.7486,35.8177,62.069,15.625
yolo11m,20.1,ladder,16,GPU,,L3_vlm,0.0214,0.0905,0.0027,0.1499,0.0354,0.0304,0.0044,0.0787,0.0539,0.0,527.8467,0.0,15.8364
yolo11m,20.1,ladder,17,GPU,,L1_light,0.3024,0.4376,0.031,0.3198,0.7597,0.3383,0.0342,0.355,0.8455,21.4819,21.4985,0.2247,10.2203
yolo11m,20.1,ladder,17,GPU,,L1_heavy,0.2999,0.4373,0.031,0.3173,0.7516,0.3383,0.0342,0.355,0.8455,25.1764,25.099,6.0674,11.9312
yolo11m,20.1,ladder,17,GPU,,L2_lm,0.2555,0.4227,0.0251,0.2684,0.6496,0.319,0.032,0.3349,0.8044,35.2776,35.3401,57.7938,15.8057
yolo11m,20.1,ladder,17,GPU,,L3_vlm,0.0432,0.1237,0.005,0.0473,0.1463,0.024,0.0042,0.0251,0.0543,0.0,555.6271,0.0,16.1142
yolo11m,20.1,ladder,18,GPU,,L1_light,0.2207,0.2729,0.0263,0.116,0.7846,0.2468,0.0303,0.1756,0.8773,21.2709,21.2742,0.1148,19.1838
yolo11m,20.1,ladder,18,GPU,,L1_heavy,0.2194,0.2728,0.026,0.1149,0.7789,0.2468,0.0303,0.1756,0.8773,24.2525,24.2254,5.3961,21.8457
yolo11m,20.1,ladder,18,GPU,,L2_lm,0.2014,0.2694,0.0205,0.0943,0.7047,0.2328,0.0289,0.1663,0.8239,34.1606,34.1909,46.5686,28.9483
yolo11m,20.1,ladder,18,GPU,,L3_vlm,0.0907,0.1536,0.0026,0.0081,0.271,0.0204,0.0031,0.0164,0.0647,509.4128,493.5978,100.0,30.6051
yolo11m,20.1,ladder,19,GPU,,L1_light,0.1423,0.243,0.0236,0.1577,0.4074,0.2286,0.037,0.3297,0.6717,22.5407,22.6004,0.6881,10.5404
yolo11m,20.1,ladder,19,GPU,,L1_heavy,0.1396,0.2412,0.0229,0.1536,0.3966,0.2286,0.037,0.3297,0.6717,24.9208,24.8078,6.1927,11.5697
yolo11m,20.1,ladder,19,GPU,,L2_lm,0.1001,0.1958,0.0187,0.1004,0.267,0.211,0.0343,0.3031,0.6034,36.3234,36.2433,61.3065,15.5283
yolo11m,20.1,ladder,19,GPU,,L3_vlm,0.012,0.0226,0.0005,0.0024,0.0324,0.0173,0.0039,0.0223,0.032,0.0,569.0675,0.0,15.9348
yolo11m,20.1,ladder,20,GPU,,L1_light,0.1237,0.2062,0.0138,0.1041,0.3723,0.194,0.0153,0.2361,0.6421,21.5625,21.526,0.4556,10.104
yolo11m,20.1,ladder,20,GPU,,L1_heavy,0.1214,0.2013,0.0132,0.1021,0.3588,0.1935,0.0153,0.2352,0.6392,24.6351,24.6198,5.9361,11.5314
yolo11m,20.1,ladder,20,GPU,,L2_lm,0.0946,0.165,0.0124,0.0756,0.252,0.1868,0.0147,0.2261,0.6242,34.1498,34.1361,53.6643,15.4726
yolo11m,20.1,ladder,20,GPU,,L3_vlm,0.01,0.0346,0.0016,0.0143,0.0185,0.0175,0.0021,0.0215,0.0374,457.1366,469.3863,100.0,15.9603
yolo11m,20.1,ladder,21,GPU,,L1_light,0.1321,0.3231,0.0171,0.0752,0.2747,0.3346,0.0203,0.3816,0.55,22.425,22.3988,0.4556,10.5135
yolo11m,20.1,ladder,21,GPU,,L1_heavy,0.13,0.3146,0.0169,0.0729,0.2731,0.3346,0.0203,0.3816,0.55,24.5841,24.5578,5.2392,11.5266
yolo11m,20.1,ladder,21,GPU,,L2_lm,0.0864,0.1993,0.0145,0.0372,0.2132,0.3143,0.0195,0.3609,0.5069,35.2887,35.3304,57.7017,15.5226
yolo11m,20.1,ladder,21,GPU,,L3_vlm,0.0143,0.0538,0.0019,0.0047,0.0367,0.0366,0.0023,0.0468,0.0285,532.7484,458.2619,100.0,16.0403
yolo11m,20.1,ladder,22,GPU,,L1_light,0.2976,0.4459,0.0107,0.2756,0.6917,0.3109,0.0113,0.278,0.7372,22.4133,22.418,0.8989,10.6574
yolo11m,20.1,ladder,22,GPU,,L1_heavy,0.2974,0.4463,0.0107,0.2759,0.6903,0.3109,0.0113,0.278,0.7372,25.3443,25.3037,5.618,12.0286
yolo11m,20.1,ladder,22,GPU,,L2_lm,0.2804,0.4405,0.0106,0.2726,0.6397,0.2848,0.0101,0.2555,0.6742,36.1487,36.1093,66.9118,15.8348
yolo11m,20.1,ladder,22,GPU,,L3_vlm,0.178,0.2756,0.0068,0.2095,0.3292,0.0275,0.0018,0.0219,0.0618,381.6742,471.3078,100.0,16.0256
yolo11m,20.1,ladder,23,GPU,,L1_light,0.1845,0.3602,0.0504,0.2114,0.4988,0.3309,0.0771,0.4774,0.6989,22.1208,22.1162,0.4494,10.5136
yolo11m,20.1,ladder,23,GPU,,L1_heavy,0.1799,0.3532,0.0485,0.2049,0.487,0.3309,0.0771,0.4774,0.6989,24.4169,24.3486,4.7191,11.5755
yolo11m,20.1,ladder,23,GPU,,L2_lm,0.1137,0.2496,0.0342,0.1253,0.3232,0.3122,0.0729,0.4514,0.6595,35.035,35.0378,55.0239,15.7057
yolo11m,20.1,ladder,23,GPU,,L3_vlm,0.0111,0.0275,0.0004,0.0259,0.0259,0.0245,0.0067,0.0325,0.0436,0.0,548.7499,0.0,15.9147
