detector,params_M,phase,sid,device,infer_mode,mxq_path,bg_level,sap_5095,sap_50,sap_s,sap_m,sap_l,map_5095,map_s,map_m,map_l,latency_mean,eff_e2e_mean,frame_skip_pct,wall_sec
yolo11x,56.9,ladder,0,GPU,,,L1_light,0.1095,0.197,0.0355,0.1909,0.5763,0.1432,0.0442,0.2453,0.7205,28.1742,28.1425,2.1814,25.3763
yolo11x,56.9,ladder,0,GPU,,,L1_heavy,0.0796,0.1634,0.0214,0.1333,0.4655,0.1384,0.0424,0.2368,0.697,33.3302,33.3079,46.8639,29.1643
yolo11x,56.9,ladder,0,GPU,,,L2_lm,0.0604,0.1366,0.0139,0.1034,0.3883,0.1087,0.035,0.1849,0.558,42.724,42.7899,88.0952,30.0687
yolo11x,56.9,ladder,0,GPU,,,L3_vlm,0.0023,0.0083,0.0002,0.0005,0.0258,0.0107,0.003,0.0187,0.0417,679.8387,710.5699,100.0,30.556
yolo11x,56.9,ladder,1,GPU,,,L1_light,0.1244,0.2331,0.0177,0.1432,0.3908,0.1786,0.0184,0.2155,0.6197,28.3878,28.3793,1.0333,25.5884
yolo11x,56.9,ladder,1,GPU,,,L1_heavy,0.0767,0.1741,0.0169,0.0939,0.212,0.1756,0.0183,0.2112,0.6057,32.6127,32.5789,41.9393,28.8853
yolo11x,56.9,ladder,1,GPU,,,L2_lm,0.0581,0.1429,0.0154,0.075,0.1539,0.1364,0.014,0.1704,0.4783,46.5603,46.3259,89.3204,30.0358
yolo11x,56.9,ladder,1,GPU,,,L3_vlm,0.004,0.0175,0.0014,0.0062,0.007,0.0143,0.0019,0.0137,0.0458,595.6746,582.0296,100.0,30.8494
yolo11x,56.9,ladder,2,GPU,,,L1_light,0.1634,0.2687,0.0571,0.2697,0.5919,0.2086,0.0642,0.3918,0.8428,29.2639,29.2475,3.1891,13.727
yolo11x,56.9,ladder,2,GPU,,,L1_heavy,0.1344,0.2279,0.048,0.2023,0.4561,0.2072,0.0633,0.389,0.8311,32.4339,32.4296,42.9561,15.026
yolo11x,56.9,ladder,2,GPU,,,L2_lm,0.1135,0.1948,0.0382,0.1622,0.3944,0.1591,0.0493,0.3006,0.6251,44.0212,43.9758,92.3313,15.6637
yolo11x,56.9,ladder,2,GPU,,,L3_vlm,0.0139,0.0423,0.0032,0.009,0.0683,0.0148,0.0053,0.0248,0.0542,0.0,636.8328,0.0,15.9217
yolo11x,56.9,ladder,3,GPU,,,L1_light,0.225,0.482,0.0247,0.3902,0.3892,0.4574,0.032,0.5377,0.6218,29.1515,29.1418,3.5955,13.8527
yolo11x,56.9,ladder,3,GPU,,,L1_heavy,0.1813,0.3954,0.0209,0.3304,0.2737,0.4391,0.0301,0.5192,0.5735,33.2503,33.1368,43.6195,15.2868
yolo11x,56.9,ladder,3,GPU,,,L2_lm,0.1479,0.3306,0.0199,0.2991,0.2021,0.3499,0.0235,0.4242,0.4801,44.0614,44.1839,93.3131,15.8828
yolo11x,56.9,ladder,3,GPU,,,L3_vlm,0.0102,0.0393,0.0004,0.0098,0.0122,0.0327,0.002,0.0312,0.0276,0.0,640.1308,0.0,16.0042
yolo11x,56.9,ladder,4,GPU,,,L1_light,0.2765,0.332,0.0168,0.1616,0.6434,0.2767,0.0167,0.1617,0.6434,29.23,29.2201,1.5625,19.5917
yolo11x,56.9,ladder,4,GPU,,,L1_heavy,0.2771,0.333,0.0168,0.1612,0.6442,0.2683,0.0152,0.158,0.626,33.1707,33.2404,45.6592,21.6874
yolo11x,56.9,ladder,4,GPU,,,L2_lm,0.2768,0.3334,0.0152,0.1615,0.645,0.2155,0.013,0.1258,0.501,42.8578,42.8161,91.0387,22.329
yolo11x,56.9,ladder,4,GPU,,,L3_vlm,0.2833,0.3398,0.0167,0.1621,0.6435,0.0175,0.003,0.0116,0.0355,876.3238,707.8387,100.0,23.3599
yolo11x,56.9,ladder,5,GPU,,,L1_light,0.5714,0.6813,0.0562,0.2573,0.7343,0.6215,0.0607,0.2712,0.8075,28.953,28.9746,3.6496,12.7875
yolo11x,56.9,ladder,5,GPU,,,L1_heavy,0.529,0.6805,0.0521,0.2384,0.6733,0.6022,0.0592,0.2633,0.7851,33.6208,33.6752,47.619,14.4572
yolo11x,56.9,ladder,5,GPU,,,L2_lm,0.4888,0.6742,0.0468,0.2233,0.6219,0.4736,0.0465,0.2102,0.6189,43.2292,42.9956,91.6933,14.7594
yolo11x,56.9,ladder,5,GPU,,,L3_vlm,0.0281,0.1126,0.0012,0.0201,0.0418,0.0322,0.0045,0.0167,0.0452,0.0,727.1235,0.0,15.2703
yolo11x,56.9,ladder,6,GPU,,,L1_light,0.1505,0.2692,0.0366,0.1396,0.4502,0.2397,0.0446,0.2716,0.7303,28.5284,28.4818,0.9112,13.3684
yolo11x,56.9,ladder,6,GPU,,,L1_heavy,0.1033,0.2095,0.0253,0.1045,0.2713,0.2294,0.0427,0.2643,0.6844,33.7502,33.7443,50.3546,15.2978
yolo11x,56.9,ladder,6,GPU,,,L2_lm,0.0868,0.1902,0.0201,0.0845,0.2335,0.1874,0.0348,0.208,0.5734,42.3621,42.3437,92.6471,15.6861
yolo11x,56.9,ladder,6,GPU,,,L3_vlm,0.0028,0.0127,0.0012,0.0021,0.0082,0.0161,0.0041,0.0156,0.0482,0.0,618.4165,0.0,16.0805
yolo11x,56.9,ladder,7,GPU,,,L1_light,0.311,0.4864,0.0012,0.3264,0.4879,0.4063,0.0,0.4027,0.6801,28.6446,28.6313,1.5982,13.4096
yolo11x,56.9,ladder,7,GPU,,,L1_heavy,0.2359,0.4352,0.0,0.2561,0.3401,0.3926,0.0,0.3884,0.6643,34.086,34.0628,51.8957,15.4073
yolo11x,56.9,ladder,7,GPU,,,L2_lm,0.2011,0.4215,0.0,0.2246,0.2769,0.3223,0.0,0.3197,0.5404,42.3345,42.6625,91.6667,15.6233
yolo11x,56.9,ladder,7,GPU,,,L3_vlm,0.0069,0.028,0.0,0.0078,0.0121,0.0234,0.0,0.0243,0.0419,0.0,692.5885,0.0,15.9304
yolo11x,56.9,ladder,8,GPU,,,L1_light,0.1727,0.3208,0.071,0.2379,0.4933,0.2097,0.0827,0.2948,0.6823,29.4291,29.4502,2.093,26.2293
yolo11x,56.9,ladder,8,GPU,,,L1_heavy,0.1346,0.2984,0.0622,0.1717,0.3413,0.2029,0.0818,0.2846,0.652,33.4023,33.4208,48.024,28.9282
yolo11x,56.9,ladder,8,GPU,,,L2_lm,0.112,0.274,0.0517,0.139,0.2833,0.1572,0.062,0.2229,0.4994,44.6063,44.5699,96.0692,29.7119
yolo11x,56.9,ladder,8,GPU,,,L3_vlm,0.0129,0.0378,0.0054,0.0111,0.0135,0.0177,0.008,0.0201,0.0418,619.7052,665.8447,100.0,29.9646
yolo11x,56.9,ladder,9,GPU,,,L1_light,0.1855,0.2632,0.0115,0.1885,0.3511,0.2314,0.0151,0.2824,0.4887,29.6937,29.7244,5.1037,19.5434
yolo11x,56.9,ladder,9,GPU,,,L1_heavy,0.1604,0.2388,0.0099,0.1453,0.2828,0.2275,0.0148,0.2775,0.4823,32.6757,32.5761,40.9091,21.0603
yolo11x,56.9,ladder,9,GPU,,,L2_lm,0.1353,0.2165,0.0091,0.1004,0.2447,0.1745,0.0111,0.2153,0.3589,44.6398,44.812,94.7712,21.9293
yolo11x,56.9,ladder,9,GPU,,,L3_vlm,0.014,0.0445,0.0027,0.0049,0.0308,0.0176,0.002,0.0165,0.056,515.7671,598.7929,100.0,22.1566
yolo11x,56.9,ladder,10,GPU,,,L1_light,0.236,0.4012,0.067,0.2176,0.4475,0.3391,0.0882,0.3615,0.6635,29.3875,29.3514,3.211,13.6875
yolo11x,56.9,ladder,10,GPU,,,L1_heavy,0.1788,0.3464,0.046,0.1483,0.323,0.329,0.0871,0.3505,0.6315,33.6902,33.7099,47.981,15.2137
yolo11x,56.9,ladder,10,GPU,,,L2_lm,0.1462,0.3024,0.0322,0.111,0.2771,0.2561,0.0657,0.2695,0.5057,44.0163,44.2671,91.9003,15.5614
yolo11x,56.9,ladder,10,GPU,,,L3_vlm,0.0052,0.0229,0.0003,0.0039,0.0089,0.0223,0.0056,0.0246,0.0414,0.0,625.104,0.0,15.6285
yolo11x,56.9,ladder,11,GPU,,,L1_light,0.3183,0.4362,0.0126,0.2595,0.6036,0.3398,0.0156,0.319,0.7485,29.0881,29.1201,3.2147,26.2566
yolo11x,56.9,ladder,11,GPU,,,L1_heavy,0.2965,0.4138,0.0087,0.2048,0.4913,0.3324,0.0156,0.3126,0.7358,33.5243,33.4473,47.7647,29.4544
yolo11x,56.9,ladder,11,GPU,,,L2_lm,0.287,0.3977,0.0065,0.1839,0.4619,0.2645,0.0123,0.2432,0.5764,42.8834,42.9013,90.1493,30.0715
yolo11x,56.9,ladder,11,GPU,,,L3_vlm,0.1597,0.2796,0.0005,0.0761,0.252,0.0228,0.004,0.0196,0.0412,667.2713,653.1622,100.0,30.7002
yolo11x,56.9,ladder,12,GPU,,,L1_light,0.5238,0.6432,0.0997,0.5599,0.9098,0.539,0.1005,0.5166,0.9497,29.2029,29.1761,2.2779,13.6934
yolo11x,56.9,ladder,12,GPU,,,L1_heavy,0.5152,0.6447,0.0983,0.5021,0.8795,0.526,0.0987,0.5063,0.9226,33.399,33.3397,47.4299,15.2799
yolo11x,56.9,ladder,12,GPU,,,L2_lm,0.5059,0.6441,0.1016,0.4928,0.8571,0.416,0.0814,0.3982,0.7242,43.6327,43.7298,91.4634,15.6656
yolo11x,56.9,ladder,12,GPU,,,L3_vlm,0.2617,0.4198,0.0774,0.2632,0.3497,0.0298,0.0059,0.0286,0.0523,0.0,677.949,0.0,16.2716
yolo11x,56.9,ladder,13,GPU,,,L1_light,0.2851,0.4181,0.0406,0.2018,0.5114,0.3463,0.0458,0.2849,0.6454,29.1916,29.2094,2.3121,26.1618
yolo11x,56.9,ladder,13,GPU,,,L1_heavy,0.2426,0.3932,0.034,0.1579,0.4568,0.3379,0.0444,0.274,0.6192,33.2665,33.2477,43.8849,28.7506
yolo11x,56.9,ladder,13,GPU,,,L2_lm,0.1928,0.368,0.0294,0.1266,0.3872,0.239,0.0347,0.217,0.4623,43.6628,44.0682,89.7991,29.86
yolo11x,56.9,ladder,13,GPU,,,L3_vlm,0.0263,0.0662,0.0031,0.0139,0.0585,0.0207,0.007,0.0187,0.0389,553.681,582.9951,100.0,30.3178
yolo11x,56.9,ladder,14,GPU,,,L1_light,0.5569,0.7014,0.1287,0.3386,0.7946,0.6233,0.1336,0.3804,0.8717,28.5536,28.5257,3.7887,25.7252
yolo11x,56.9,ladder,14,GPU,,,L1_heavy,0.5095,0.6983,0.1259,0.3234,0.7375,0.6135,0.1326,0.3716,0.8552,32.3838,32.4118,40.7235,28.7748
yolo11x,56.9,ladder,14,GPU,,,L2_lm,0.449,0.685,0.1243,0.3076,0.6657,0.4611,0.1013,0.2927,0.6579,44.7058,44.8134,92.1997,30.1148
yolo11x,56.9,ladder,14,GPU,,,L3_vlm,0.1368,0.2248,0.0809,0.1749,0.288,0.0399,0.0105,0.0292,0.0612,556.7062,569.8367,100.0,30.2037
yolo11x,56.9,ladder,15,GPU,,,L1_light,0.1236,0.2561,0.0298,0.1439,0.2953,0.2492,0.0573,0.2966,0.7082,31.8353,31.7656,31.0023,28.2351
yolo11x,56.9,ladder,15,GPU,,,L1_heavy,0.1018,0.2272,0.0236,0.1167,0.2456,0.2307,0.053,0.2751,0.6522,35.8613,35.806,59.8734,29.3891
yolo11x,56.9,ladder,15,GPU,,,L2_lm,0.0836,0.2028,0.0187,0.0931,0.1986,0.1885,0.0419,0.2265,0.5399,44.1276,44.0269,90.5132,29.6652
yolo11x,56.9,ladder,15,GPU,,,L3_vlm,0.002,0.0072,0.0006,0.0034,0.0025,0.0201,0.0045,0.0212,0.0495,556.9336,568.3431,100.0,30.124
yolo11x,56.9,ladder,16,GPU,,,L1_light,0.3001,0.4355,0.0275,0.6749,0.535,0.3377,0.0302,0.704,0.6605,27.9259,27.899,0.9112,13.0962
yolo11x,56.9,ladder,16,GPU,,,L1_heavy,0.2621,0.4246,0.0233,0.6083,0.4355,0.3325,0.0298,0.695,0.6394,33.6243,33.4907,46.0094,15.2854
yolo11x,56.9,ladder,16,GPU,,,L2_lm,0.2386,0.4155,0.0219,0.6172,0.372,0.2637,0.0244,0.5488,0.5116,43.0993,43.3698,93.9394,15.6228
yolo11x,56.9,ladder,16,GPU,,,L3_vlm,0.0184,0.0728,0.0038,0.1021,0.0317,0.0275,0.0027,0.0833,0.0433,0.0,598.5775,0.0,16.1626
yolo11x,56.9,ladder,17,GPU,,,L1_light,0.3152,0.4713,0.0391,0.3457,0.7336,0.3572,0.0434,0.3879,0.827,29.1388,29.0513,4.7191,13.8109
yolo11x,56.9,ladder,17,GPU,,,L1_heavy,0.2754,0.4605,0.0353,0.2997,0.6506,0.3487,0.0414,0.3791,0.8117,33.3325,33.2162,49.5392,15.4243
yolo11x,56.9,ladder,17,GPU,,,L2_lm,0.2472,0.4358,0.0314,0.2697,0.5817,0.2683,0.0328,0.2905,0.6256,44.4772,44.7438,96.6049,15.8509
yolo11x,56.9,ladder,17,GPU,,,L3_vlm,0.0411,0.1108,0.0019,0.0456,0.1223,0.0229,0.0049,0.025,0.0463,0.0,671.4981,0.0,16.1169
yolo11x,56.9,ladder,18,GPU,,,L1_light,0.2297,0.2977,0.0316,0.124,0.7837,0.263,0.038,0.2046,0.8803,27.782,27.7729,1.6073,25.0461
yolo11x,56.9,ladder,18,GPU,,,L1_heavy,0.2097,0.2903,0.0241,0.102,0.7087,0.2575,0.037,0.199,0.8583,33.0792,33.0911,45.2184,29.0461
yolo11x,56.9,ladder,18,GPU,,,L2_lm,0.1963,0.2764,0.0198,0.0883,0.6642,0.2117,0.0307,0.1644,0.7044,41.8392,41.899,89.5197,30.0677
yolo11x,56.9,ladder,18,GPU,,,L3_vlm,0.0774,0.151,0.0008,0.0052,0.231,0.0153,0.0031,0.0119,0.0464,662.6346,675.502,100.0,30.3992
yolo11x,56.9,ladder,19,GPU,,,L1_light,0.1432,0.2602,0.0339,0.1736,0.383,0.2537,0.0601,0.3776,0.6745,29.342,29.3138,3.8991,13.673
yolo11x,56.9,ladder,19,GPU,,,L1_heavy,0.1112,0.2241,0.027,0.1277,0.2928,0.248,0.0587,0.3703,0.6641,33.2005,33.0951,46.2441,15.1037
yolo11x,56.9,ladder,19,GPU,,,L2_lm,0.0893,0.194,0.0226,0.0987,0.22,0.1965,0.0455,0.2905,0.5063,43.0765,42.9345,91.5663,15.5608
yolo11x,56.9,ladder,19,GPU,,,L3_vlm,0.0081,0.0259,0.0018,0.0039,0.0214,0.019,0.0065,0.0254,0.0346,0.0,538.4271,0.0,15.6157
yolo11x,56.9,ladder,20,GPU,,,L1_light,0.1171,0.2061,0.0176,0.1077,0.3139,0.2038,0.0198,0.2631,0.6294,30.2637,30.2312,15.103,14.1313
yolo11x,56.9,ladder,20,GPU,,,L1_heavy,0.095,0.1701,0.0154,0.0814,0.2298,0.1907,0.0185,0.2461,0.5877,35.1655,35.2208,58.0882,15.4389
yolo11x,56.9,ladder,20,GPU,,,L2_lm,0.0808,0.156,0.015,0.0738,0.1893,0.145,0.0145,0.1886,0.4497,47.8205,47.785,94.9664,15.6885
yolo11x,56.9,ladder,20,GPU,,,L3_vlm,0.0105,0.0364,0.0037,0.0109,0.0211,0.0157,0.0034,0.0195,0.0399,0.0,613.106,0.0,15.9418
yolo11x,56.9,ladder,21,GPU,,,L1_light,0.1453,0.3448,0.024,0.0791,0.2908,0.3641,0.0285,0.4136,0.5544,28.0656,28.0544,4.7836,13.1693
yolo11x,56.9,ladder,21,GPU,,,L1_heavy,0.1128,0.2657,0.0211,0.0501,0.2504,0.3556,0.0281,0.4017,0.5484,32.9706,33.0835,43.4884,15.2319
yolo11x,56.9,ladder,21,GPU,,,L2_lm,0.0916,0.2097,0.0177,0.0368,0.2139,0.2667,0.0217,0.3011,0.414,44.3061,44.5714,95.0156,15.6565
yolo11x,56.9,ladder,21,GPU,,,L3_vlm,0.0187,0.0663,0.0021,0.0029,0.0383,0.0249,0.003,0.0285,0.0434,0.0,578.1303,0.0,16.1887
yolo11x,56.9,ladder,22,GPU,,,L1_light,0.3613,0.5235,0.0363,0.3296,0.7484,0.371,0.0361,0.3319,0.7907,28.5295,28.5542,6.0674,13.5752
yolo11x,56.9,ladder,22,GPU,,,L1_heavy,0.3488,0.5228,0.0362,0.3251,0.7036,0.3566,0.0347,0.3185,0.7585,33.6299,33.6343,50.3513,15.3825
yolo11x,56.9,ladder,22,GPU,,,L2_lm,0.3366,0.5189,0.0369,0.3233,0.6746,0.2807,0.0284,0.252,0.5987,44.055,44.0129,95.4545,15.861
yolo11x,56.9,ladder,22,GPU,,,L3_vlm,0.1979,0.2936,0.0341,0.2428,0.2849,0.0207,0.0048,0.0173,0.0406,0.0,743.965,0.0,16.3681
yolo11x,56.9,ladder,23,GPU,,,L1_light,0.2003,0.3875,0.0788,0.217,0.4995,0.3742,0.1231,0.5266,0.7151,28.6073,28.5873,6.7416,13.5904
yolo11x,56.9,ladder,23,GPU,,,L1_heavy,0.1407,0.292,0.0556,0.1463,0.376,0.3625,0.1199,0.5123,0.688,33.1334,33.17,45.2214,15.2385
yolo11x,56.9,ladder,23,GPU,,,L2_lm,0.1101,0.2515,0.0451,0.1178,0.2966,0.2923,0.0964,0.4115,0.5575,42.8757,43.1127,93.787,15.8796
yolo11x,56.9,ladder,23,GPU,,,L3_vlm,0.0106,0.0313,0.0006,0.0261,0.0223,0.0247,0.0092,0.032,0.0463,0.0,613.3912,0.0,15.9492
