bg_level,n_streams,npu_mode,placement_name,placement_spec,mean_sap,worst_sap,sap_var,mean_map,worst_map,mean_latency,frame_skip_total,n_active_streams,wall_sec,s0_dev,s0_sid,s0_sap,s0_sap_s,s0_sap_m,s0_sap_l,s0_map,s0_lat,s0_skip,s1_dev,s1_sid,s1_sap,s1_sap_s,s1_sap_m,s1_sap_l,s1_map,s1_lat,s1_skip,s2_dev,s2_sid,s2_sap,s2_sap_s,s2_sap_m,s2_sap_l,s2_map,s2_lat,s2_skip,s3_dev,s3_sid,s3_sap,s3_sap_s,s3_sap_m,s3_sap_l,s3_map,s3_lat,s3_skip,s4_dev,s4_sid,s4_sap,s4_sap_s,s4_sap_m,s4_sap_l,s4_map,s4_lat,s4_skip,s5_dev,s5_sid,s5_sap,s5_sap_s,s5_sap_m,s5_sap_l,s5_map,s5_lat,s5_skip,s6_dev,s6_sid,s6_sap,s6_sap_s,s6_sap_m,s6_sap_l,s6_map,s6_lat,s6_skip,s7_dev,s7_sid,s7_sap,s7_sap_s,s7_sap_m,s7_sap_l,s7_map,s7_lat,s7_skip
L1,4,single,Naive_allGPU+Oracle,"[""GPU"", ""GPU"", ""GPU"", ""GPU""]",0.1313,0.0906,0.001953,0.2423,0.1447,29.97,117.5,4,14.0,GPU,2,0.105,0.0153,0.1367,0.4761,0.1447,30.45,31.1,GPU,22,0.2049,0.0016,0.1922,0.6295,0.2149,29.67,28.4,GPU,3,0.125,0.0031,0.2235,0.3004,0.3291,29.81,29.6,GPU,21,0.0906,0.0091,0.0241,0.2296,0.2804,29.93,28.4,,,,,,,,,,,,,,,,,,,,,,,,,,,,,,,,,,,,
L1,4,single,AllNPU+Oracle,"[""NPU"", ""NPU"", ""NPU"", ""NPU""]",0.1263,0.0836,0.001591,0.2123,0.1329,19.95,0.2,4,10.3,NPU,2,0.109,0.0113,0.1426,0.5659,0.1329,18.24,0.0,NPU,22,0.1912,0.001,0.1733,0.614,0.1996,17.94,0.0,NPU,3,0.1214,0.0005,0.1816,0.339,0.2899,21.92,0.0,NPU,21,0.0836,0.0014,0.0246,0.2127,0.2268,21.71,0.2,,,,,,,,,,,,,,,,,,,,,,,,,,,,,,,,,,,,
L1,4,single,SizeAware+Oracle,"[""NPU"", ""NPU"", ""GPU"", ""GPU""]",0.1373,0.1058,0.001184,0.2376,0.1329,22.4,18.8,4,11.9,NPU,2,0.109,0.0113,0.1426,0.5659,0.1329,18.37,0.0,NPU,22,0.1912,0.001,0.1733,0.614,0.1996,21.51,0.0,GPU,3,0.1429,0.0035,0.244,0.3142,0.3315,24.93,9.2,GPU,21,0.1058,0.0101,0.0365,0.2514,0.2865,24.78,9.6,,,,,,,,,,,,,,,,,,,,,,,,,,,,,,,,,,,,
L1,4,single,SizeBlindRev+Oracle,"[""GPU"", ""GPU"", ""NPU"", ""NPU""]",0.1328,0.0836,0.002177,0.2211,0.1492,21.59,18.8,4,11.9,GPU,2,0.1165,0.0162,0.1606,0.5546,0.1492,24.86,9.1,GPU,22,0.2096,0.0014,0.1923,0.6421,0.2187,24.96,9.7,NPU,3,0.1214,0.0005,0.1816,0.339,0.2899,19.35,0.0,NPU,21,0.0836,0.0014,0.0244,0.2127,0.2268,17.17,0.0,,,,,,,,,,,,,,,,,,,,,,,,,,,,,,,,,,,,
L1,4,single,Oracle,"[""NPU"", ""GPU"", ""GPU"", ""GPU""]",0.1357,0.0967,0.001777,0.2391,0.1329,26.29,72.1,4,13.5,NPU,2,0.109,0.0113,0.1426,0.5659,0.1329,18.88,0.0,GPU,22,0.2054,0.0011,0.1919,0.628,0.2145,28.9,24.9,GPU,3,0.1318,0.0031,0.2413,0.2622,0.3266,28.8,25.0,GPU,21,0.0967,0.0093,0.0308,0.2335,0.2824,28.59,22.2,,,,,,,,,,,,,,,,,,,,,,,,,,,,,,,,,,,,
L1,4,single,Oracle,"[""GPU"", ""NPU"", ""GPU"", ""GPU""]",0.1345,0.1027,0.001213,0.2397,0.1482,25.66,62.9,4,13.3,GPU,2,0.1096,0.016,0.1464,0.4931,0.1482,28.19,21.2,NPU,22,0.1912,0.001,0.1733,0.614,0.1996,18.9,0.0,GPU,3,0.1344,0.0032,0.2377,0.3159,0.3261,27.8,21.0,GPU,21,0.1027,0.0098,0.035,0.2445,0.2849,27.74,20.7,,,,,,,,,,,,,,,,,,,,,,,,,,,,,,,,,,,,
L1,4,single,Oracle,"[""GPU"", ""GPU"", ""NPU"", ""GPU""]",0.1342,0.097,0.001902,0.2341,0.1464,25.47,63.9,4,13.1,GPU,2,0.1101,0.0156,0.1489,0.5025,0.1464,27.62,21.3,GPU,22,0.2082,0.0014,0.1926,0.6349,0.2153,28.04,22.8,NPU,3,0.1214,0.0005,0.1816,0.339,0.2899,18.46,0.0,GPU,21,0.097,0.0098,0.0299,0.2353,0.2849,27.76,19.8,,,,,,,,,,,,,,,,,,,,,,,,,,,,,,,,,,,,
L1,4,single,Oracle,"[""GPU"", ""GPU"", ""GPU"", ""NPU""]",0.1323,0.0836,0.00209,0.2302,0.1485,25.07,60.4,4,13.1,GPU,2,0.1108,0.0158,0.1492,0.5281,0.1485,27.3,19.8,GPU,22,0.2065,0.0016,0.1922,0.6339,0.2163,27.48,20.5,GPU,3,0.1283,0.0033,0.2346,0.2628,0.329,27.41,20.2,NPU,21,0.0836,0.0014,0.0244,0.2127,0.2268,18.08,0.0,,,,,,,,,,,,,,,,,,,,,,,,,,,,,,,,,,,,
L1,4,single,Oracle,"[""NPU"", ""GPU"", ""NPU"", ""GPU""]",0.138,0.109,0.001765,0.232,0.1329,21.28,17.0,4,11.6,NPU,2,0.109,0.0113,0.1426,0.5659,0.1329,18.35,0.0,GPU,22,0.2103,0.0014,0.1924,0.6434,0.2189,24.2,8.8,NPU,3,0.1214,0.0005,0.1816,0.339,0.2899,18.37,0.0,GPU,21,0.1111,0.01,0.0426,0.2559,0.2865,24.19,8.2,,,,,,,,,,,,,,,,,,,,,,,,,,,,,,,,,,,,
L1,4,single,Oracle,"[""NPU"", ""GPU"", ""GPU"", ""NPU""]",0.138,0.0836,0.002262,0.2275,0.1329,20.81,14.6,4,11.8,NPU,2,0.109,0.0113,0.1426,0.5659,0.1329,17.46,0.0,GPU,22,0.2094,0.0014,0.1926,0.6413,0.2189,24.41,7.4,GPU,3,0.1502,0.0034,0.2554,0.3471,0.3315,24.18,7.2,NPU,21,0.0836,0.0014,0.0244,0.2127,0.2268,17.19,0.0,,,,,,,,,,,,,,,,,,,,,,,,,,,,,,,,,,,,
L1,4,single,Oracle,"[""GPU"", ""NPU"", ""NPU"", ""GPU""]",0.1331,0.1052,0.00116,0.2313,0.1492,21.23,20.5,4,11.8,GPU,2,0.1146,0.0163,0.1596,0.5412,0.1492,24.97,10.0,NPU,22,0.1912,0.001,0.1733,0.614,0.1996,17.88,0.0,NPU,3,0.1214,0.0005,0.1816,0.339,0.2899,17.26,0.0,GPU,21,0.1052,0.0101,0.0351,0.2522,0.2865,24.8,10.5,,,,,,,,,,,,,,,,,,,,,,,,,,,,,,,,,,,,
L1,4,single,Oracle,"[""GPU"", ""NPU"", ""GPU"", ""NPU""]",0.1331,0.0836,0.001537,0.2268,0.1492,21.24,20.6,4,11.8,GPU,2,0.117,0.0164,0.1654,0.5536,0.1492,24.78,10.0,NPU,22,0.1912,0.001,0.1733,0.614,0.1996,18.64,0.0,GPU,3,0.1406,0.0034,0.2467,0.3428,0.3315,24.52,10.6,NPU,21,0.0836,0.0014,0.0244,0.2127,0.2268,17.0,0.0,,,,,,,,,,,,,,,,,,,,,,,,,,,,,,,,,,,,
L1,4,single,Oracle,"[""NPU"", ""NPU"", ""NPU"", ""GPU""]",0.134,0.109,0.001113,0.2272,0.1329,18.97,4.1,4,11.1,NPU,2,0.109,0.0113,0.1425,0.5658,0.1329,17.48,0.2,NPU,22,0.1912,0.001,0.1733,0.614,0.1996,17.64,0.2,NPU,3,0.1215,0.0005,0.1816,0.3389,0.2899,17.28,0.2,GPU,21,0.1142,0.01,0.0455,0.2602,0.2865,23.46,3.4,,,,,,,,,,,,,,,,,,,,,,,,,,,,,,,,,,,,
L1,4,single,Oracle,"[""NPU"", ""NPU"", ""GPU"", ""NPU""]",0.1341,0.0836,0.001695,0.2227,0.1329,18.84,3.4,4,11.4,NPU,2,0.109,0.0113,0.1426,0.5659,0.1329,17.39,0.0,NPU,22,0.1912,0.001,0.1733,0.614,0.1996,17.31,0.0,GPU,3,0.1524,0.0034,0.2557,0.3465,0.3315,23.74,3.4,NPU,21,0.0836,0.0014,0.0244,0.2127,0.2268,16.91,0.0,,,,,,,,,,,,,,,,,,,,,,,,,,,,,,,,,,,,
L1,4,single,Oracle,"[""NPU"", ""GPU"", ""NPU"", ""NPU""]",0.1311,0.0836,0.002287,0.2171,0.1329,18.85,6.5,4,11.5,NPU,2,0.109,0.0113,0.1426,0.5659,0.1329,17.19,0.0,GPU,22,0.2105,0.0014,0.193,0.6443,0.2189,23.93,6.5,NPU,3,0.1214,0.0005,0.1816,0.339,0.2899,17.15,0.0,NPU,21,0.0836,0.0014,0.0244,0.2127,0.2268,17.14,0.0,,,,,,,,,,,,,,,,,,,,,,,,,,,,,,,,,,,,
L1,4,single,Oracle,"[""GPU"", ""NPU"", ""NPU"", ""NPU""]",0.1289,0.0836,0.001521,0.2164,0.1492,18.88,6.2,4,11.3,GPU,2,0.1194,0.0163,0.1702,0.5672,0.1492,23.81,6.2,NPU,22,0.1912,0.001,0.1733,0.614,0.1996,17.63,0.0,NPU,3,0.1214,0.0005,0.1816,0.339,0.2899,17.06,0.0,NPU,21,0.0836,0.0014,0.0244,0.2127,0.2268,17.04,0.0,,,,,,,,,,,,,,,,,,,,,,,,,,,,,,,,,,,,
L1,5,single,Naive_allGPU+Oracle,"[""GPU"", ""GPU"", ""GPU"", ""GPU"", ""GPU""]",0.1258,0.0775,0.002145,0.205,0.1199,37.46,279.3,1,23.5,GPU,2,0.0911,0.0122,0.103,0.4248,0.1199,40.91,64.4,GPU,22,0.1983,0.0011,0.1894,0.6017,0.1815,38.98,60.7,GPU,13,0.1617,0.0088,0.0944,0.3644,0.2115,28.56,29.8,GPU,3,0.1003,0.0021,0.1962,0.2289,0.2759,39.5,62.4,GPU,21,0.0775,0.0085,0.0164,0.2033,0.2361,39.36,61.9,,,,,,,,,,,,,,,,,,,,,,,,,,,
L1,5,single,AllNPU+Oracle,"[""NPU"", ""NPU"", ""NPU"", ""NPU"", ""NPU""]",0.1385,0.0836,0.00187,0.214,0.1329,17.8,0.0,5,14.9,NPU,2,0.109,0.0113,0.1426,0.5659,0.1329,18.0,0.0,NPU,22,0.1912,0.001,0.1733,0.614,0.1996,18.28,0.0,NPU,13,0.1874,0.0038,0.0861,0.3991,0.2209,16.54,0.0,NPU,3,0.1214,0.0005,0.1816,0.339,0.2899,17.99,0.0,NPU,21,0.0836,0.0014,0.0244,0.2127,0.2268,18.21,0.0,,,,,,,,,,,,,,,,,,,,,,,,,,,
L1,5,single,SizeAware+Oracle,"[""NPU"", ""NPU"", ""NPU"", ""GPU"", ""GPU""]",0.1416,0.0991,0.001568,0.233,0.1329,22.61,41.0,5,17.9,NPU,2,0.109,0.0113,0.1426,0.5659,0.1329,18.72,0.0,NPU,22,0.1912,0.001,0.1733,0.614,0.1996,18.79,0.0,NPU,13,0.1874,0.0038,0.0861,0.3991,0.2209,20.0,0.0,GPU,3,0.1214,0.0033,0.2275,0.2556,0.3282,27.68,19.8,GPU,21,0.0991,0.0098,0.031,0.2384,0.2832,27.84,21.2,,,,,,,,,,,,,,,,,,,,,,,,,,,
L1,5,single,SizeBlindRev+Oracle,"[""GPU"", ""GPU"", ""GPU"", ""NPU"", ""NPU""]",0.1369,0.0836,0.002055,0.2191,0.1393,24.95,81.0,5,21.8,GPU,2,0.1023,0.0159,0.1331,0.4818,0.1393,30.33,34.1,GPU,22,0.2066,0.0014,0.1911,0.6321,0.2125,29.95,31.0,GPU,13,0.1707,0.0091,0.1008,0.3791,0.2271,24.46,15.9,NPU,3,0.1214,0.0005,0.1816,0.339,0.2899,18.6,0.0,NPU,21,0.0836,0.0014,0.0244,0.2127,0.2268,21.39,0.0,,,,,,,,,,,,,,,,,,,,,,,,,,,
L1,5,single,Oracle,"[""NPU"", ""GPU"", ""GPU"", ""GPU"", ""GPU""]",0.1318,0.0779,0.002067,0.2151,0.1329,30.76,187.6,2,23.2,NPU,2,0.109,0.0113,0.1426,0.5659,0.1329,18.86,0.0,GPU,22,0.2004,0.0012,0.1914,0.6115,0.1983,35.69,55.8,GPU,13,0.1688,0.0088,0.0982,0.3729,0.2194,27.05,25.6,GPU,3,0.1028,0.002,0.2059,0.2011,0.2897,35.85,50.6,GPU,21,0.0779,0.0091,0.0141,0.2099,0.235,36.37,55.6,,,,,,,,,,,,,,,,,,,,,,,,,,,
L1,5,single,Oracle,"[""GPU"", ""NPU"", ""GPU"", ""GPU"", ""GPU""]",0.1257,0.0772,0.001924,0.2145,0.1301,30.94,183.4,2,23.0,GPU,2,0.0944,0.0142,0.1114,0.4219,0.1301,36.07,55.1,NPU,22,0.1912,0.001,0.1733,0.614,0.1996,20.86,0.0,GPU,13,0.1635,0.0087,0.0993,0.3683,0.2139,26.66,23.9,GPU,3,0.1021,0.0027,0.2033,0.1965,0.281,35.39,52.0,GPU,21,0.0772,0.009,0.0156,0.2045,0.2478,35.7,52.3,,,,,,,,,,,,,,,,,,,,,,,,,,,
L1,5,single,Oracle,"[""GPU"", ""GPU"", ""NPU"", ""GPU"", ""GPU""]",0.1307,0.0748,0.002614,0.212,0.1244,34.37,253.3,1,16.0,GPU,2,0.0923,0.0132,0.1028,0.4183,0.1244,39.13,65.2,GPU,22,0.1972,0.0013,0.1889,0.6022,0.1909,37.7,61.3,NPU,13,0.1874,0.0038,0.0861,0.3991,0.2209,17.81,0.0,GPU,3,0.1018,0.002,0.1998,0.2181,0.2773,38.78,65.2,GPU,21,0.0748,0.0085,0.0145,0.1994,0.2464,38.42,61.6,,,,,,,,,,,,,,,,,,,,,,,,,,,
L1,5,single,Oracle,"[""GPU"", ""GPU"", ""GPU"", ""NPU"", ""GPU""]",0.1339,0.0792,0.002129,0.2202,0.1351,29.02,153.0,5,22.6,GPU,2,0.0973,0.0145,0.1202,0.4709,0.1351,33.43,43.7,GPU,22,0.2053,0.0013,0.1905,0.6227,0.2064,33.27,43.2,GPU,13,0.1664,0.0088,0.0989,0.3725,0.2132,26.11,20.1,NPU,3,0.1214,0.0005,0.1816,0.339,0.2899,18.31,0.0,GPU,21,0.0792,0.0094,0.0154,0.2111,0.2566,34.0,45.9,,,,,,,,,,,,,,,,,,,,,,,,,,,
L1,5,single,Oracle,"[""GPU"", ""GPU"", ""GPU"", ""GPU"", ""NPU""]",0.1297,0.0836,0.002057,0.2127,0.1303,29.91,169.3,5,23.0,GPU,2,0.0958,0.0138,0.116,0.4308,0.1303,35.29,49.9,GPU,22,0.201,0.0014,0.1904,0.6114,0.2003,34.85,49.1,GPU,13,0.1648,0.0089,0.0983,0.3711,0.2173,26.58,22.0,GPU,3,0.1034,0.0028,0.2058,0.1988,0.2888,34.66,48.4,NPU,21,0.0836,0.0014,0.0244,0.2127,0.2268,18.17,0.0,,,,,,,,,,,,,,,,,,,,,,,,,,,
L1,5,single,Oracle,"[""NPU"", ""NPU"", ""GPU"", ""GPU"", ""GPU""]",0.1331,0.0846,0.001662,0.2274,0.1329,24.52,83.5,5,21.6,NPU,2,0.109,0.0113,0.1426,0.5659,0.1329,18.64,0.0,NPU,22,0.1912,0.001,0.1733,0.614,0.1996,19.1,0.0,GPU,13,0.1711,0.0089,0.1013,0.3796,0.2261,24.21,16.2,GPU,3,0.1095,0.0033,0.2198,0.2425,0.3087,30.36,34.8,GPU,21,0.0846,0.0096,0.0179,0.2234,0.2696,30.27,32.6,,,,,,,,,,,,,,,,,,,,,,,,,,,
L1,5,single,Oracle,"[""NPU"", ""GPU"", ""NPU"", ""GPU"", ""GPU""]",0.1375,0.0828,0.002228,0.2246,0.1329,27.19,134.6,5,15.9,NPU,2,0.109,0.0113,0.1426,0.5659,0.1329,18.44,0.0,GPU,22,0.2005,0.0016,0.1904,0.6137,0.2046,33.4,45.6,NPU,13,0.1874,0.0038,0.0861,0.3991,0.2209,17.71,0.0,GPU,3,0.1079,0.0025,0.2144,0.2504,0.3045,33.17,44.0,GPU,21,0.0828,0.0093,0.0194,0.2159,0.2603,33.23,45.1,,,,,,,,,,,,,,,,,,,,,,,,,,,
L1,5,single,Oracle,"[""NPU"", ""GPU"", ""GPU"", ""NPU"", ""GPU""]",0.1384,0.0869,0.001881,0.2214,0.1329,24.35,77.2,5,21.6,NPU,2,0.109,0.0113,0.1426,0.5659,0.1329,19.07,0.0,GPU,22,0.2074,0.0014,0.1904,0.632,0.2106,29.53,32.9,GPU,13,0.1673,0.0091,0.1022,0.3759,0.2174,24.58,15.1,NPU,3,0.1214,0.0005,0.1816,0.339,0.2899,18.66,0.0,GPU,21,0.0869,0.0099,0.0178,0.2249,0.2563,29.93,29.2,,,,,,,,,,,,,,,,,,,,,,,,,,,
L1,5,single,Oracle,"[""NPU"", ""GPU"", ""GPU"", ""GPU"", ""NPU""]",0.1378,0.0836,0.002137,0.2219,0.1329,24.19,76.8,5,21.5,NPU,2,0.109,0.0113,0.1426,0.5659,0.1329,18.68,0.0,GPU,22,0.2065,0.0015,0.1909,0.6312,0.2096,30.26,32.9,GPU,13,0.1772,0.0091,0.1023,0.385,0.2344,24.13,14.9,GPU,3,0.1125,0.0024,0.2195,0.2462,0.3059,29.76,29.0,NPU,21,0.0836,0.0014,0.0244,0.2127,0.2268,18.13,0.0,,,,,,,,,,,,,,,,,,,,,,,,,,,
L1,5,single,Oracle,"[""GPU"", ""NPU"", ""NPU"", ""GPU"", ""GPU""]",0.1354,0.084,0.002025,0.2296,0.1431,26.11,105.8,5,15.7,GPU,2,0.1021,0.0156,0.1299,0.4757,0.1431,31.67,36.5,NPU,22,0.1912,0.001,0.1733,0.614,0.1996,18.71,0.0,NPU,13,0.1874,0.0038,0.0861,0.3991,0.2209,17.44,0.0,GPU,3,0.112,0.0026,0.2179,0.2425,0.3137,31.33,33.9,GPU,21,0.084,0.0095,0.017,0.2203,0.2705,31.39,35.4,,,,,,,,,,,,,,,,,,,,,,,,,,,
L1,5,single,Oracle,"[""GPU"", ""NPU"", ""GPU"", ""NPU"", ""GPU""]",0.1337,0.0864,0.001565,0.2231,0.1397,24.07,78.5,5,21.3,GPU,2,0.1021,0.0154,0.1323,0.4874,0.1397,29.85,31.4,NPU,22,0.1912,0.001,0.1733,0.614,0.1996,18.75,0.0,GPU,13,0.1673,0.0088,0.1013,0.3758,0.2198,23.92,15.0,NPU,3,0.1214,0.0005,0.1816,0.339,0.2899,18.3,0.0,GPU,21,0.0864,0.0097,0.02,0.2236,0.2666,29.53,32.1,,,,,,,,,,,,,,,,,,,,,,,,,,,
L1,5,single,Oracle,"[""GPU"", ""NPU"", ""GPU"", ""GPU"", ""NPU""]",0.1311,0.0836,0.001765,0.2184,0.137,24.47,84.6,5,21.8,GPU,2,0.1022,0.0153,0.1325,0.4875,0.137,30.21,32.2,NPU,22,0.1912,0.001,0.1733,0.614,0.1996,18.91,0.0,GPU,13,0.1708,0.009,0.1005,0.3792,0.2261,24.81,17.1,GPU,3,0.1079,0.0026,0.2205,0.2283,0.3026,30.59,35.4,NPU,21,0.0836,0.0014,0.0244,0.2127,0.2268,17.85,0.0,,,,,,,,,,,,,,,,,,,,,,,,,,,
L1,5,single,Oracle,"[""GPU"", ""GPU"", ""NPU"", ""NPU"", ""GPU""]",0.1394,0.0854,0.002191,0.2258,0.1391,26.88,124.6,5,15.7,GPU,2,0.1008,0.015,0.1257,0.4627,0.1391,32.95,43.0,GPU,22,0.202,0.0015,0.1907,0.6176,0.2092,32.73,42.6,NPU,13,0.1874,0.0038,0.0861,0.3991,0.2209,17.47,0.0,NPU,3,0.1214,0.0005,0.1816,0.339,0.2899,18.93,0.0,GPU,21,0.0854,0.0092,0.0179,0.2215,0.2699,32.31,39.1,,,,,,,,,,,,,,,,,,,,,,,,,,,
L1,5,single,Oracle,"[""GPU"", ""GPU"", ""NPU"", ""GPU"", ""NPU""]",0.1368,0.0836,0.002469,0.217,0.1362,26.82,124.4,5,15.8,GPU,2,0.098,0.0142,0.1209,0.4353,0.1362,33.1,43.4,GPU,22,0.2054,0.0015,0.1906,0.6261,0.2104,32.44,38.0,NPU,13,0.1874,0.0038,0.0861,0.3991,0.2209,17.56,0.0,GPU,3,0.1096,0.0022,0.2219,0.2394,0.2907,33.01,42.9,NPU,21,0.0836,0.0014,0.0244,0.2127,0.2268,18.0,0.0,,,,,,,,,,,,,,,,,,,,,,,,,,,
L1,5,single,Oracle,"[""NPU"", ""NPU"", ""GPU"", ""NPU"", ""GPU""]",0.1387,0.0927,0.001533,0.2284,0.1329,20.99,32.5,5,20.5,NPU,2,0.1089,0.0113,0.1422,0.5651,0.1329,18.58,0.5,NPU,22,0.1913,0.001,0.1734,0.614,0.1996,18.52,0.2,GPU,13,0.1789,0.0092,0.1052,0.3864,0.2383,22.66,9.3,NPU,3,0.1217,0.0005,0.1816,0.3393,0.2899,18.37,0.2,GPU,21,0.0927,0.0098,0.0231,0.2351,0.2814,26.83,22.3,,,,,,,,,,,,,,,,,,,,,,,,,,,
L1,5,single,Oracle,"[""NPU"", ""NPU"", ""GPU"", ""GPU"", ""NPU""]",0.1396,0.0836,0.001835,0.2261,0.1329,20.87,31.9,5,20.1,NPU,2,0.109,0.0113,0.1426,0.5659,0.1329,18.7,0.0,NPU,22,0.1912,0.001,0.1733,0.614,0.1996,18.7,0.0,GPU,13,0.1872,0.0093,0.1048,0.3956,0.2412,22.24,9.8,GPU,3,0.1267,0.0034,0.233,0.2655,0.3298,26.47,22.1,NPU,21,0.0836,0.0014,0.0244,0.2127,0.2268,18.25,0.0,,,,,,,,,,,,,,,,,,,,,,,,,,,
L1,5,single,Oracle,"[""NPU"", ""GPU"", ""NPU"", ""NPU"", ""GPU""]",0.1433,0.091,0.002094,0.2282,0.1329,22.23,43.7,5,15.3,NPU,2,0.109,0.0113,0.1426,0.5659,0.1329,19.16,0.0,GPU,22,0.2076,0.0014,0.1915,0.6344,0.2164,28.21,21.7,NPU,13,0.1874,0.0038,0.0861,0.3991,0.2209,17.0,0.0,NPU,3,0.1214,0.0005,0.1816,0.339,0.2899,18.54,0.0,GPU,21,0.091,0.0099,0.0222,0.2345,0.2811,28.24,22.0,,,,,,,,,,,,,,,,,,,,,,,,,,,
L1,5,single,Oracle,"[""NPU"", ""GPU"", ""NPU"", ""GPU"", ""NPU""]",0.1415,0.0836,0.002271,0.2251,0.1329,22.59,52.7,5,15.4,NPU,2,0.109,0.0113,0.1426,0.5659,0.1329,18.74,0.0,GPU,22,0.2076,0.0014,0.1921,0.6335,0.2164,29.82,27.9,NPU,13,0.1874,0.0038,0.0861,0.3991,0.2209,17.14,0.0,GPU,3,0.1197,0.0029,0.2354,0.2431,0.3284,28.89,24.8,NPU,21,0.0836,0.0014,0.0244,0.2127,0.2268,18.36,0.0,,,,,,,,,,,,,,,,,,,,,,,,,,,
L1,5,single,Oracle,"[""NPU"", ""GPU"", ""GPU"", ""NPU"", ""NPU""]",0.1411,0.0836,0.002209,0.2216,0.1329,21.17,27.3,5,20.4,NPU,2,0.109,0.0113,0.1426,0.5659,0.1329,20.25,0.0,GPU,22,0.2091,0.0014,0.1912,0.6391,0.2167,26.42,18.4,GPU,13,0.1824,0.0093,0.104,0.3911,0.2415,22.5,8.9,NPU,3,0.1214,0.0005,0.1816,0.339,0.2899,18.43,0.0,NPU,21,0.0836,0.0014,0.0244,0.2127,0.2268,18.25,0.0,,,,,,,,,,,,,,,,,,,,,,,,,,,
L1,5,single,Oracle,"[""GPU"", ""NPU"", ""NPU"", ""NPU"", ""GPU""]",0.1426,0.0989,0.001508,0.2291,0.1487,21.43,31.8,5,15.0,GPU,2,0.1141,0.0163,0.159,0.5399,0.1487,26.85,13.7,NPU,22,0.1912,0.001,0.1733,0.614,0.1996,18.48,0.0,NPU,13,0.1874,0.0038,0.0861,0.3991,0.2209,16.64,0.0,NPU,3,0.1214,0.0005,0.1816,0.339,0.2899,17.74,0.0,GPU,21,0.0989,0.0097,0.0295,0.2434,0.2863,27.42,18.0,,,,,,,,,,,,,,,,,,,,,,,,,,,
L1,5,single,Oracle,"[""GPU"", ""NPU"", ""NPU"", ""GPU"", ""NPU""]",0.1389,0.0836,0.001856,0.2248,0.1492,21.91,38.5,5,15.2,GPU,2,0.1095,0.0158,0.1481,0.5197,0.1492,27.91,17.1,NPU,22,0.1912,0.001,0.1733,0.614,0.1996,18.76,0.0,NPU,13,0.1874,0.0038,0.0861,0.3991,0.2209,16.87,0.0,GPU,3,0.1227,0.0033,0.2297,0.2875,0.3274,27.96,21.4,NPU,21,0.0836,0.0014,0.0244,0.2127,0.2268,18.07,0.0,,,,,,,,,,,,,,,,,,,,,,,,,,,
L1,5,single,Oracle,"[""GPU"", ""NPU"", ""GPU"", ""NPU"", ""NPU""]",0.137,0.0836,0.001696,0.2203,0.1468,20.91,29.8,5,20.4,GPU,2,0.1103,0.0158,0.15,0.5211,0.1468,26.55,20.0,NPU,22,0.1912,0.001,0.1733,0.614,0.1996,18.82,0.0,GPU,13,0.1786,0.0093,0.1064,0.386,0.2383,22.62,9.8,NPU,3,0.1214,0.0005,0.1816,0.339,0.2899,18.21,0.0,NPU,21,0.0836,0.0014,0.0244,0.2127,0.2268,18.34,0.0,,,,,,,,,,,,,,,,,,,,,,,,,,,
L1,5,single,Oracle,"[""GPU"", ""GPU"", ""NPU"", ""NPU"", ""NPU""]",0.1418,0.0836,0.002329,0.2206,0.1486,22.03,45.6,5,15.5,GPU,2,0.1071,0.0156,0.1407,0.5038,0.1486,28.18,23.2,GPU,22,0.2093,0.0014,0.1922,0.6389,0.2167,28.14,22.0,NPU,13,0.1874,0.0038,0.0861,0.3991,0.2209,17.18,0.1,NPU,3,0.1214,0.0005,0.1816,0.339,0.2899,18.65,0.0,NPU,21,0.0836,0.0014,0.0245,0.2127,0.2268,18.02,0.2,,,,,,,,,,,,,,,,,,,,,,,,,,,
L1,5,single,Oracle,"[""NPU"", ""NPU"", ""NPU"", ""NPU"", ""GPU""]",0.1433,0.1075,0.001435,0.226,0.1329,21.12,10.5,5,17.4,NPU,2,0.109,0.0113,0.1423,0.5659,0.1329,18.63,0.2,NPU,22,0.1912,0.001,0.1733,0.614,0.1996,22.79,0.0,NPU,13,0.1874,0.0038,0.0858,0.3982,0.2209,19.31,0.2,NPU,3,0.1214,0.0005,0.1816,0.339,0.2899,18.5,0.0,GPU,21,0.1075,0.0102,0.0376,0.2538,0.2865,26.38,10.0,,,,,,,,,,,,,,,,,,,,,,,,,,,
L1,5,single,Oracle,"[""NPU"", ""NPU"", ""NPU"", ""GPU"", ""NPU""]",0.1425,0.0836,0.001798,0.2224,0.1329,20.1,13.5,5,15.2,NPU,2,0.109,0.0113,0.1426,0.5659,0.1329,19.98,0.0,NPU,22,0.1912,0.001,0.1733,0.614,0.1996,18.63,0.0,NPU,13,0.1874,0.0038,0.0861,0.3991,0.2209,16.89,0.0,GPU,3,0.1414,0.0033,0.2457,0.3142,0.3315,27.0,13.5,NPU,21,0.0836,0.0014,0.0244,0.2127,0.2268,17.99,0.0,,,,,,,,,,,,,,,,,,,,,,,,,,,
L1,5,single,Oracle,"[""NPU"", ""NPU"", ""GPU"", ""NPU"", ""NPU""]",0.139,0.0836,0.001914,0.2181,0.1329,19.99,3.8,5,20.0,NPU,2,0.109,0.0113,0.1425,0.5659,0.1329,20.39,0.2,NPU,22,0.1912,0.001,0.1733,0.614,0.1996,21.41,0.0,GPU,13,0.1896,0.0094,0.1085,0.3983,0.2415,22.06,3.6,NPU,3,0.1214,0.0005,0.1816,0.339,0.2899,18.19,0.0,NPU,21,0.0836,0.0014,0.0244,0.2127,0.2268,17.9,0.0,,,,,,,,,,,,,,,,,,,,,,,,,,,
L1,5,single,Oracle,"[""NPU"", ""GPU"", ""NPU"", ""NPU"", ""NPU""]",0.142,0.0836,0.002282,0.2179,0.1329,19.43,11.7,5,15.0,NPU,2,0.109,0.0113,0.1426,0.5659,0.1329,18.21,0.0,GPU,22,0.2085,0.0014,0.1927,0.6404,0.2189,26.24,11.7,NPU,13,0.1874,0.0038,0.0861,0.3991,0.2209,16.72,0.0,NPU,3,0.1214,0.0005,0.1816,0.339,0.2899,18.22,0.0,NPU,21,0.0836,0.0014,0.0244,0.2127,0.2268,17.76,0.0,,,,,,,,,,,,,,,,,,,,,,,,,,,
L1,5,single,Oracle,"[""GPU"", ""NPU"", ""NPU"", ""NPU"", ""NPU""]",0.14,0.0836,0.001794,0.2173,0.1492,19.54,10.7,5,15.1,GPU,2,0.1161,0.0163,0.1642,0.552,0.1492,26.21,10.7,NPU,22,0.1912,0.001,0.1733,0.614,0.1996,18.72,0.0,NPU,13,0.1874,0.0038,0.0861,0.3991,0.2209,16.81,0.0,NPU,3,0.1214,0.0005,0.1816,0.339,0.2899,18.09,0.0,NPU,21,0.0836,0.0014,0.0244,0.2127,0.2268,17.86,0.0,,,,,,,,,,,,,,,,,,,,,,,,,,,
L1,6,single,Naive_allGPU+Oracle,"[""GPU"", ""GPU"", ""GPU"", ""GPU"", ""GPU"", ""GPU""]",0.1564,0.0654,0.010118,0.207,0.0919,45.34,400.7,2,24.0,GPU,2,0.0832,0.0114,0.0855,0.383,0.0919,53.88,85.7,GPU,22,0.187,0.0009,0.188,0.5679,0.1398,52.27,82.4,GPU,13,0.1551,0.0086,0.0907,0.355,0.1944,31.65,32.9,GPU,3,0.0876,0.0018,0.1707,0.16,0.2193,50.55,81.8,GPU,21,0.0654,0.0071,0.0115,0.1764,0.1915,52.11,84.9,GPU,14,0.3599,0.0561,0.2064,0.5571,0.4054,31.6,33.2,,,,,,,,,,,,,,,,,,
L1,6,single,AllNPU+Oracle,"[""NPU"", ""NPU"", ""NPU"", ""NPU"", ""NPU"", ""NPU""]",0.184,0.0836,0.011896,0.2536,0.1329,18.11,0.0,6,14.9,NPU,2,0.109,0.0113,0.1426,0.5659,0.1329,19.25,0.0,NPU,22,0.1912,0.001,0.1733,0.614,0.1996,19.13,0.0,NPU,13,0.1874,0.0038,0.0861,0.3991,0.2209,16.43,0.0,NPU,3,0.1214,0.0005,0.1816,0.339,0.2899,18.94,0.0,NPU,21,0.0836,0.0014,0.0244,0.2127,0.2268,18.52,0.0,NPU,14,0.4114,0.0136,0.199,0.6555,0.4512,16.42,0.0,,,,,,,,,,,,,,,,,,
L1,6,single,SizeAware+Oracle,"[""NPU"", ""NPU"", ""NPU"", ""GPU"", ""GPU"", ""GPU""]",0.1784,0.0746,0.012391,0.2531,0.1329,26.88,145.0,4,23.5,NPU,2,0.109,0.0113,0.1425,0.5658,0.1329,19.78,0.5,NPU,22,0.1913,0.001,0.1734,0.6141,0.1996,20.14,0.4,NPU,13,0.1874,0.0038,0.0859,0.3991,0.2207,18.18,0.2,GPU,3,0.1006,0.0025,0.2035,0.1732,0.2697,37.15,54.4,GPU,21,0.0746,0.0085,0.0138,0.1988,0.2227,38.57,63.3,GPU,14,0.4074,0.0566,0.2102,0.617,0.4728,27.49,26.1,,,,,,,,,,,,,,,,,,
L1,6,single,SizeBlindRev+Oracle,"[""GPU"", ""GPU"", ""GPU"", ""NPU"", ""NPU"", ""NPU""]",0.1777,0.0836,0.012446,0.2461,0.1228,26.61,129.8,4,23.4,GPU,2,0.0942,0.0137,0.1139,0.4178,0.1228,36.36,53.4,GPU,22,0.2016,0.0014,0.1899,0.6117,0.1941,36.98,54.1,GPU,13,0.1542,0.0088,0.0976,0.3604,0.1917,27.71,22.1,NPU,3,0.1214,0.0005,0.1816,0.339,0.2899,19.33,0.0,NPU,21,0.0836,0.0014,0.0244,0.2127,0.2268,18.98,0.0,NPU,14,0.4113,0.0137,0.199,0.6555,0.4512,20.29,0.1,,,,,,,,,,,,,,,,,,
L1,6,single,Oracle,"[""NPU"", ""GPU"", ""GPU"", ""GPU"", ""GPU"", ""GPU""]",0.1672,0.0698,0.011286,0.2291,0.1329,34.47,269.0,3,23.8,NPU,2,0.109,0.0113,0.1426,0.5659,0.1329,18.59,0.0,GPU,22,0.1942,0.0011,0.1899,0.5951,0.1736,43.04,69.8,GPU,13,0.1543,0.0087,0.094,0.3567,0.1931,29.54,30.2,GPU,3,0.0897,0.0015,0.1883,0.1651,0.2299,43.36,68.7,GPU,21,0.0698,0.0085,0.0117,0.188,0.203,42.72,69.3,GPU,14,0.3861,0.0557,0.2094,0.5895,0.4422,29.56,31.1,,,,,,,,,,,,,,,,,,
L1,6,single,Oracle,"[""GPU"", ""NPU"", ""GPU"", ""GPU"", ""GPU"", ""GPU""]",0.1607,0.0687,0.011099,0.2263,0.1061,35.55,282.3,3,23.7,GPU,2,0.087,0.0126,0.0941,0.4254,0.1061,45.52,75.2,NPU,22,0.1912,0.001,0.1733,0.614,0.1996,19.12,0.0,GPU,13,0.1521,0.0089,0.0932,0.3545,0.1927,29.85,31.5,GPU,3,0.0886,0.0021,0.1765,0.1911,0.2309,44.54,73.0,GPU,21,0.0687,0.008,0.0126,0.1861,0.2002,44.31,71.7,GPU,14,0.3764,0.0565,0.208,0.5782,0.4284,29.97,30.8,,,,,,,,,,,,,,,,,,
L1,6,single,Oracle,"[""GPU"", ""GPU"", ""NPU"", ""GPU"", ""GPU"", ""GPU""]",0.1614,0.0671,0.010368,0.211,0.0989,42.47,378.9,2,23.9,GPU,2,0.084,0.0113,0.0879,0.3831,0.0989,51.2,85.3,GPU,22,0.1862,0.001,0.1899,0.5633,0.1423,51.29,86.0,NPU,13,0.1874,0.0038,0.0861,0.3991,0.2209,18.22,0.0,GPU,3,0.0825,0.0017,0.1703,0.1631,0.2078,51.63,85.5,GPU,21,0.0671,0.0076,0.0116,0.18,0.1928,50.86,87.0,GPU,14,0.3609,0.0544,0.2068,0.5578,0.4035,31.63,35.1,,,,,,,,,,,,,,,,,,
L1,6,single,Oracle,"[""GPU"", ""GPU"", ""GPU"", ""NPU"", ""GPU"", ""GPU""]",0.1631,0.0658,0.010192,0.2243,0.1089,36.24,300.7,3,23.7,GPU,2,0.0876,0.0127,0.0976,0.3929,0.1089,44.49,78.1,GPU,22,0.19,0.0016,0.1881,0.5784,0.1586,46.24,76.2,GPU,13,0.1429,0.0087,0.0927,0.3446,0.1791,30.11,32.6,NPU,3,0.1214,0.0005,0.1816,0.339,0.2899,18.94,0.0,GPU,21,0.0658,0.008,0.0111,0.1789,0.1889,47.31,81.0,GPU,14,0.3707,0.0562,0.2083,0.5708,0.4206,30.37,32.8,,,,,,,,,,,,,,,,,,
L1,6,single,Oracle,"[""GPU"", ""GPU"", ""GPU"", ""GPU"", ""NPU"", ""GPU""]",0.1642,0.0836,0.010948,0.2251,0.1068,35.4,277.9,3,23.8,GPU,2,0.0862,0.0121,0.0934,0.3925,0.1068,44.84,72.1,GPU,22,0.1919,0.0012,0.188,0.5861,0.1646,44.97,72.3,GPU,13,0.154,0.0086,0.0932,0.3556,0.1938,29.92,31.6,GPU,3,0.0896,0.0019,0.1893,0.1607,0.2243,44.75,70.4,NPU,21,0.0836,0.0014,0.0244,0.2127,0.2268,18.37,0.0,GPU,14,0.3802,0.0569,0.208,0.5838,0.4344,29.54,31.5,,,,,,,,,,,,,,,,,,
L1,6,single,Oracle,"[""GPU"", ""GPU"", ""GPU"", ""GPU"", ""GPU"", ""NPU""]",0.1617,0.0646,0.014206,0.2106,0.0966,42.73,382.8,2,23.6,GPU,2,0.0837,0.0117,0.0859,0.3811,0.0966,51.65,87.1,GPU,22,0.1887,0.0009,0.188,0.5731,0.1412,51.16,85.6,GPU,13,0.1382,0.0086,0.0895,0.3382,0.1743,31.79,34.5,GPU,3,0.0835,0.0019,0.1651,0.1425,0.2138,51.93,86.1,GPU,21,0.0646,0.0074,0.012,0.1749,0.1868,51.87,89.4,NPU,14,0.4114,0.0136,0.199,0.6555,0.4512,17.99,0.0,,,,,,,,,,,,,,,,,,
L1,6,single,Oracle,"[""GPU"", ""GPU"", ""NPU"", ""GPU"", ""NPU"", ""GPU""]",0.171,0.0836,0.01107,0.2346,0.1108,32.59,260.4,3,24.0,GPU,2,0.0875,0.0127,0.0968,0.3894,0.1108,43.5,77.1,GPU,22,0.1933,0.0013,0.1884,0.5882,0.1696,42.97,75.8,NPU,13,0.1874,0.0038,0.0861,0.3991,0.2209,18.04,0.0,GPU,3,0.0915,0.0021,0.1828,0.1668,0.2386,43.52,75.6,NPU,21,0.0836,0.0014,0.0244,0.2127,0.2268,18.06,0.0,GPU,14,0.3825,0.0556,0.2074,0.5864,0.4408,29.44,31.8,,,,,,,,,,,,,,,,,,
L1,6,single,Oracle,"[""NPU"", ""GPU"", ""NPU"", ""GPU"", ""GPU"", ""GPU""]",0.172,0.0682,0.011209,0.2354,0.1329,33.01,263.8,3,23.6,NPU,2,0.109,0.0113,0.1426,0.5659,0.1329,19.44,0.0,GPU,22,0.1928,0.0015,0.1895,0.589,0.1656,44.14,77.7,NPU,13,0.1874,0.0038,0.0861,0.3991,0.2209,17.8,0.0,GPU,3,0.0902,0.0019,0.1846,0.1412,0.243,43.54,74.2,GPU,21,0.0682,0.0078,0.0125,0.1849,0.2078,44.22,80.4,GPU,14,0.3845,0.0577,0.2082,0.5886,0.442,28.93,31.5,,,,,,,,,,,,,,,,,,
L1,6,single,Oracle,"[""NPU"", ""NPU"", ""GPU"", ""GPU"", ""GPU"", ""GPU""]",0.1686,0.07,0.011927,0.2388,0.1329,29.05,168.2,4,23.6,NPU,2,0.109,0.0113,0.1426,0.5659,0.1329,19.18,0.0,NPU,22,0.1912,0.001,0.1733,0.614,0.1996,19.08,0.0,GPU,13,0.1516,0.009,0.0957,0.3564,0.1891,28.27,26.8,GPU,3,0.0935,0.0029,0.1892,0.1771,0.2421,39.96,56.6,GPU,21,0.07,0.0089,0.0126,0.1914,0.2085,39.37,57.1,GPU,14,0.3963,0.0545,0.2095,0.6037,0.4606,28.42,27.6,,,,,,,,,,,,,,,,,,
L1,6,single,Oracle,"[""GPU"", ""GPU"", ""NPU"", ""GPU"", ""GPU"", ""NPU""]",0.171,0.0659,0.013996,0.2242,0.1034,38.4,342.6,2,16.3,GPU,2,0.0846,0.0113,0.0907,0.3793,0.1034,48.62,84.1,GPU,22,0.1898,0.001,0.1883,0.5747,0.1475,49.37,85.5,NPU,13,0.1874,0.0038,0.0861,0.3991,0.2209,18.12,0.0,GPU,3,0.0869,0.0016,0.1726,0.1302,0.2219,47.75,85.3,GPU,21,0.0659,0.008,0.0123,0.1778,0.2005,48.53,87.7,NPU,14,0.4114,0.0136,0.199,0.6555,0.4512,18.05,0.0,,,,,,,,,,,,,,,,,,
L1,6,single,Oracle,"[""NPU"", ""GPU"", ""GPU"", ""GPU"", ""GPU"", ""NPU""]",0.1711,0.0695,0.013202,0.2283,0.1329,34.19,278.0,3,23.9,NPU,2,0.109,0.0113,0.1426,0.5659,0.1329,19.07,0.0,GPU,22,0.1932,0.0009,0.1885,0.5835,0.1648,45.5,81.9,GPU,13,0.1528,0.0088,0.0925,0.3553,0.1894,30.23,33.6,GPU,3,0.0905,0.0019,0.1838,0.1635,0.2298,45.77,81.6,GPU,21,0.0695,0.0086,0.014,0.1848,0.2019,46.26,80.9,NPU,14,0.4114,0.0136,0.199,0.6555,0.4512,18.28,0.0,,,,,,,,,,,,,,,,,,
L1,6,single,Oracle,"[""NPU"", ""GPU"", ""GPU"", ""GPU"", ""NPU"", ""GPU""]",0.1735,0.0836,0.011648,0.2435,0.1329,28.91,183.4,4,23.9,NPU,2,0.109,0.0113,0.1426,0.5659,0.1329,19.26,0.0,GPU,22,0.1999,0.0016,0.1894,0.6097,0.1889,39.13,62.8,GPU,13,0.1562,0.0087,0.0967,0.3601,0.197,28.69,29.2,GPU,3,0.0942,0.0025,0.1991,0.1757,0.2511,39.46,62.7,NPU,21,0.0836,0.0014,0.0244,0.2127,0.2268,18.49,0.0,GPU,14,0.3979,0.0554,0.2096,0.6049,0.4642,28.45,28.6,,,,,,,,,,,,,,,,,,
L1,6,single,Oracle,"[""GPU"", ""GPU"", ""NPU"", ""NPU"", ""GPU"", ""GPU""]",0.1727,0.0686,0.010564,0.2385,0.1102,33.34,263.6,3,23.9,GPU,2,0.0877,0.0133,0.0972,0.3907,0.1102,43.95,75.1,GPU,22,0.1931,0.0013,0.1897,0.5861,0.1677,44.82,78.9,NPU,13,0.1874,0.0038,0.0861,0.3991,0.2209,18.15,0.0,NPU,3,0.1214,0.0005,0.1816,0.339,0.2899,18.73,0.0,GPU,21,0.0686,0.0081,0.0121,0.1862,0.2042,44.64,75.9,GPU,14,0.3778,0.0556,0.2089,0.5797,0.438,29.73,33.6,,,,,,,,,,,,,,,,,,
L1,6,single,Oracle,"[""NPU"", ""GPU"", ""GPU"", ""NPU"", ""GPU"", ""GPU""]",0.1755,0.07,0.011795,0.244,0.1329,29.04,172.8,4,23.3,NPU,2,0.109,0.0113,0.1426,0.5659,0.1329,19.31,0.0,GPU,22,0.1968,0.0015,0.1887,0.5983,0.1839,39.82,60.6,GPU,13,0.1535,0.0084,0.0957,0.3592,0.1909,28.17,26.4,NPU,3,0.1214,0.0005,0.1816,0.339,0.2899,19.31,0.0,GPU,21,0.07,0.009,0.0128,0.1915,0.2024,39.84,59.7,GPU,14,0.4021,0.0564,0.2091,0.6112,0.4643,27.79,26.1,,,,,,,,,,,,,,,,,,
L1,6,single,Oracle,"[""GPU"", ""NPU"", ""NPU"", ""GPU"", ""GPU"", ""GPU""]",0.1678,0.0699,0.011434,0.2347,0.1079,33.58,270.5,3,23.8,GPU,2,0.0866,0.0126,0.0946,0.3906,0.1079,45.06,82.2,NPU,22,0.1912,0.001,0.1733,0.614,0.1996,19.75,0.0,NPU,13,0.1874,0.0038,0.0861,0.3991,0.2209,18.17,0.0,GPU,3,0.0903,0.0023,0.1876,0.1988,0.2458,43.53,76.1,GPU,21,0.0699,0.0079,0.0127,0.1868,0.1988,45.31,78.7,GPU,14,0.3811,0.0543,0.2086,0.5844,0.4352,29.66,33.6,,,,,,,,,,,,,,,,,,
L1,6,single,Oracle,"[""GPU"", ""GPU"", ""GPU"", ""NPU"", ""NPU"", ""GPU""]",0.1746,0.0836,0.011725,0.2481,0.116,28.67,171.6,4,23.4,GPU,2,0.0912,0.0136,0.1073,0.4192,0.116,39.1,58.8,GPU,22,0.1985,0.0011,0.1885,0.6023,0.1873,39.72,59.3,GPU,13,0.152,0.0087,0.096,0.3571,0.2004,28.01,27.2,NPU,3,0.1214,0.0005,0.1816,0.339,0.2899,18.84,0.0,NPU,21,0.0836,0.0014,0.0244,0.2127,0.2268,18.46,0.0,GPU,14,0.4009,0.0573,0.211,0.6091,0.468,27.89,26.3,,,,,,,,,,,,,,,,,,
L1,6,single,Oracle,"[""GPU"", ""GPU"", ""GPU"", ""GPU"", ""NPU"", ""NPU""]",0.1696,0.0836,0.013337,0.2314,0.1087,33.03,263.0,3,23.8,GPU,2,0.0876,0.0129,0.0939,0.3963,0.1087,44.82,79.9,GPU,22,0.1952,0.0013,0.1898,0.5898,0.1696,44.02,75.3,GPU,13,0.1508,0.0088,0.0935,0.3537,0.1951,29.55,30.9,GPU,3,0.0893,0.0021,0.1758,0.1676,0.2374,43.63,76.8,NPU,21,0.0836,0.0014,0.0244,0.2127,0.2268,18.45,0.0,NPU,14,0.4114,0.0136,0.199,0.6555,0.4512,17.72,0.0,,,,,,,,,,,,,,,,,,
L1,6,single,Oracle,"[""GPU"", ""NPU"", ""GPU"", ""NPU"", ""GPU"", ""GPU""]",0.1732,0.0752,0.012248,0.2477,0.1179,28.61,177.2,4,23.3,GPU,2,0.0915,0.0136,0.1095,0.4164,0.1179,39.14,62.0,NPU,22,0.1912,0.001,0.1733,0.6142,0.1996,19.19,0.7,GPU,13,0.1545,0.0088,0.0963,0.3606,0.191,28.05,25.8,NPU,3,0.1215,0.0005,0.1816,0.339,0.2899,18.65,0.2,GPU,21,0.0752,0.0091,0.0155,0.2011,0.2234,38.84,63.9,GPU,14,0.4053,0.0563,0.2113,0.6134,0.4645,27.75,24.6,,,,,,,,,,,,,,,,,,
L1,6,single,Oracle,"[""GPU"", ""GPU"", ""NPU"", ""GPU"", ""NPU"", ""NPU""]",0.1787,0.0836,0.012886,0.2474,0.1257,28.62,198.8,3,16.3,GPU,2,0.0919,0.0133,0.1015,0.4181,0.1257,38.68,65.4,GPU,22,0.1977,0.0014,0.1888,0.6008,0.1884,39.22,66.9,NPU,13,0.1874,0.0038,0.0861,0.3989,0.2209,18.2,0.1,GPU,3,0.1001,0.002,0.1988,0.1912,0.2717,39.08,66.0,NPU,21,0.0836,0.0014,0.0245,0.2127,0.2268,18.7,0.2,NPU,14,0.4113,0.0137,0.199,0.6555,0.4512,17.85,0.1,,,,,,,,,,,,,,,,,,
L1,6,single,Oracle,"[""GPU"", ""NPU"", ""GPU"", ""NPU"", ""NPU"", ""GPU""]",0.1803,0.0836,0.013144,0.2533,0.1268,23.85,82.1,6,22.2,GPU,2,0.0976,0.0151,0.1236,0.4678,0.1268,33.14,42.8,NPU,22,0.1912,0.001,0.1733,0.614,0.1996,20.24,0.0,GPU,13,0.1654,0.0092,0.0994,0.3733,0.1973,25.89,19.1,NPU,3,0.1213,0.0005,0.1815,0.3387,0.2899,19.41,0.2,NPU,21,0.0836,0.0014,0.0244,0.2127,0.2268,19.04,0.0,GPU,14,0.4229,0.0558,0.2123,0.6367,0.4792,25.38,20.0,,,,,,,,,,,,,,,,,,
L1,6,single,Oracle,"[""NPU"", ""NPU"", ""GPU"", ""NPU"", ""GPU"", ""GPU""]",0.1794,0.0788,0.012842,0.253,0.1329,24.12,84.4,6,22.1,NPU,2,0.109,0.0113,0.1421,0.5659,0.1329,19.88,0.2,NPU,22,0.1912,0.001,0.1733,0.614,0.1996,20.23,0.0,GPU,13,0.1559,0.0089,0.0985,0.3633,0.1962,25.96,20.2,NPU,3,0.1214,0.0005,0.1816,0.339,0.2899,19.59,0.0,GPU,21,0.0788,0.0095,0.0153,0.2105,0.2266,33.31,44.3,GPU,14,0.4201,0.0577,0.2123,0.6325,0.4728,25.75,19.6,,,,,,,,,,,,,,,,,,
L1,6,single,Oracle,"[""NPU"", ""NPU"", ""GPU"", ""GPU"", ""NPU"", ""GPU""]",0.1768,0.0836,0.01323,0.2503,0.1329,24.05,84.1,6,22.2,NPU,2,0.109,0.0113,0.1426,0.5659,0.1329,19.86,0.0,NPU,22,0.1912,0.001,0.1733,0.614,0.1996,19.93,0.0,GPU,13,0.1564,0.0088,0.0982,0.3643,0.1978,26.19,20.3,GPU,3,0.0996,0.0033,0.2096,0.1637,0.2697,33.74,43.4,NPU,21,0.0836,0.0014,0.0244,0.2127,0.2268,19.05,0.0,GPU,14,0.4208,0.0563,0.2123,0.6335,0.4748,25.52,20.4,,,,,,,,,,,,,,,,,,
L1,6,single,Oracle,"[""NPU"", ""NPU"", ""GPU"", ""GPU"", ""GPU"", ""NPU""]",0.1729,0.078,0.012804,0.2442,0.1329,26.82,140.0,4,23.2,NPU,2,0.109,0.0113,0.1426,0.5659,0.1329,20.07,0.0,NPU,22,0.1912,0.001,0.1733,0.614,0.1996,19.81,0.0,GPU,13,0.1532,0.0086,0.0982,0.3588,0.1977,27.64,25.6,GPU,3,0.0945,0.0023,0.1986,0.1977,0.2595,37.46,56.6,GPU,21,0.078,0.0091,0.014,0.2066,0.2242,37.68,57.7,NPU,14,0.4114,0.0136,0.199,0.6555,0.4512,18.25,0.0,,,,,,,,,,,,,,,,,,
L1,6,single,Oracle,"[""GPU"", ""NPU"", ""GPU"", ""NPU"", ""GPU"", ""NPU""]",0.1758,0.0744,0.012622,0.2511,0.1251,26.23,134.0,4,23.5,GPU,2,0.0947,0.014,0.1144,0.4524,0.1251,36.54,52.6,NPU,22,0.1912,0.001,0.1733,0.6139,0.1996,19.55,0.2,GPU,13,0.1617,0.009,0.098,0.3658,0.2141,27.33,25.2,NPU,3,0.1214,0.0005,0.1816,0.339,0.2899,19.67,0.0,GPU,21,0.0744,0.0092,0.0135,0.2022,0.2267,36.43,56.1,NPU,14,0.4114,0.0136,0.199,0.6555,0.4512,17.87,0.0,,,,,,,,,,,,,,,,,,
L1,6,single,Oracle,"[""NPU"", ""GPU"", ""GPU"", ""NPU"", ""GPU"", ""NPU""]",0.1796,0.0749,0.012281,0.2481,0.1329,26.6,140.0,4,23.1,NPU,2,0.1089,0.0113,0.142,0.5654,0.1329,20.11,0.5,GPU,22,0.1998,0.0013,0.1901,0.6096,0.1929,37.69,57.9,GPU,13,0.1617,0.0087,0.0969,0.3662,0.199,27.22,25.3,NPU,3,0.1214,0.0005,0.1816,0.339,0.2899,19.34,0.0,GPU,21,0.0749,0.0091,0.0141,0.2005,0.2231,37.19,56.3,NPU,14,0.4111,0.0136,0.1991,0.6555,0.4512,18.09,0.1,,,,,,,,,,,,,,,,,,
L1,6,single,Oracle,"[""NPU"", ""GPU"", ""GPU"", ""GPU"", ""NPU"", ""NPU""]",0.1774,0.0836,0.012565,0.2477,0.1329,26.41,138.7,4,23.5,NPU,2,0.109,0.0113,0.1426,0.5659,0.1329,19.54,0.0,GPU,22,0.2006,0.0013,0.19,0.6115,0.1976,36.91,57.1,GPU,13,0.1626,0.0088,0.0969,0.3669,0.2088,27.54,26.5,GPU,3,0.0973,0.002,0.2017,0.1805,0.269,36.91,55.1,NPU,21,0.0836,0.0014,0.0244,0.2127,0.2268,19.16,0.0,NPU,14,0.4114,0.0136,0.199,0.6555,0.4512,18.43,0.0,,,,,,,,,,,,,,,,,,
L1,6,single,Oracle,"[""GPU"", ""GPU"", ""NPU"", ""NPU"", ""NPU"", ""GPU""]",0.1842,0.0836,0.012725,0.258,0.1301,25.4,123.5,5,23.0,GPU,2,0.096,0.0147,0.1168,0.4234,0.1301,35.17,50.8,GPU,22,0.2002,0.0014,0.189,0.6155,0.2029,34.66,49.2,NPU,13,0.1874,0.0038,0.0861,0.3993,0.2209,18.18,0.1,NPU,3,0.1209,0.0005,0.1817,0.3379,0.2899,18.96,0.2,NPU,21,0.0836,0.0014,0.0244,0.2126,0.2268,19.05,0.2,GPU,14,0.4169,0.0582,0.2117,0.6296,0.4773,26.4,22.9,,,,,,,,,,,,,,,,,,
L1,6,single,Oracle,"[""GPU"", ""NPU"", ""NPU"", ""GPU"", ""GPU"", ""NPU""]",0.1749,0.072,0.013356,0.2461,0.1193,29.18,206.7,3,16.4,GPU,2,0.0896,0.0126,0.1006,0.4086,0.1193,40.22,70.1,NPU,22,0.1912,0.001,0.1733,0.614,0.1996,20.03,0.0,NPU,13,0.1874,0.0038,0.0861,0.3991,0.2209,18.1,0.0,GPU,3,0.0978,0.002,0.1915,0.2053,0.2659,38.79,66.7,GPU,21,0.072,0.0084,0.0135,0.1939,0.2199,39.81,69.9,NPU,14,0.4114,0.0136,0.199,0.6555,0.4512,18.12,0.0,,,,,,,,,,,,,,,,,,
L1,6,single,Oracle,"[""GPU"", ""NPU"", ""NPU"", ""NPU"", ""GPU"", ""NPU""]",0.1817,0.0799,0.012287,0.2578,0.1358,23.79,88.0,6,16.2,GPU,2,0.0988,0.0153,0.1221,0.4625,0.1358,33.47,43.6,NPU,22,0.1912,0.001,0.1733,0.614,0.1996,20.47,0.0,NPU,13,0.1874,0.0038,0.0861,0.3991,0.2209,17.9,0.0,NPU,3,0.1214,0.0005,0.1816,0.339,0.2899,19.5,0.0,GPU,21,0.0799,0.0096,0.0153,0.2118,0.2492,33.53,44.4,NPU,14,0.4114,0.0136,0.199,0.6555,0.4512,17.88,0.0,,,,,,,,,,,,,,,,,,
L1,6,single,Oracle,"[""GPU"", ""NPU"", ""NPU"", ""NPU"", ""NPU"", ""GPU""]",0.1858,0.0836,0.013508,0.2609,0.139,22.22,48.6,6,22.6,GPU,2,0.102,0.0155,0.1312,0.4872,0.139,31.1,32.6,NPU,22,0.1912,0.001,0.1733,0.614,0.1996,20.33,0.0,NPU,13,0.1868,0.0038,0.0861,0.3985,0.2209,17.78,0.1,NPU,3,0.1214,0.0005,0.1816,0.339,0.2899,19.7,0.0,NPU,21,0.0836,0.0014,0.0244,0.2127,0.2268,19.2,0.0,GPU,14,0.4295,0.0573,0.2131,0.6456,0.489,25.24,15.9,,,,,,,,,,,,,,,,,,
L1,6,single,Oracle,"[""GPU"", ""GPU"", ""NPU"", ""NPU"", ""NPU"", ""NPU""]",0.1843,0.0831,0.01225,0.2554,0.1356,23.82,87.9,6,16.6,GPU,2,0.0983,0.0151,0.1229,0.451,0.1356,33.59,45.6,GPU,22,0.204,0.0014,0.1893,0.6224,0.2079,33.45,41.7,NPU,13,0.1874,0.0038,0.0861,0.3991,0.2209,18.16,0.0,NPU,3,0.1216,0.0005,0.1817,0.339,0.2899,19.85,0.2,NPU,21,0.0831,0.0014,0.0244,0.2118,0.2268,19.54,0.2,NPU,14,0.4113,0.0136,0.199,0.6555,0.4512,18.34,0.1,,,,,,,,,,,,,,,,,,
L1,6,single,Oracle,"[""NPU"", ""GPU"", ""NPU"", ""GPU"", ""NPU"", ""NPU""]",0.183,0.0836,0.012342,0.2571,0.1329,23.53,83.7,6,16.2,NPU,2,0.109,0.0113,0.1426,0.5659,0.1329,19.83,0.0,GPU,22,0.2022,0.0014,0.1907,0.6186,0.2074,33.17,41.7,NPU,13,0.1874,0.0038,0.0861,0.3991,0.2209,17.87,0.0,GPU,3,0.1045,0.0024,0.2169,0.2064,0.3034,33.13,42.0,NPU,21,0.0836,0.0014,0.0244,0.2127,0.2268,19.25,0.0,NPU,14,0.4114,0.0136,0.199,0.6555,0.4512,17.92,0.0,,,,,,,,,,,,,,,,,,
L1,6,single,Oracle,"[""NPU"", ""GPU"", ""NPU"", ""NPU"", ""NPU"", ""GPU""]",0.1892,0.0836,0.013408,0.2604,0.1329,22.3,52.7,6,22.3,NPU,2,0.109,0.0114,0.1424,0.5652,0.1329,20.36,0.2,GPU,22,0.2039,0.0014,0.1908,0.6244,0.206,31.52,35.6,NPU,13,0.1874,0.0038,0.0861,0.3992,0.2209,18.05,0.1,NPU,3,0.1214,0.0005,0.1816,0.339,0.2899,19.47,0.0,NPU,21,0.0836,0.0014,0.0244,0.2127,0.2268,19.46,0.0,GPU,14,0.4301,0.0567,0.2136,0.6462,0.4861,24.94,16.8,,,,,,,,,,,,,,,,,,
L1,6,single,Oracle,"[""NPU"", ""NPU"", ""GPU"", ""NPU"", ""NPU"", ""GPU""]",0.1842,0.0836,0.013345,0.2601,0.1329,21.42,31.2,6,21.3,NPU,2,0.109,0.0113,0.1426,0.5659,0.1329,19.96,0.0,NPU,22,0.1912,0.001,0.1735,0.6131,0.1996,21.55,0.7,GPU,13,0.1706,0.0089,0.1027,0.3775,0.2233,23.98,15.0,NPU,3,0.1214,0.0005,0.1816,0.339,0.2899,19.71,0.0,NPU,21,0.0836,0.0014,0.0244,0.2127,0.2268,19.54,0.0,GPU,14,0.4294,0.0559,0.2127,0.6455,0.4879,23.78,15.5,,,,,,,,,,,,,,,,,,
L1,6,single,Oracle,"[""NPU"", ""GPU"", ""NPU"", ""NPU"", ""GPU"", ""NPU""]",0.1858,0.0825,0.011979,0.2603,0.1329,23.44,83.2,6,16.0,NPU,2,0.109,0.0113,0.1425,0.5659,0.1329,19.86,0.2,GPU,22,0.203,0.0014,0.1903,0.6187,0.2071,33.17,42.0,NPU,13,0.1874,0.0038,0.0861,0.3991,0.2209,17.7,0.0,NPU,3,0.1214,0.0005,0.1816,0.339,0.2899,19.57,0.0,GPU,21,0.0825,0.0094,0.0168,0.2167,0.2598,32.74,40.9,NPU,14,0.4113,0.0137,0.199,0.6555,0.4512,17.59,0.1,,,,,,,,,,,,,,,,,,
L1,6,single,Oracle,"[""NPU"", ""NPU"", ""GPU"", ""NPU"", ""GPU"", ""NPU""]",0.1805,0.0828,0.011955,0.2579,0.1329,22.46,52.7,6,22.5,NPU,2,0.109,0.0113,0.1426,0.5659,0.1329,20.13,0.0,NPU,22,0.1912,0.001,0.1733,0.614,0.1996,20.26,0.0,GPU,13,0.1671,0.009,0.1003,0.3749,0.2181,25.55,16.8,NPU,3,0.1214,0.0005,0.1816,0.339,0.2899,19.48,0.0,GPU,21,0.0828,0.0099,0.0169,0.2203,0.2555,31.48,35.9,NPU,14,0.4114,0.0136,0.199,0.6555,0.4512,17.82,0.0,,,,,,,,,,,,,,,,,,
L1,6,single,Oracle,"[""GPU"", ""NPU"", ""GPU"", ""NPU"", ""NPU"", ""NPU""]",0.1793,0.0836,0.012124,0.2538,0.1381,22.07,47.8,6,22.1,GPU,2,0.1012,0.0154,0.131,0.465,0.1381,30.77,32.1,NPU,22,0.1912,0.001,0.1733,0.614,0.1996,19.98,0.0,GPU,13,0.1669,0.0091,0.1023,0.375,0.2174,25.04,15.6,NPU,3,0.1214,0.0005,0.1816,0.339,0.2899,19.61,0.0,NPU,21,0.0836,0.0014,0.0244,0.2127,0.2268,19.09,0.0,NPU,14,0.4113,0.0136,0.1991,0.6555,0.4512,17.92,0.1,,,,,,,,,,,,,,,,,,
L1,6,single,Oracle,"[""NPU"", ""NPU"", ""NPU"", ""NPU"", ""GPU"", ""GPU""]",0.1867,0.0842,0.013081,0.2645,0.1329,22.7,54.4,6,22.5,NPU,2,0.1088,0.0113,0.1412,0.5647,0.1329,20.28,0.7,NPU,22,0.1916,0.001,0.1734,0.6145,0.1996,21.76,0.7,NPU,13,0.1874,0.0038,0.0861,0.3991,0.2209,17.87,0.0,NPU,3,0.1214,0.0005,0.1816,0.339,0.2899,19.76,0.0,GPU,21,0.0842,0.0099,0.0169,0.2216,0.2582,31.1,35.6,GPU,14,0.4267,0.0561,0.2129,0.642,0.4854,25.44,17.4,,,,,,,,,,,,,,,,,,
L1,6,single,Oracle,"[""NPU"", ""NPU"", ""NPU"", ""GPU"", ""NPU"", ""GPU""]",0.1853,0.0836,0.013776,0.2637,0.1329,22.1,49.1,6,22.1,NPU,2,0.109,0.0113,0.1426,0.5659,0.1329,19.97,0.0,NPU,22,0.1912,0.001,0.1733,0.614,0.1996,20.5,0.0,NPU,13,0.1874,0.0038,0.0861,0.3991,0.2209,18.03,0.0,GPU,3,0.1091,0.003,0.2157,0.2288,0.312,30.17,33.6,NPU,21,0.0836,0.0014,0.0244,0.2127,0.2268,19.41,0.0,GPU,14,0.4315,0.0573,0.2133,0.6482,0.4899,24.54,15.4,,,,,,,,,,,,,,,,,,
L1,6,single,Oracle,"[""NPU"", ""GPU"", ""GPU"", ""NPU"", ""NPU"", ""NPU""]",0.1828,0.0833,0.012026,0.2555,0.1329,22.15,50.1,6,22.4,NPU,2,0.109,0.0113,0.1425,0.5657,0.1329,19.79,0.2,GPU,22,0.2057,0.0014,0.1904,0.6285,0.2091,30.73,33.1,GPU,13,0.1661,0.0088,0.1009,0.375,0.223,25.47,16.5,NPU,3,0.1214,0.0005,0.1816,0.339,0.2899,19.31,0.0,NPU,21,0.0833,0.0014,0.0242,0.2126,0.2268,19.14,0.2,NPU,14,0.4114,0.0136,0.199,0.6555,0.4512,18.44,0.0,,,,,,,,,,,,,,,,,,
L1,6,single,Oracle,"[""NPU"", ""NPU"", ""NPU"", ""NPU"", ""NPU"", ""GPU""]",0.1888,0.0836,0.014177,0.2611,0.1329,19.7,8.6,6,21.3,NPU,2,0.109,0.0113,0.1426,0.5659,0.1329,19.45,0.0,NPU,22,0.1912,0.001,0.1733,0.614,0.1996,19.52,0.0,NPU,13,0.1874,0.0038,0.0861,0.3991,0.2209,17.5,0.0,NPU,3,0.1214,0.0005,0.1816,0.339,0.2899,19.38,0.0,NPU,21,0.0836,0.0014,0.0244,0.2127,0.2268,18.98,0.0,GPU,14,0.44,0.0573,0.2135,0.6599,0.4963,23.35,8.6,,,,,,,,,,,,,,,,,,
L1,6,single,Oracle,"[""NPU"", ""NPU"", ""NPU"", ""NPU"", ""GPU"", ""NPU""]",0.1848,0.0887,0.011707,0.2618,0.1329,20.58,24.2,6,15.7,NPU,2,0.109,0.0113,0.1426,0.5659,0.1329,19.9,0.0,NPU,22,0.1912,0.001,0.1733,0.614,0.1996,19.8,0.0,NPU,13,0.1874,0.0038,0.0861,0.3991,0.2209,17.36,0.1,NPU,3,0.1214,0.0005,0.1816,0.339,0.2899,19.85,0.0,GPU,21,0.0887,0.0098,0.0201,0.23,0.2765,29.29,24.0,NPU,14,0.4111,0.0136,0.199,0.655,0.4512,17.26,0.1,,,,,,,,,,,,,,,,,,
L1,6,single,Oracle,"[""NPU"", ""NPU"", ""NPU"", ""GPU"", ""NPU"", ""NPU""]",0.1837,0.0836,0.011939,0.2597,0.1329,20.38,24.0,6,16.0,NPU,2,0.109,0.0113,0.1426,0.5659,0.1329,19.62,0.0,NPU,22,0.1912,0.001,0.1733,0.614,0.1996,19.55,0.0,NPU,13,0.1874,0.0038,0.0861,0.3991,0.2209,17.3,0.0,GPU,3,0.1194,0.0026,0.2274,0.2696,0.3265,29.29,24.0,NPU,21,0.0836,0.0014,0.0244,0.2127,0.2268,18.89,0.0,NPU,14,0.4114,0.0136,0.199,0.6555,0.4512,17.65,0.0,,,,,,,,,,,,,,,,,,
L1,6,single,Oracle,"[""NPU"", ""NPU"", ""GPU"", ""NPU"", ""NPU"", ""NPU""]",0.1832,0.0836,0.011893,0.2564,0.1329,20.07,10.5,6,21.7,NPU,2,0.109,0.0113,0.1426,0.5659,0.1329,19.82,0.0,NPU,22,0.1912,0.001,0.1733,0.614,0.1996,20.09,0.0,GPU,13,0.1828,0.0092,0.1061,0.3898,0.2379,24.07,10.5,NPU,3,0.1214,0.0005,0.1816,0.339,0.2899,19.68,0.0,NPU,21,0.0836,0.0014,0.0244,0.2127,0.2268,19.2,0.0,NPU,14,0.4114,0.0136,0.199,0.6555,0.4512,17.58,0.0,,,,,,,,,,,,,,,,,,
L1,6,single,Oracle,"[""NPU"", ""GPU"", ""NPU"", ""NPU"", ""NPU"", ""NPU""]",0.1865,0.0836,0.011963,0.2562,0.1329,20.32,23.9,6,15.5,NPU,2,0.1089,0.0114,0.1423,0.5643,0.1329,19.7,0.2,GPU,22,0.2061,0.0014,0.1922,0.6321,0.2153,29.35,23.7,NPU,13,0.1874,0.0038,0.0861,0.3991,0.2209,17.15,0.0,NPU,3,0.1214,0.0005,0.1816,0.339,0.2899,19.43,0.0,NPU,21,0.0836,0.0014,0.0244,0.2127,0.2268,19.18,0.0,NPU,14,0.4114,0.0136,0.199,0.6555,0.4512,17.13,0.0,,,,,,,,,,,,,,,,,,
L1,6,single,Oracle,"[""GPU"", ""NPU"", ""NPU"", ""NPU"", ""NPU"", ""NPU""]",0.1843,0.0836,0.011851,0.2562,0.1488,20.14,18.3,6,15.5,GPU,2,0.1108,0.0161,0.1497,0.5235,0.1488,28.29,18.3,NPU,22,0.1912,0.001,0.1733,0.614,0.1996,19.99,0.0,NPU,13,0.1874,0.0038,0.0861,0.3991,0.2209,17.11,0.0,NPU,3,0.1214,0.0005,0.1816,0.339,0.2899,19.27,0.0,NPU,21,0.0836,0.0014,0.0244,0.2127,0.2268,19.09,0.0,NPU,14,0.4114,0.0136,0.199,0.6555,0.4512,17.08,0.0,,,,,,,,,,,,,,,,,,
L1,8,single,Naive_allGPU+Oracle,"[""GPU"", ""GPU"", ""GPU"", ""GPU"", ""GPU"", ""GPU"", ""GPU"", ""GPU""]",0.149,0.0546,0.007121,0.1563,0.0756,57.97,585.4,2,25.0,GPU,2,0.0766,0.0092,0.074,0.3606,0.0756,68.01,95.0,GPU,22,0.1783,0.001,0.1856,0.5361,0.1033,70.26,95.4,GPU,13,0.1185,0.0083,0.0857,0.3156,0.1517,36.36,32.3,GPU,16,0.159,0.0075,0.5045,0.2342,0.1363,67.59,93.1,GPU,3,0.0683,0.0021,0.139,0.1174,0.1593,70.0,94.2,GPU,21,0.0546,0.0071,0.0084,0.1482,0.1344,68.57,92.9,GPU,14,0.323,0.0542,0.2043,0.5078,0.3595,35.84,30.7,GPU,4,0.2134,0.0,0.1332,0.5332,0.1299,47.12,51.8
L1,8,single,SizeAware_NPU8+Oracle,"[""NPU"", ""NPU"", ""NPU"", ""NPU"", ""NPU"", ""NPU"", ""NPU"", ""NPU""]",0.2083,0.0834,0.012235,0.2647,0.1329,20.45,5.5,8,16.3,NPU,2,0.1088,0.0113,0.1414,0.5605,0.1329,21.74,0.7,NPU,22,0.191,0.001,0.1732,0.6132,0.1996,22.14,1.6,NPU,13,0.1874,0.0038,0.0861,0.3991,0.2209,18.1,0.1,NPU,16,0.359,0.0051,0.4955,0.6818,0.3906,21.23,0.5,NPU,3,0.12,0.0005,0.1801,0.3228,0.2899,21.35,1.6,NPU,21,0.0834,0.0014,0.0244,0.2127,0.2268,21.32,0.2,NPU,14,0.4111,0.0137,0.199,0.6553,0.4512,17.98,0.2,NPU,4,0.2052,0.0,0.0821,0.5457,0.2059,19.73,0.6
L1,8,single,SizeAware_NPU4+Oracle,"[""NPU"", ""NPU"", ""NPU"", ""NPU"", ""GPU"", ""GPU"", ""GPU"", ""GPU""]",0.1955,0.0615,0.01194,0.2313,0.1329,32.64,246.5,6,24.2,NPU,2,0.1087,0.0113,0.1406,0.5649,0.1329,22.34,2.1,NPU,22,0.1908,0.001,0.1733,0.6126,0.1996,22.2,1.1,NPU,13,0.1867,0.0038,0.0858,0.3983,0.2209,19.4,0.8,NPU,16,0.3591,0.0051,0.4971,0.6825,0.3906,21.34,0.5,GPU,3,0.078,0.0024,0.1628,0.1202,0.1834,52.12,82.0,GPU,21,0.0615,0.0075,0.0102,0.1689,0.155,52.96,82.7,GPU,14,0.3659,0.0555,0.2071,0.5637,0.4157,31.55,29.9,GPU,4,0.2136,0.0,0.1323,0.5327,0.1522,39.19,47.5
L1,8,single,SizeBlindRev+Oracle,"[""GPU"", ""GPU"", ""GPU"", ""GPU"", ""NPU"", ""NPU"", ""NPU"", ""NPU""]",0.1747,0.0807,0.009902,0.2129,0.0857,35.69,306.9,5,24.2,GPU,2,0.0807,0.011,0.0853,0.3652,0.0857,56.69,91.6,GPU,22,0.1844,0.0012,0.1873,0.5613,0.1329,56.53,89.4,GPU,13,0.1289,0.0085,0.0896,0.3295,0.1551,32.78,33.1,GPU,16,0.1821,0.0064,0.5299,0.3042,0.1558,57.07,91.2,NPU,3,0.1209,0.0005,0.1818,0.3378,0.2899,21.83,0.7,NPU,21,0.0835,0.0014,0.0245,0.2123,0.2268,20.85,0.7,NPU,14,0.4113,0.0136,0.1991,0.6555,0.4512,19.27,0.1,NPU,4,0.2053,0.0,0.0816,0.5471,0.2059,20.47,0.2
L1,8,single,SizeAware_NPU6,"[""NPU"", ""NPU"", ""NPU"", ""NPU"", ""NPU"", ""NPU"", ""GPU"", ""GPU""]",0.2069,0.0775,0.01216,0.2621,0.1329,24.8,82.2,8,23.1,NPU,2,0.1066,0.0114,0.1371,0.5357,0.1329,24.22,4.8,NPU,22,0.1912,0.001,0.1734,0.6114,0.1996,23.81,5.2,NPU,13,0.1867,0.0038,0.0859,0.3981,0.2209,19.78,0.7,NPU,16,0.3546,0.0051,0.5179,0.6692,0.3906,23.24,3.0,NPU,3,0.118,0.0005,0.1807,0.3351,0.2899,23.24,4.0,NPU,21,0.0775,0.0012,0.0176,0.2074,0.2263,23.75,5.3,GPU,14,0.407,0.0565,0.2111,0.6138,0.4571,27.79,23.9,GPU,4,0.2136,0.0,0.1297,0.5338,0.1792,32.57,35.4
L1,8,single,Oracle,"[""NPU"", ""GPU"", ""GPU"", ""GPU"", ""GPU"", ""GPU"", ""GPU"", ""GPU""]",0.1578,0.0567,0.007076,0.1685,0.1184,49.25,476.1,4,24.8,NPU,2,0.109,0.0114,0.142,0.5659,0.1329,19.53,0.2,GPU,22,0.1819,0.0009,0.1832,0.5506,0.1184,65.24,93.8,GPU,13,0.12,0.0085,0.085,0.3145,0.1507,36.02,33.0,GPU,16,0.1793,0.0067,0.5166,0.281,0.142,64.71,91.4,GPU,3,0.0688,0.0019,0.1391,0.1095,0.1631,64.49,86.7,GPU,21,0.0567,0.0067,0.0086,0.1553,0.1402,63.45,90.1,GPU,14,0.332,0.0561,0.2054,0.5196,0.366,35.29,31.6,GPU,4,0.2149,0.0,0.1302,0.5356,0.135,45.23,49.2
L1,8,single,Oracle,"[""GPU"", ""NPU"", ""GPU"", ""GPU"", ""GPU"", ""GPU"", ""GPU"", ""GPU""]",0.153,0.0581,0.007131,0.1692,0.0729,50.19,484.4,4,24.9,GPU,2,0.0753,0.0101,0.0758,0.3443,0.0729,67.58,93.0,NPU,22,0.1912,0.001,0.1733,0.614,0.1996,19.75,0.0,GPU,13,0.1218,0.0081,0.0852,0.3211,0.1501,35.89,32.9,GPU,16,0.1655,0.0062,0.4938,0.2578,0.129,66.42,92.6,GPU,3,0.0741,0.002,0.159,0.146,0.1671,64.02,91.1,GPU,21,0.0581,0.0066,0.0087,0.1572,0.1381,67.14,96.0,GPU,14,0.3249,0.0552,0.2062,0.5101,0.361,35.9,30.1,GPU,4,0.2133,0.0,0.1321,0.5323,0.1362,44.82,48.8
L1,8,single,Oracle,"[""GPU"", ""GPU"", ""NPU"", ""GPU"", ""GPU"", ""GPU"", ""GPU"", ""GPU""]",0.1569,0.0558,0.007166,0.16,0.0664,58.36,561.7,3,24.1,GPU,2,0.0729,0.0089,0.0706,0.3419,0.0664,75.98,98.3,GPU,22,0.1746,0.0009,0.1856,0.5289,0.1012,73.42,95.7,NPU,13,0.1874,0.0038,0.0861,0.3991,0.2209,19.18,0.0,GPU,16,0.1629,0.0058,0.5109,0.2407,0.1243,71.38,97.4,GPU,3,0.0657,0.0012,0.1363,0.0882,0.1518,71.84,96.2,GPU,21,0.0558,0.006,0.0087,0.1501,0.1368,73.16,97.3,GPU,14,0.3217,0.0531,0.2034,0.5073,0.352,35.64,29.7,GPU,4,0.2143,0.0,0.1304,0.5339,0.1268,46.31,47.1
L1,8,single,Oracle,"[""GPU"", ""GPU"", ""GPU"", ""NPU"", ""GPU"", ""GPU"", ""GPU"", ""GPU""]",0.1763,0.0555,0.012403,0.1915,0.0731,49.88,482.3,3,25.0,GPU,2,0.0763,0.0103,0.0763,0.3516,0.0731,65.35,93.7,GPU,22,0.179,0.0011,0.1846,0.5452,0.1114,67.09,90.5,GPU,13,0.1219,0.0078,0.0855,0.3216,0.1589,36.13,31.5,NPU,16,0.3591,0.0051,0.4956,0.6831,0.3906,19.03,0.0,GPU,3,0.0695,0.0021,0.1415,0.1083,0.1574,64.49,90.8,GPU,21,0.0555,0.0064,0.0089,0.1529,0.1352,66.35,93.6,GPU,14,0.336,0.0564,0.2048,0.53,0.3694,35.84,31.6,GPU,4,0.2131,0.0,0.1327,0.531,0.1361,44.76,50.6
L1,8,single,Oracle,"[""GPU"", ""GPU"", ""GPU"", ""GPU"", ""NPU"", ""GPU"", ""GPU"", ""GPU""]",0.1616,0.0584,0.006808,0.181,0.0757,48.33,485.8,3,24.9,GPU,2,0.0767,0.0109,0.0772,0.352,0.0757,65.69,93.7,GPU,22,0.183,0.0008,0.1856,0.5551,0.1252,61.7,88.0,GPU,13,0.1283,0.0084,0.0869,0.3273,0.1576,34.91,32.4,GPU,16,0.1747,0.0065,0.5294,0.2767,0.1441,63.15,94.0,NPU,3,0.1214,0.0005,0.1816,0.339,0.2899,19.21,0.0,GPU,21,0.0584,0.0065,0.0088,0.1597,0.1403,63.36,94.4,GPU,14,0.3362,0.0545,0.2049,0.523,0.3737,35.13,31.8,GPU,4,0.2144,0.0,0.1297,0.5342,0.1414,43.48,51.5
L1,8,single,Oracle,"[""GPU"", ""GPU"", ""GPU"", ""GPU"", ""GPU"", ""NPU"", ""GPU"", ""GPU""]",0.1556,0.0702,0.006707,0.1708,0.0774,49.2,480.1,4,24.8,GPU,2,0.078,0.0113,0.0803,0.3541,0.0774,62.51,88.7,GPU,22,0.1774,0.0008,0.1864,0.5358,0.1157,64.39,91.9,GPU,13,0.1176,0.0081,0.0868,0.3173,0.1516,34.9,32.5,GPU,16,0.1764,0.0061,0.5131,0.2792,0.1403,66.64,94.0,GPU,3,0.0702,0.0013,0.1478,0.113,0.1599,65.53,92.2,NPU,21,0.0836,0.0014,0.0244,0.2127,0.2268,18.63,0.0,GPU,14,0.3267,0.0538,0.2039,0.5158,0.3617,35.69,31.4,GPU,4,0.2151,0.0,0.1324,0.5347,0.1334,45.3,49.4
L1,8,single,Oracle,"[""GPU"", ""GPU"", ""GPU"", ""GPU"", ""GPU"", ""GPU"", ""NPU"", ""GPU""]",0.1618,0.0543,0.011837,0.1672,0.0704,57.96,558.4,3,24.3,GPU,2,0.0743,0.0094,0.07,0.3463,0.0704,74.16,98.9,GPU,22,0.1798,0.001,0.1832,0.5386,0.1061,71.31,96.3,GPU,13,0.126,0.0081,0.0849,0.3241,0.1517,36.5,29.6,GPU,16,0.1659,0.0074,0.4982,0.2458,0.1255,71.33,93.7,GPU,3,0.068,0.0016,0.1308,0.1224,0.1588,71.28,94.2,GPU,21,0.0543,0.0059,0.0087,0.1474,0.1466,74.19,97.8,NPU,14,0.4114,0.0136,0.199,0.6555,0.4512,19.05,0.0,GPU,4,0.2144,0.0,0.1321,0.5349,0.1276,45.84,47.9
L1,8,single,Oracle,"[""GPU"", ""GPU"", ""GPU"", ""GPU"", ""GPU"", ""GPU"", ""GPU"", ""NPU""]",0.1499,0.0567,0.007042,0.1676,0.0746,53.05,529.8,3,24.1,GPU,2,0.0767,0.0101,0.0778,0.3517,0.0746,65.96,93.0,GPU,22,0.1825,0.001,0.1878,0.5451,0.1143,65.05,92.9,GPU,13,0.1243,0.0082,0.0851,0.3231,0.1526,35.47,30.2,GPU,16,0.1603,0.0072,0.4906,0.2444,0.1276,70.41,96.4,GPU,3,0.0684,0.0018,0.1421,0.106,0.1587,66.7,92.6,GPU,21,0.0567,0.0068,0.0089,0.1558,0.1462,66.6,95.0,GPU,14,0.3254,0.0546,0.2037,0.5128,0.3606,34.71,29.6,NPU,4,0.2048,0.0,0.0816,0.5469,0.2059,19.54,0.2
L1,8,single,Oracle,"[""GPU"", ""GPU"", ""GPU"", ""NPU"", ""GPU"", ""GPU"", ""NPU"", ""GPU""]",0.1858,0.0563,0.01607,0.1993,0.0705,48.35,464.7,4,24.0,GPU,2,0.0746,0.0115,0.0732,0.3446,0.0705,68.29,94.3,GPU,22,0.1799,0.0009,0.1876,0.5426,0.1125,66.9,98.5,GPU,13,0.1245,0.0084,0.0861,0.3229,0.1462,35.14,31.2,NPU,16,0.3591,0.0051,0.4956,0.6831,0.3906,19.3,0.0,GPU,3,0.0676,0.0019,0.136,0.0926,0.1575,66.63,94.6,GPU,21,0.0563,0.0063,0.0094,0.1555,0.1343,67.16,96.5,NPU,14,0.4114,0.0136,0.199,0.6555,0.4512,18.56,0.1,GPU,4,0.2129,0.0,0.1299,0.533,0.1316,44.86,49.5
L1,8,single,Oracle,"[""NPU"", ""GPU"", ""GPU"", ""GPU"", ""NPU"", ""GPU"", ""GPU"", ""GPU""]",0.1661,0.0578,0.006742,0.1883,0.1263,41.64,375.4,4,24.9,NPU,2,0.109,0.0113,0.1426,0.5659,0.1329,19.86,0.0,GPU,22,0.1852,0.001,0.1865,0.558,0.1263,60.08,89.0,GPU,13,0.119,0.0085,0.0854,0.3172,0.1409,35.43,32.9,GPU,16,0.1765,0.0067,0.5231,0.2952,0.1438,59.49,83.7,NPU,3,0.1214,0.0005,0.1816,0.339,0.2899,19.61,0.0,GPU,21,0.0578,0.0073,0.0092,0.159,0.1424,60.91,87.8,GPU,14,0.3446,0.0549,0.2056,0.5367,0.3858,34.66,31.8,GPU,4,0.215,0.0,0.1297,0.5354,0.1447,43.11,50.2
L1,8,single,Oracle,"[""NPU"", ""NPU"", ""GPU"", ""GPU"", ""GPU"", ""GPU"", ""GPU"", ""GPU""]",0.1635,0.0607,0.007925,0.1839,0.1329,41.77,384.2,4,24.6,NPU,2,0.1088,0.0113,0.1414,0.5648,0.1329,20.45,0.9,NPU,22,0.1912,0.001,0.1733,0.614,0.1996,20.13,0.0,GPU,13,0.1287,0.0079,0.0867,0.3286,0.1553,34.64,32.2,GPU,16,0.1777,0.0059,0.5201,0.3026,0.1466,60.33,87.9,GPU,3,0.0713,0.0019,0.1477,0.1123,0.1623,59.91,90.1,GPU,21,0.0607,0.0068,0.0095,0.1631,0.1367,61.38,90.4,GPU,14,0.3544,0.0541,0.2051,0.5498,0.3955,33.73,32.4,GPU,4,0.2155,0.0,0.1326,0.5376,0.1424,43.57,50.4
L1,8,single,Oracle,"[""GPU"", ""GPU"", ""GPU"", ""GPU"", ""NPU"", ""GPU"", ""NPU"", ""GPU""]",0.1694,0.0573,0.01077,0.187,0.0755,47.35,463.5,4,24.2,GPU,2,0.0769,0.0102,0.0773,0.3523,0.0755,65.06,96.6,GPU,22,0.1819,0.0009,0.1853,0.5472,0.1183,64.87,94.7,GPU,13,0.1234,0.0086,0.0867,0.3218,0.1501,34.72,32.1,GPU,16,0.1697,0.0069,0.4935,0.2759,0.1322,66.74,95.5,NPU,3,0.1214,0.0005,0.1816,0.339,0.2899,19.52,0.0,GPU,21,0.0573,0.0066,0.0094,0.1553,0.1428,65.54,95.2,NPU,14,0.4114,0.0136,0.199,0.6555,0.4512,18.65,0.0,GPU,4,0.2133,0.0,0.1297,0.5319,0.1362,43.7,49.4
L1,8,single,Oracle,"[""GPU"", ""NPU"", ""GPU"", ""NPU"", ""GPU"", ""GPU"", ""GPU"", ""GPU""]",0.1821,0.0594,0.012656,0.2114,0.08,40.61,379.4,5,24.6,GPU,2,0.0774,0.0109,0.0811,0.3528,0.08,59.0,91.2,NPU,22,0.1912,0.001,0.1733,0.614,0.1996,19.63,0.0,GPU,13,0.1344,0.0083,0.0877,0.3345,0.1631,34.16,32.4,NPU,16,0.3591,0.0051,0.4956,0.6831,0.3906,18.96,0.0,GPU,3,0.0717,0.0018,0.1569,0.0982,0.1719,58.13,85.6,GPU,21,0.0594,0.0074,0.0096,0.163,0.1441,59.28,88.1,GPU,14,0.3506,0.055,0.2056,0.5437,0.3946,33.67,33.2,GPU,4,0.2133,0.0,0.1322,0.5319,0.1468,42.06,49.0
L1,8,single,Oracle,"[""GPU"", ""NPU"", ""NPU"", ""GPU"", ""GPU"", ""GPU"", ""GPU"", ""GPU""]",0.1624,0.0553,0.007354,0.1779,0.072,48.31,462.0,4,24.2,GPU,2,0.0764,0.0097,0.0748,0.3506,0.072,68.58,96.9,NPU,22,0.1915,0.001,0.1733,0.6144,0.1996,19.93,0.7,NPU,13,0.1874,0.0038,0.0861,0.3989,0.2209,18.81,0.1,GPU,16,0.1767,0.0076,0.523,0.2811,0.141,66.17,95.1,GPU,3,0.0704,0.0018,0.1401,0.11,0.1611,67.55,94.5,GPU,21,0.0553,0.0069,0.0089,0.1526,0.1305,66.83,94.9,GPU,14,0.3271,0.0564,0.205,0.5132,0.3654,34.64,30.8,GPU,4,0.2144,0.0,0.1303,0.534,0.133,43.99,49.0
L1,8,single,Oracle,"[""GPU"", ""GPU"", ""GPU"", ""GPU"", ""NPU"", ""NPU"", ""GPU"", ""GPU""]",0.1681,0.079,0.006675,0.1928,0.0795,41.37,374.3,4,24.5,GPU,2,0.079,0.0114,0.0831,0.3584,0.0795,59.2,86.1,GPU,22,0.1869,0.001,0.1851,0.5613,0.1247,60.69,87.4,GPU,13,0.131,0.0082,0.0875,0.3322,0.1569,34.05,31.8,GPU,16,0.1824,0.0067,0.5065,0.3012,0.1417,60.55,87.4,NPU,3,0.1211,0.0005,0.1835,0.3387,0.2899,19.61,0.2,NPU,21,0.0836,0.0014,0.0244,0.2127,0.2268,19.11,0.0,GPU,14,0.3472,0.0563,0.2038,0.5383,0.3832,34.24,30.5,GPU,4,0.2137,0.0,0.1303,0.5336,0.1393,43.52,50.8
L1,8,single,Oracle,"[""NPU"", ""GPU"", ""GPU"", ""GPU"", ""GPU"", ""NPU"", ""GPU"", ""GPU""]",0.1646,0.071,0.006846,0.1847,0.1293,41.93,385.9,4,25.0,NPU,2,0.109,0.0113,0.1426,0.5659,0.1329,19.87,0.0,GPU,22,0.1845,0.0011,0.1862,0.5562,0.1293,59.8,88.9,GPU,13,0.1331,0.0083,0.086,0.3347,0.1552,34.66,33.0,GPU,16,0.1774,0.0073,0.5061,0.2902,0.1433,60.0,88.7,GPU,3,0.071,0.0025,0.1454,0.1069,0.163,63.19,92.2,NPU,21,0.0836,0.0014,0.0244,0.2127,0.2268,19.27,0.0,GPU,14,0.3447,0.0544,0.206,0.5345,0.3835,35.25,33.1,GPU,4,0.2132,0.0,0.1323,0.5332,0.1436,43.42,50.0
L1,8,single,Oracle,"[""GPU"", ""GPU"", ""GPU"", ""GPU"", ""GPU"", ""NPU"", ""GPU"", ""NPU""]",0.1581,0.0712,0.007091,0.184,0.0813,43.62,431.5,4,23.9,GPU,2,0.0785,0.011,0.0827,0.3589,0.0813,60.2,92.0,GPU,22,0.1808,0.0014,0.187,0.5458,0.1185,62.62,91.7,GPU,13,0.1292,0.0083,0.0877,0.3292,0.1509,33.63,32.3,GPU,16,0.1757,0.0069,0.5317,0.2823,0.1446,59.44,92.0,GPU,3,0.0712,0.0018,0.1588,0.1404,0.1674,61.28,92.2,NPU,21,0.0836,0.0014,0.0244,0.2127,0.2268,19.25,0.2,GPU,14,0.341,0.0593,0.2057,0.531,0.3769,33.34,31.2,NPU,4,0.2047,0.0,0.0816,0.5458,0.2059,19.19,0.0
L1,8,single,Oracle,"[""GPU"", ""GPU"", ""NPU"", ""GPU"", ""GPU"", ""GPU"", ""GPU"", ""NPU""]",0.1553,0.0541,0.007081,0.171,0.0713,53.84,507.7,3,24.0,GPU,2,0.0752,0.0097,0.0751,0.3484,0.0713,72.34,96.3,GPU,22,0.1731,0.0008,0.1848,0.519,0.1021,71.52,96.3,NPU,13,0.1874,0.0038,0.0861,0.3991,0.2209,18.67,0.0,GPU,16,0.1543,0.0068,0.5161,0.2293,0.1223,70.3,95.3,GPU,3,0.069,0.0017,0.1436,0.0923,0.1592,71.26,93.8,GPU,21,0.0541,0.0061,0.0086,0.1478,0.131,72.2,96.7,GPU,14,0.3249,0.0577,0.204,0.512,0.3554,34.98,29.3,NPU,4,0.2047,0.0,0.0816,0.5458,0.2059,19.41,0.0
L1,8,single,Oracle,"[""NPU"", ""GPU"", ""GPU"", ""NPU"", ""GPU"", ""GPU"", ""GPU"", ""GPU""]",0.1833,0.0569,0.012149,0.2049,0.1291,41.84,378.5,5,24.7,NPU,2,0.1089,0.0114,0.1422,0.5659,0.1329,19.64,0.2,GPU,22,0.1902,0.001,0.1872,0.5752,0.1291,60.68,88.7,GPU,13,0.1216,0.0083,0.087,0.3229,0.1502,34.73,32.1,NPU,16,0.3592,0.0051,0.4957,0.6828,0.3906,18.89,0.2,GPU,3,0.0692,0.0028,0.1502,0.1421,0.1637,61.53,90.4,GPU,21,0.0569,0.0067,0.0088,0.1574,0.144,61.71,88.0,GPU,14,0.3477,0.0557,0.2058,0.5361,0.39,33.77,30.7,GPU,4,0.2128,0.0,0.1292,0.5314,0.1389,43.75,48.2
L1,8,single,Oracle,"[""GPU"", ""GPU"", ""NPU"", ""NPU"", ""GPU"", ""GPU"", ""GPU"", ""GPU""]",0.1838,0.0555,0.011885,0.1987,0.0751,47.76,460.4,4,24.0,GPU,2,0.0761,0.0103,0.0778,0.3485,0.0751,67.13,97.0,GPU,22,0.1815,0.0012,0.1864,0.5475,0.1137,65.36,93.7,NPU,13,0.1874,0.0038,0.0861,0.3991,0.2209,18.66,0.0,NPU,16,0.359,0.0051,0.4956,0.682,0.3906,19.47,0.2,GPU,3,0.0669,0.0022,0.1476,0.1095,0.1555,66.25,95.6,GPU,21,0.0555,0.007,0.0088,0.1526,0.1357,66.66,95.5,GPU,14,0.3315,0.056,0.2041,0.5191,0.3645,34.43,30.4,GPU,4,0.2127,0.0,0.1309,0.5308,0.1335,44.11,48.0
L1,8,single,Oracle,"[""NPU"", ""NPU"", ""GPU"", ""GPU"", ""NPU"", ""GPU"", ""GPU"", ""GPU""]",0.1727,0.0586,0.007543,0.204,0.1329,34.82,271.2,6,24.7,NPU,2,0.1089,0.0113,0.1419,0.5649,0.1329,21.03,0.5,NPU,22,0.191,0.001,0.1733,0.614,0.1996,20.94,0.4,GPU,13,0.1375,0.0082,0.0902,0.3375,0.1576,33.37,31.6,GPU,16,0.1843,0.0066,0.5205,0.3148,0.1481,55.88,85.1,NPU,3,0.1217,0.0005,0.1816,0.3393,0.2899,20.43,0.2,GPU,21,0.0586,0.0078,0.0098,0.1629,0.1403,53.15,76.1,GPU,14,0.3657,0.0571,0.2065,0.5626,0.4147,32.49,29.9,GPU,4,0.2138,0.0,0.1326,0.5331,0.1489,41.29,47.4
L1,8,single,Oracle,"[""NPU"", ""NPU"", ""GPU"", ""NPU"", ""GPU"", ""GPU"", ""GPU"", ""GPU""]",0.1856,0.0607,0.011918,0.2172,0.1329,35.29,277.2,6,24.8,NPU,2,0.1088,0.0115,0.1418,0.5658,0.1329,21.3,0.9,NPU,22,0.1914,0.001,0.1733,0.6141,0.1996,20.99,0.4,GPU,13,0.1244,0.0082,0.089,0.3262,0.1485,33.94,32.0,NPU,16,0.359,0.0051,0.4956,0.6824,0.3906,20.11,0.5,GPU,3,0.0771,0.0018,0.1639,0.1045,0.1773,55.03,81.6,GPU,21,0.0607,0.0082,0.0098,0.1651,0.1462,54.92,81.2,GPU,14,0.3515,0.0555,0.2068,0.5451,0.3958,34.07,32.8,GPU,4,0.2122,0.0,0.1322,0.5295,0.1467,42.01,47.7
L1,8,single,Oracle,"[""NPU"", ""NPU"", ""GPU"", ""GPU"", ""GPU"", ""GPU"", ""GPU"", ""NPU""]",0.1604,0.0617,0.00755,0.1908,0.1329,38.44,327.6,5,24.0,NPU,2,0.1088,0.0113,0.1419,0.5532,0.1329,20.77,0.5,NPU,22,0.1912,0.0009,0.1733,0.6138,0.1996,20.92,0.4,GPU,13,0.1219,0.0082,0.0874,0.3233,0.1542,33.6,30.5,GPU,16,0.1724,0.0072,0.4919,0.2881,0.1408,59.07,88.9,GPU,3,0.0731,0.0022,0.1524,0.1453,0.1639,60.49,89.1,GPU,21,0.0617,0.0069,0.0097,0.1659,0.1415,59.06,87.4,GPU,14,0.3497,0.0576,0.2068,0.543,0.3877,32.6,30.5,NPU,4,0.2046,0.0,0.0816,0.5456,0.2059,21.02,0.3
L1,8,single,Oracle,"[""NPU"", ""GPU"", ""GPU"", ""NPU"", ""GPU"", ""GPU"", ""NPU"", ""GPU""]",0.1906,0.0559,0.015033,0.2096,0.1151,41.5,368.3,5,24.3,NPU,2,0.1089,0.0113,0.14,0.5646,0.1329,21.45,0.9,GPU,22,0.1763,0.0009,0.1876,0.5268,0.1151,63.59,93.4,GPU,13,0.1293,0.0082,0.0869,0.33,0.1498,34.52,32.7,NPU,16,0.3583,0.0051,0.4955,0.6797,0.3906,24.52,1.8,GPU,3,0.0718,0.0014,0.1429,0.1047,0.1669,63.0,94.8,GPU,21,0.0559,0.007,0.0094,0.1544,0.1335,62.35,94.9,NPU,14,0.4114,0.0136,0.199,0.6555,0.4512,19.21,0.0,GPU,4,0.2132,0.0,0.1317,0.5312,0.1368,43.37,49.8
L1,8,single,Oracle,"[""NPU"", ""GPU"", ""GPU"", ""NPU"", ""GPU"", ""GPU"", ""GPU"", ""NPU""]",0.1837,0.0598,0.011799,0.2166,0.1318,37.18,320.2,5,24.0,NPU,2,0.109,0.0113,0.1426,0.5659,0.1329,20.64,0.0,GPU,22,0.1845,0.0013,0.1874,0.5596,0.1318,56.8,85.1,GPU,13,0.1306,0.0084,0.0893,0.3328,0.1634,33.12,31.5,NPU,16,0.3591,0.0051,0.4956,0.6831,0.3906,20.02,0.0,GPU,3,0.0732,0.0017,0.151,0.1436,0.1717,57.57,87.8,GPU,21,0.0598,0.0073,0.0093,0.1639,0.1438,56.55,84.0,GPU,14,0.3486,0.0574,0.2058,0.5417,0.3927,32.84,31.7,NPU,4,0.2049,0.0,0.0815,0.5461,0.2059,19.9,0.2
L1,8,single,Oracle,"[""GPU"", ""NPU"", ""GPU"", ""GPU"", ""NPU"", ""GPU"", ""GPU"", ""NPU""]",0.1647,0.0578,0.007478,0.2025,0.0807,37.7,320.1,5,23.9,GPU,2,0.0784,0.0107,0.0855,0.3535,0.0807,58.92,86.2,NPU,22,0.1909,0.001,0.1732,0.6139,0.1996,21.23,0.7,GPU,13,0.126,0.0082,0.0887,0.3274,0.1584,32.51,30.4,GPU,16,0.1892,0.0063,0.5199,0.3251,0.1536,57.55,84.1,NPU,3,0.1199,0.0005,0.1789,0.3387,0.2899,20.35,0.2,GPU,21,0.0578,0.0073,0.0097,0.1597,0.1401,58.84,87.7,GPU,14,0.3506,0.0556,0.2068,0.5436,0.3916,32.41,30.5,NPU,4,0.2047,0.0,0.0821,0.5455,0.2059,19.78,0.3
L1,8,single,Oracle,"[""GPU"", ""GPU"", ""NPU"", ""NPU"", ""GPU"", ""GPU"", ""NPU"", ""GPU""]",0.194,0.0543,0.015495,0.2112,0.0765,44.93,437.3,3,19.9,GPU,2,0.0771,0.0101,0.0772,0.354,0.0765,64.77,97.1,GPU,22,0.18,0.0012,0.1867,0.5487,0.1174,62.84,95.8,NPU,13,0.1874,0.0038,0.0861,0.3991,0.2209,19.09,0.0,NPU,16,0.3589,0.0051,0.4952,0.6807,0.3906,20.21,0.5,GPU,3,0.0686,0.0016,0.1478,0.1185,0.1594,63.6,95.3,GPU,21,0.0543,0.0065,0.0085,0.1529,0.1377,66.07,97.6,NPU,14,0.4113,0.0137,0.199,0.6555,0.4512,19.18,0.1,GPU,4,0.2139,0.0,0.1322,0.5336,0.1364,43.67,51.0
L1,8,single,Oracle,"[""GPU"", ""GPU"", ""GPU"", ""GPU"", ""NPU"", ""GPU"", ""NPU"", ""NPU""]",0.1705,0.0562,0.010585,0.1995,0.0817,41.96,408.4,4,24.2,GPU,2,0.0786,0.0105,0.0824,0.3607,0.0817,60.57,95.5,GPU,22,0.1808,0.0012,0.1862,0.5465,0.1206,60.07,92.4,GPU,13,0.1329,0.0087,0.0882,0.3327,0.1578,33.51,32.4,GPU,16,0.1783,0.0062,0.5136,0.2915,0.1429,61.16,95.9,NPU,3,0.1213,0.0005,0.1816,0.3387,0.2899,20.75,0.4,GPU,21,0.0562,0.0071,0.0097,0.1555,0.1463,60.4,91.5,NPU,14,0.4113,0.0136,0.199,0.6555,0.4512,18.95,0.1,NPU,4,0.2047,0.0,0.0816,0.5458,0.2059,20.23,0.2
L1,8,single,Oracle,"[""GPU"", ""NPU"", ""GPU"", ""GPU"", ""GPU"", ""GPU"", ""NPU"", ""NPU""]",0.1638,0.059,0.011513,0.1921,0.0783,43.62,411.7,4,24.2,GPU,2,0.0779,0.0108,0.0809,0.3566,0.0783,62.99,94.0,NPU,22,0.1912,0.001,0.1732,0.6138,0.1996,20.88,0.4,GPU,13,0.1253,0.0082,0.0865,0.3241,0.1499,34.53,31.9,GPU,16,0.1696,0.0066,0.5218,0.2694,0.139,63.77,96.7,GPU,3,0.0714,0.0018,0.15,0.122,0.1693,64.33,93.5,GPU,21,0.059,0.007,0.0098,0.1612,0.1438,63.15,94.9,NPU,14,0.4114,0.0136,0.199,0.6555,0.4512,19.26,0.0,NPU,4,0.2044,0.0,0.0816,0.5441,0.2059,20.01,0.3
L1,8,single,Oracle,"[""NPU"", ""GPU"", ""GPU"", ""NPU"", ""GPU"", ""NPU"", ""GPU"", ""GPU""]",0.1909,0.0767,0.011497,0.2277,0.1329,33.49,266.2,6,24.6,NPU,2,0.109,0.0113,0.1426,0.5659,0.1329,20.73,0.0,GPU,22,0.1862,0.0011,0.1869,0.5681,0.1497,50.64,77.3,GPU,13,0.1374,0.0086,0.0892,0.3394,0.1653,33.01,31.5,NPU,16,0.3563,0.0051,0.4954,0.6793,0.3906,20.07,0.2,GPU,3,0.0767,0.0019,0.1578,0.1207,0.1826,51.88,78.6,NPU,21,0.0836,0.0014,0.0244,0.2127,0.2268,19.84,0.0,GPU,14,0.364,0.0552,0.207,0.56,0.4162,32.34,31.5,GPU,4,0.2135,0.0,0.1293,0.5359,0.1577,39.39,47.1
L1,8,single,Oracle,"[""GPU"", ""GPU"", ""NPU"", ""GPU"", ""GPU"", ""GPU"", ""NPU"", ""NPU""]",0.1705,0.0562,0.011408,0.1879,0.0767,49.63,488.7,3,17.9,GPU,2,0.077,0.0095,0.0772,0.3553,0.0767,67.06,97.1,GPU,22,0.1787,0.0011,0.1874,0.5391,0.1118,66.34,96.2,NPU,13,0.1874,0.0038,0.0861,0.3991,0.2209,19.47,0.1,GPU,16,0.1792,0.0066,0.4949,0.272,0.1352,69.91,100.0,GPU,3,0.0698,0.0017,0.1422,0.1106,0.1605,67.01,96.6,GPU,21,0.0562,0.0062,0.0094,0.1546,0.1413,66.95,98.0,NPU,14,0.4108,0.0137,0.199,0.6548,0.4512,19.76,0.6,NPU,4,0.2044,0.0,0.0816,0.5453,0.2059,20.57,0.2
L1,8,single,Oracle,"[""GPU"", ""GPU"", ""NPU"", ""GPU"", ""NPU"", ""GPU"", ""NPU"", ""GPU""]",0.1775,0.0577,0.010471,0.1961,0.0737,45.44,433.3,3,20.0,GPU,2,0.0758,0.0104,0.0767,0.3507,0.0737,68.33,99.5,GPU,22,0.1803,0.0009,0.1856,0.5432,0.1161,64.12,92.5,NPU,13,0.1874,0.0038,0.0861,0.3991,0.2209,19.22,0.1,GPU,16,0.1747,0.0065,0.507,0.278,0.1416,63.12,94.8,NPU,3,0.1214,0.0005,0.1816,0.339,0.2899,20.35,0.2,GPU,21,0.0577,0.0068,0.0085,0.1566,0.1411,64.93,96.1,NPU,14,0.4113,0.0136,0.1991,0.6555,0.4512,19.56,0.1,GPU,4,0.2117,0.0,0.1302,0.5293,0.1344,43.91,50.0
L1,8,single,Oracle,"[""GPU"", ""NPU"", ""GPU"", ""GPU"", ""NPU"", ""GPU"", ""NPU"", ""NPU""]",0.1722,0.0602,0.010513,0.2112,0.0855,35.32,302.7,5,23.8,GPU,2,0.08,0.0118,0.0864,0.3604,0.0855,56.39,91.3,NPU,22,0.1909,0.0011,0.1735,0.6134,0.1996,21.94,1.1,GPU,13,0.1291,0.0086,0.0891,0.3296,0.1519,32.48,32.4,GPU,16,0.1791,0.0069,0.5275,0.3095,0.1559,55.2,89.0,NPU,3,0.1214,0.0005,0.1816,0.339,0.2899,21.15,0.0,GPU,21,0.0602,0.0078,0.0095,0.1663,0.1497,55.52,88.1,NPU,14,0.4112,0.0136,0.199,0.6554,0.4512,19.3,0.2,NPU,4,0.2053,0.0,0.0816,0.5467,0.2059,20.58,0.5
L1,8,single,Oracle,"[""NPU"", ""GPU"", ""GPU"", ""NPU"", ""GPU"", ""NPU"", ""NPU"", ""GPU""]",0.1958,0.0732,0.014096,0.2293,0.1329,32.88,255.8,5,23.9,NPU,2,0.109,0.0113,0.1423,0.5656,0.1329,21.63,0.2,GPU,22,0.185,0.0011,0.1875,0.5603,0.1379,53.56,87.7,GPU,13,0.1321,0.0084,0.0893,0.3342,0.1652,32.09,32.9,NPU,16,0.3591,0.0051,0.4957,0.6826,0.3906,21.03,0.2,GPU,3,0.0732,0.0024,0.1474,0.1088,0.1794,54.17,83.9,NPU,21,0.0834,0.0014,0.0244,0.2127,0.2268,21.02,0.5,NPU,14,0.4112,0.0136,0.1991,0.6554,0.4512,19.13,0.3,GPU,4,0.2134,0.0,0.1322,0.5319,0.1505,40.43,50.0
L1,8,single,Oracle,"[""GPU"", ""GPU"", ""NPU"", ""NPU"", ""NPU"", ""GPU"", ""GPU"", ""NPU""]",0.1938,0.0611,0.011252,0.2343,0.0845,35.55,307.0,5,23.8,GPU,2,0.0792,0.0112,0.0854,0.3571,0.0845,57.23,93.2,GPU,22,0.1806,0.001,0.1866,0.5471,0.1298,56.33,88.4,NPU,13,0.1874,0.0038,0.0859,0.3991,0.2209,19.47,0.2,NPU,16,0.3587,0.0051,0.4957,0.6818,0.3906,21.26,0.5,NPU,3,0.1214,0.0005,0.1816,0.3389,0.2899,21.55,0.4,GPU,21,0.0611,0.0077,0.0099,0.1672,0.152,55.75,91.8,GPU,14,0.3566,0.056,0.2062,0.5523,0.4007,31.92,32.0,NPU,4,0.2054,0.0,0.0815,0.547,0.2059,20.9,0.5
L1,8,single,Oracle,"[""GPU"", ""NPU"", ""NPU"", ""NPU"", ""NPU"", ""GPU"", ""GPU"", ""GPU""]",0.196,0.0608,0.011223,0.2374,0.0874,33.78,258.6,6,24.1,GPU,2,0.0802,0.0121,0.0863,0.3637,0.0874,55.64,87.7,NPU,22,0.1908,0.001,0.1734,0.6133,0.1996,22.46,1.8,NPU,13,0.1874,0.0038,0.0861,0.3991,0.2209,19.26,0.0,NPU,16,0.356,0.005,0.4957,0.6735,0.3906,23.98,3.2,NPU,3,0.1211,0.0005,0.1816,0.3256,0.2899,21.83,1.8,GPU,21,0.0608,0.0073,0.0104,0.1695,0.1607,54.67,87.1,GPU,14,0.3588,0.054,0.2059,0.5564,0.4034,32.27,31.1,GPU,4,0.2131,0.0,0.1292,0.5323,0.147,40.16,45.9
L1,8,single,Oracle,"[""NPU"", ""GPU"", ""NPU"", ""GPU"", ""NPU"", ""GPU"", ""NPU"", ""GPU""]",0.1808,0.0596,0.009664,0.2046,0.1249,37.77,335.3,4,20.0,NPU,2,0.1088,0.0115,0.1409,0.5651,0.1329,22.58,1.6,GPU,22,0.18,0.0011,0.187,0.5469,0.1249,58.79,93.1,NPU,13,0.1874,0.0038,0.0861,0.3989,0.2209,19.66,0.1,GPU,16,0.1675,0.0074,0.5053,0.2786,0.1353,60.03,94.2,NPU,3,0.1211,0.0005,0.1816,0.3381,0.2899,21.7,0.9,GPU,21,0.0596,0.0071,0.0101,0.1609,0.1398,57.92,93.2,NPU,14,0.4103,0.0136,0.199,0.6548,0.4512,19.62,0.3,GPU,4,0.212,0.0,0.1323,0.5293,0.1421,41.84,51.9
L1,8,single,Oracle,"[""GPU"", ""NPU"", ""NPU"", ""GPU"", ""GPU"", ""GPU"", ""NPU"", ""NPU""]",0.1737,0.0592,0.011137,0.2036,0.0795,41.22,384.9,4,19.6,GPU,2,0.0796,0.0112,0.0826,0.3648,0.0795,61.87,95.4,NPU,22,0.1911,0.001,0.1734,0.6135,0.1996,22.36,1.3,NPU,13,0.1865,0.0038,0.0859,0.3979,0.2209,19.76,0.5,GPU,16,0.1838,0.0068,0.4993,0.2924,0.149,60.97,96.4,GPU,3,0.0747,0.0022,0.1544,0.1602,0.1747,60.63,94.6,GPU,21,0.0592,0.0065,0.0099,0.1598,0.1477,61.26,95.0,NPU,14,0.41,0.0137,0.199,0.6492,0.4512,21.71,1.1,NPU,4,0.2043,0.0,0.0821,0.5448,0.2059,21.2,0.6
L1,8,single,Oracle,"[""NPU"", ""GPU"", ""GPU"", ""NPU"", ""NPU"", ""GPU"", ""GPU"", ""NPU""]",0.1917,0.0622,0.011215,0.2368,0.1329,31.24,213.7,6,23.6,NPU,2,0.1087,0.0114,0.1412,0.5625,0.1329,22.11,1.1,GPU,22,0.1825,0.0012,0.1877,0.557,0.1445,50.67,76.1,GPU,13,0.1336,0.0086,0.0907,0.3355,0.1603,31.18,29.2,NPU,16,0.3586,0.0051,0.4952,0.6811,0.3906,21.16,0.7,NPU,3,0.1199,0.0005,0.1789,0.3387,0.2899,21.57,0.2,GPU,21,0.0622,0.0078,0.0106,0.1712,0.1599,51.4,76.7,GPU,14,0.3633,0.0538,0.206,0.5625,0.4102,31.22,28.8,NPU,4,0.2044,0.0,0.0816,0.5439,0.2059,20.66,0.8
L1,8,single,Oracle,"[""NPU"", ""GPU"", ""NPU"", ""GPU"", ""NPU"", ""GPU"", ""GPU"", ""NPU""]",0.1747,0.0587,0.006726,0.2101,0.1329,35.88,300.6,5,24.1,NPU,2,0.109,0.0114,0.1422,0.5655,0.1329,21.82,0.2,GPU,22,0.1844,0.001,0.1871,0.5607,0.1353,55.89,86.3,NPU,13,0.1874,0.0038,0.0861,0.3991,0.2209,19.23,0.1,GPU,16,0.1796,0.0076,0.5218,0.3016,0.1499,58.46,91.5,NPU,3,0.1208,0.0005,0.1808,0.3383,0.2899,21.46,0.9,GPU,21,0.0587,0.0073,0.0101,0.1626,0.1496,56.76,90.0,GPU,14,0.3535,0.0545,0.2066,0.5485,0.3962,32.69,31.3,NPU,4,0.2044,0.0,0.0816,0.5436,0.2059,20.69,0.3
L1,8,single,Oracle,"[""NPU"", ""GPU"", ""NPU"", ""NPU"", ""GPU"", ""GPU"", ""NPU"", ""GPU""]",0.1987,0.0584,0.014381,0.2223,0.1226,38.57,339.4,4,19.9,NPU,2,0.108,0.0112,0.1394,0.5587,0.1329,24.84,4.6,GPU,22,0.1805,0.0015,0.1861,0.5444,0.1226,60.72,94.2,NPU,13,0.1874,0.0038,0.0861,0.3991,0.2209,19.51,0.0,NPU,16,0.3582,0.0051,0.4954,0.6793,0.3906,21.51,1.4,GPU,3,0.0724,0.0015,0.1558,0.1422,0.1725,60.12,95.1,GPU,21,0.0584,0.007,0.0098,0.1601,0.1465,60.66,92.4,NPU,14,0.411,0.0136,0.199,0.6551,0.4512,19.54,0.3,GPU,4,0.2133,0.0,0.1303,0.5336,0.1415,41.65,51.3
L1,8,single,Oracle,"[""NPU"", ""NPU"", ""GPU"", ""GPU"", ""NPU"", ""NPU"", ""GPU"", ""GPU""]",0.1812,0.083,0.00795,0.2264,0.1329,28.21,154.5,7,23.8,NPU,2,0.1088,0.0115,0.1415,0.5627,0.1329,21.95,1.1,NPU,22,0.1904,0.001,0.1731,0.6112,0.1996,22.02,1.6,GPU,13,0.1426,0.0085,0.0937,0.3472,0.167,30.15,25.1,GPU,16,0.2038,0.0071,0.5188,0.3873,0.1859,44.02,60.7,NPU,3,0.1208,0.0005,0.1823,0.3378,0.2899,21.42,1.1,NPU,21,0.083,0.0014,0.0242,0.212,0.2268,21.15,0.9,GPU,14,0.3859,0.0565,0.2091,0.5852,0.4402,29.77,24.8,GPU,4,0.2139,0.0,0.1292,0.5336,0.1688,35.17,39.2
L1,8,single,Oracle,"[""NPU"", ""NPU"", ""GPU"", ""NPU"", ""GPU"", ""NPU"", ""NPU"", ""GPU""]",0.1985,0.0831,0.013472,0.2437,0.1329,27.55,138.1,7,23.6,NPU,2,0.1088,0.0113,0.1416,0.5609,0.1329,23.63,1.4,NPU,22,0.1909,0.001,0.1732,0.6132,0.1996,23.15,2.2,GPU,13,0.1418,0.0088,0.0939,0.3466,0.1751,29.76,26.5,NPU,16,0.3563,0.0051,0.4954,0.6785,0.3906,22.06,1.4,GPU,3,0.0837,0.0025,0.1845,0.1507,0.2062,44.86,66.0,NPU,21,0.0831,0.0014,0.0241,0.2116,0.2268,21.67,0.9,NPU,14,0.4102,0.0138,0.1988,0.6548,0.4512,19.63,0.8,GPU,4,0.2135,0.0,0.1312,0.5321,0.1672,35.62,38.9
L1,8,single,Oracle,"[""GPU"", ""NPU"", ""GPU"", ""NPU"", ""GPU"", ""NPU"", ""NPU"", ""NPU""]",0.1942,0.0836,0.014106,0.2434,0.0972,29.0,183.6,6,24.1,GPU,2,0.0841,0.0125,0.0955,0.3758,0.0972,47.72,75.4,NPU,22,0.1909,0.001,0.1732,0.6125,0.1996,23.03,2.5,GPU,13,0.1389,0.0086,0.0923,0.3422,0.171,30.69,29.5,NPU,16,0.3564,0.0051,0.4956,0.6791,0.3906,21.51,0.9,GPU,3,0.084,0.0027,0.1802,0.148,0.2053,46.42,73.8,NPU,21,0.0836,0.0014,0.0244,0.2129,0.2268,22.05,0.2,NPU,14,0.4107,0.0136,0.1992,0.6549,0.4512,19.46,0.6,NPU,4,0.2052,0.0,0.0815,0.5466,0.2059,21.09,0.8
L1,8,single,Oracle,"[""NPU"", ""GPU"", ""NPU"", ""NPU"", ""NPU"", ""GPU"", ""NPU"", ""GPU""]",0.2065,0.067,0.012738,0.2469,0.1329,30.01,214.0,6,20.0,NPU,2,0.1087,0.0114,0.1411,0.5607,0.1329,22.61,1.6,GPU,22,0.1863,0.0014,0.1872,0.5651,0.1526,48.33,79.8,NPU,13,0.1863,0.0038,0.0859,0.398,0.2209,19.53,0.5,NPU,16,0.3591,0.005,0.4956,0.6826,0.3906,22.08,0.7,NPU,3,0.1209,0.0005,0.1816,0.3375,0.2899,22.17,1.3,GPU,21,0.067,0.0079,0.0112,0.1818,0.1725,47.74,80.9,NPU,14,0.41,0.0136,0.199,0.6534,0.4512,20.1,1.0,GPU,4,0.2135,0.0,0.1297,0.5326,0.1644,37.53,48.1
L1,8,single,Oracle,"[""NPU"", ""NPU"", ""NPU"", ""GPU"", ""NPU"", ""GPU"", ""GPU"", ""NPU""]",0.1804,0.0622,0.007657,0.2271,0.1329,29.17,188.8,6,23.9,NPU,2,0.1086,0.0112,0.1407,0.5635,0.1329,22.74,1.8,NPU,22,0.1908,0.001,0.1731,0.6114,0.1996,22.92,2.2,NPU,13,0.1874,0.0038,0.0859,0.3989,0.2209,19.49,0.6,GPU,16,0.1926,0.0066,0.5245,0.3484,0.1778,47.28,77.2,NPU,3,0.1212,0.0005,0.1814,0.3388,0.2899,22.45,0.7,GPU,21,0.0622,0.0081,0.0111,0.1718,0.1659,46.96,76.6,GPU,14,0.3745,0.0553,0.2087,0.5767,0.4239,30.36,29.4,NPU,4,0.2058,0.0,0.0816,0.5473,0.2059,21.16,0.3
L1,8,single,Oracle,"[""NPU"", ""NPU"", ""NPU"", ""GPU"", ""NPU"", ""GPU"", ""NPU"", ""GPU""]",0.1833,0.063,0.009561,0.2229,0.1329,30.87,213.8,6,20.1,NPU,2,0.1083,0.0113,0.1391,0.5618,0.1329,23.14,2.3,NPU,22,0.1905,0.001,0.1734,0.6118,0.1996,23.05,2.0,NPU,13,0.187,0.0038,0.0854,0.3987,0.2209,20.77,0.8,GPU,16,0.1752,0.0074,0.5361,0.314,0.1632,50.15,80.7,NPU,3,0.1191,0.0005,0.1788,0.33,0.2899,22.71,1.3,GPU,21,0.063,0.0083,0.0107,0.1729,0.1668,48.63,77.9,NPU,14,0.4096,0.0133,0.1992,0.6536,0.4512,20.05,0.9,GPU,4,0.2137,0.0,0.1326,0.5326,0.1584,38.42,47.8
L1,8,single,Oracle,"[""NPU"", ""GPU"", ""NPU"", ""NPU"", ""GPU"", ""NPU"", ""GPU"", ""NPU""]",0.1986,0.0825,0.011458,0.2453,0.1329,29.73,197.3,6,24.2,NPU,2,0.1088,0.0114,0.1415,0.562,0.1329,22.89,1.6,GPU,22,0.1884,0.0012,0.1882,0.5715,0.1541,48.14,79.4,NPU,13,0.1874,0.0038,0.0859,0.3991,0.2209,20.1,0.5,NPU,16,0.3591,0.0051,0.4951,0.6825,0.3906,22.16,0.7,GPU,3,0.0825,0.0024,0.1714,0.1728,0.204,48.18,80.0,NPU,21,0.0831,0.0014,0.0244,0.2119,0.2268,22.15,1.1,GPU,14,0.374,0.0558,0.2072,0.5742,0.4272,31.04,32.3,NPU,4,0.2052,0.0,0.0815,0.5483,0.2059,23.19,1.7
L1,8,single,Oracle,"[""GPU"", ""GPU"", ""NPU"", ""NPU"", ""NPU"", ""GPU"", ""NPU"", ""NPU""]",0.2021,0.0632,0.013559,0.2464,0.0955,32.23,263.7,5,17.7,GPU,2,0.0836,0.0125,0.0911,0.3747,0.0955,51.55,88.1,GPU,22,0.1888,0.0015,0.1879,0.5727,0.1481,50.63,86.6,NPU,13,0.1874,0.0038,0.0857,0.399,0.2209,19.56,0.1,NPU,16,0.3592,0.0051,0.4957,0.6831,0.3906,21.4,0.2,NPU,3,0.1201,0.0004,0.1832,0.3302,0.2899,22.86,0.7,GPU,21,0.0632,0.0082,0.0113,0.1722,0.1691,50.74,86.9,NPU,14,0.4103,0.0137,0.1989,0.6543,0.4512,19.49,0.5,NPU,4,0.2043,0.0,0.0815,0.5451,0.2059,21.65,0.6
L1,8,single,Oracle,"[""NPU"", ""GPU"", ""NPU"", ""NPU"", ""NPU"", ""GPU"", ""GPU"", ""NPU""]",0.2006,0.0655,0.010973,0.249,0.1329,29.3,194.1,6,24.2,NPU,2,0.1085,0.0113,0.1394,0.565,0.1329,22.83,1.6,GPU,22,0.1893,0.0013,0.1872,0.5748,0.1569,46.96,78.4,NPU,13,0.1868,0.0038,0.0858,0.3983,0.2209,19.45,0.5,NPU,16,0.359,0.0051,0.4956,0.6812,0.3906,21.62,0.2,NPU,3,0.1201,0.0005,0.1795,0.3389,0.2899,22.48,1.3,GPU,21,0.0655,0.0084,0.0118,0.1773,0.1717,47.63,79.7,GPU,14,0.3713,0.057,0.2073,0.5728,0.4236,31.0,30.9,NPU,4,0.204,0.0,0.0816,0.5446,0.2059,22.48,1.4
L1,8,single,Oracle,"[""GPU"", ""GPU"", ""NPU"", ""NPU"", ""NPU"", ""NPU"", ""NPU"", ""NPU""]",0.2061,0.0832,0.012749,0.2581,0.1103,26.68,143.4,6,17.8,GPU,2,0.0887,0.0133,0.1031,0.3942,0.1103,42.21,69.6,GPU,22,0.1939,0.0014,0.1898,0.5853,0.1691,42.73,69.0,NPU,13,0.1873,0.0038,0.0857,0.3987,0.2209,19.57,0.5,NPU,16,0.3587,0.0051,0.4952,0.6796,0.3906,22.5,1.6,NPU,3,0.1207,0.0004,0.1813,0.3379,0.2899,22.75,1.1,NPU,21,0.0832,0.0014,0.024,0.2125,0.2268,22.5,0.2,NPU,14,0.411,0.0137,0.199,0.6551,0.4512,19.65,0.5,NPU,4,0.2051,0.0,0.0816,0.546,0.2059,21.51,0.9
L1,8,single,Oracle,"[""NPU"", ""NPU"", ""GPU"", ""NPU"", ""NPU"", ""NPU"", ""GPU"", ""NPU""]",0.2024,0.0825,0.012239,0.2617,0.1329,24.35,64.1,8,22.9,NPU,2,0.1084,0.0115,0.1402,0.5592,0.1329,23.34,1.8,NPU,22,0.1913,0.001,0.1735,0.6133,0.1996,23.6,2.0,GPU,13,0.157,0.0086,0.0967,0.3636,0.1958,27.89,23.9,NPU,16,0.358,0.0051,0.4946,0.6798,0.3906,22.55,2.5,NPU,3,0.1135,0.0004,0.1815,0.3267,0.2899,25.04,5.2,NPU,21,0.0825,0.0014,0.0237,0.2114,0.2268,23.01,2.7,GPU,14,0.4034,0.0565,0.2101,0.6125,0.4521,27.54,24.7,NPU,4,0.2051,0.0,0.0835,0.5451,0.2059,21.8,1.2
L1,8,single,Oracle,"[""NPU"", ""GPU"", ""NPU"", ""GPU"", ""NPU"", ""NPU"", ""NPU"", ""NPU""]",0.1892,0.0814,0.009052,0.2382,0.1329,26.54,146.6,6,17.8,NPU,2,0.1092,0.0112,0.1419,0.5637,0.1329,23.19,2.1,GPU,22,0.1922,0.0014,0.1893,0.5891,0.1723,42.14,69.7,NPU,13,0.1863,0.0038,0.0856,0.3982,0.2209,19.52,0.7,GPU,16,0.2093,0.0069,0.5625,0.3871,0.2056,41.18,69.0,NPU,3,0.1202,0.0005,0.1814,0.3368,0.2899,22.52,1.1,NPU,21,0.0814,0.0014,0.0231,0.2096,0.2268,22.43,2.3,NPU,14,0.4105,0.0137,0.199,0.6543,0.4512,19.66,0.7,NPU,4,0.2045,0.0,0.0821,0.5454,0.2059,21.7,1.1
L1,8,single,Oracle,"[""NPU"", ""NPU"", ""NPU"", ""GPU"", ""NPU"", ""GPU"", ""NPU"", ""NPU""]",0.1875,0.0701,0.009413,0.2373,0.1329,26.81,142.0,6,17.7,NPU,2,0.1084,0.0112,0.1402,0.5634,0.1329,23.65,3.2,NPU,22,0.191,0.001,0.1735,0.6131,0.1996,23.34,2.0,NPU,13,0.1874,0.0038,0.086,0.399,0.2209,19.45,0.3,GPU,16,0.2082,0.007,0.5574,0.3847,0.2018,42.05,67.5,NPU,3,0.1193,0.0005,0.1782,0.3386,0.2899,22.89,2.0,GPU,21,0.0701,0.0088,0.0123,0.1887,0.1962,41.93,65.5,NPU,14,0.4109,0.0136,0.199,0.6551,0.4512,19.49,0.5,NPU,4,0.2044,0.0,0.0815,0.5454,0.2059,21.65,0.9
L1,8,single,Oracle,"[""NPU"", ""NPU"", ""NPU"", ""NPU"", ""NPU"", ""GPU"", ""NPU"", ""GPU""]",0.2071,0.0711,0.012506,0.2563,0.1329,26.27,119.7,7,19.6,NPU,2,0.1073,0.0113,0.1388,0.5514,0.1329,23.84,4.1,NPU,22,0.191,0.001,0.1732,0.6114,0.1996,23.73,4.0,NPU,13,0.1866,0.0038,0.0854,0.3984,0.2209,19.8,0.9,NPU,16,0.3558,0.0051,0.495,0.6762,0.3906,22.76,1.6,NPU,3,0.121,0.0005,0.1827,0.3373,0.2899,23.25,3.1,GPU,21,0.0711,0.0089,0.013,0.1924,0.1905,42.48,64.2,NPU,14,0.4105,0.0124,0.1991,0.6547,0.4512,19.73,1.0,GPU,4,0.2132,0.0,0.1328,0.5318,0.175,34.59,40.6
L1,8,single,Oracle,"[""NPU"", ""NPU"", ""GPU"", ""GPU"", ""NPU"", ""NPU"", ""NPU"", ""NPU""]",0.1846,0.083,0.009273,0.235,0.1329,25.57,94.6,7,23.2,NPU,2,0.1083,0.0113,0.1404,0.562,0.1329,23.45,2.5,NPU,22,0.1915,0.001,0.1733,0.6136,0.1996,23.59,4.0,GPU,13,0.1445,0.0087,0.0953,0.3507,0.1771,28.62,25.2,GPU,16,0.2141,0.0075,0.5596,0.4148,0.1968,40.63,58.3,NPU,3,0.121,0.0005,0.1815,0.338,0.2899,23.01,1.3,NPU,21,0.083,0.0014,0.0239,0.2118,0.2268,22.69,2.1,NPU,14,0.4106,0.0136,0.199,0.6552,0.4512,19.7,0.6,NPU,4,0.204,0.0,0.0816,0.5446,0.2059,22.85,0.6
L1,8,single,Oracle,"[""NPU"", ""GPU"", ""NPU"", ""NPU"", ""NPU"", ""GPU"", ""NPU"", ""NPU""]",0.206,0.0712,0.012554,0.2597,0.1329,26.0,135.5,6,18.0,NPU,2,0.1085,0.0112,0.1406,0.5633,0.1329,22.97,2.3,GPU,22,0.1905,0.0013,0.1896,0.5807,0.1777,40.22,64.6,NPU,13,0.1854,0.0038,0.0856,0.397,0.2209,19.34,0.5,NPU,16,0.3574,0.0051,0.4947,0.6799,0.3906,21.92,0.9,NPU,3,0.1203,0.0005,0.1844,0.338,0.2899,22.39,1.1,GPU,21,0.0712,0.0088,0.0135,0.1912,0.2089,40.16,65.1,NPU,14,0.4105,0.0136,0.1991,0.6544,0.4512,19.85,0.6,NPU,4,0.2046,0.0,0.0821,0.5453,0.2059,21.15,0.5
L1,8,single,Oracle,"[""NPU"", ""NPU"", ""NPU"", ""NPU"", ""GPU"", ""NPU"", ""NPU"", ""GPU""]",0.2059,0.0818,0.012947,0.2561,0.1329,25.24,105.4,7,19.4,NPU,2,0.1086,0.0114,0.1411,0.5568,0.1329,23.05,2.7,NPU,22,0.1908,0.001,0.1734,0.6113,0.1996,23.43,2.9,NPU,13,0.1865,0.0038,0.086,0.398,0.2209,19.43,0.7,NPU,16,0.3588,0.0051,0.4956,0.6806,0.3906,22.35,1.4,GPU,3,0.0951,0.0031,0.2008,0.1773,0.246,38.96,57.7,NPU,21,0.0818,0.0014,0.0225,0.2115,0.2268,22.15,1.6,NPU,14,0.4118,0.0137,0.1991,0.6555,0.4512,19.32,0.3,GPU,4,0.2138,0.0,0.1311,0.5348,0.1808,33.25,38.0
L1,8,single,Oracle,"[""NPU"", ""NPU"", ""NPU"", ""NPU"", ""NPU"", ""NPU"", ""NPU"", ""GPU""]",0.2092,0.0825,0.012223,0.2638,0.1329,22.32,37.2,8,19.1,NPU,2,0.1085,0.0115,0.1405,0.5525,0.1329,22.35,2.3,NPU,22,0.1911,0.001,0.173,0.6131,0.1996,22.29,1.6,NPU,13,0.1874,0.0038,0.0861,0.3991,0.2209,18.82,0.0,NPU,16,0.3595,0.0051,0.4955,0.683,0.3906,21.93,0.7,NPU,3,0.1212,0.0005,0.1829,0.3387,0.2899,22.24,0.7,NPU,21,0.0825,0.0014,0.0242,0.2114,0.2268,21.52,1.4,NPU,14,0.4103,0.0134,0.1987,0.6547,0.4512,19.3,0.6,GPU,4,0.2135,0.0,0.1322,0.5335,0.1982,30.14,30.1
L1,8,single,Oracle,"[""NPU"", ""NPU"", ""NPU"", ""NPU"", ""NPU"", ""NPU"", ""GPU"", ""NPU""]",0.2079,0.082,0.012448,0.2674,0.1329,22.49,32.6,8,23.1,NPU,2,0.1082,0.0113,0.1402,0.5623,0.1329,22.87,1.6,NPU,22,0.191,0.001,0.173,0.6121,0.1996,23.31,3.4,NPU,13,0.1848,0.0038,0.086,0.3962,0.2209,19.1,0.5,NPU,16,0.3559,0.0051,0.4704,0.681,0.3906,22.35,1.1,NPU,3,0.1201,0.0005,0.1798,0.339,0.2899,22.55,0.9,NPU,21,0.082,0.0014,0.0227,0.2105,0.2268,22.3,2.3,GPU,14,0.4161,0.0555,0.2121,0.629,0.4722,26.77,21.6,NPU,4,0.2055,0.0,0.0816,0.5457,0.2059,20.65,1.2
L1,8,single,Oracle,"[""NPU"", ""NPU"", ""NPU"", ""NPU"", ""NPU"", ""GPU"", ""NPU"", ""NPU""]",0.2076,0.0802,0.012303,0.2676,0.1329,23.19,57.6,8,17.3,NPU,2,0.1086,0.0114,0.1403,0.5656,0.1329,23.18,2.3,NPU,22,0.1908,0.001,0.1732,0.6126,0.1996,23.23,2.0,NPU,13,0.1891,0.0038,0.0858,0.4007,0.2209,19.09,0.6,NPU,16,0.3576,0.0051,0.4952,0.6799,0.3906,22.34,1.6,NPU,3,0.1186,0.0005,0.1784,0.3362,0.2899,23.0,1.8,GPU,21,0.0802,0.0095,0.0159,0.2124,0.2502,34.83,47.9,NPU,14,0.4109,0.0136,0.1991,0.655,0.4512,18.96,0.6,NPU,4,0.205,0.0,0.0816,0.5461,0.2059,20.86,0.8
L1,8,single,Oracle,"[""NPU"", ""NPU"", ""NPU"", ""NPU"", ""GPU"", ""NPU"", ""NPU"", ""NPU""]",0.2058,0.0827,0.012591,0.2633,0.1329,22.97,59.5,8,17.4,NPU,2,0.108,0.0111,0.1404,0.5648,0.1329,22.81,2.5,NPU,22,0.1908,0.0009,0.1736,0.6127,0.1996,23.14,3.1,NPU,13,0.1874,0.0038,0.086,0.399,0.2209,19.33,0.3,NPU,16,0.3587,0.0051,0.4952,0.6802,0.3906,22.03,1.1,GPU,3,0.1046,0.0028,0.2112,0.2136,0.2787,35.17,49.1,NPU,21,0.0827,0.0014,0.0244,0.2108,0.2268,21.85,1.8,NPU,14,0.4103,0.0137,0.1989,0.654,0.4512,18.86,0.8,NPU,4,0.2038,0.0,0.0815,0.5443,0.2059,20.58,0.6
L1,8,single,Oracle,"[""NPU"", ""NPU"", ""NPU"", ""GPU"", ""NPU"", ""NPU"", ""NPU"", ""NPU""]",0.1899,0.0801,0.009139,0.2456,0.1329,23.03,57.5,8,17.3,NPU,2,0.1082,0.0112,0.1392,0.5632,0.1329,23.02,2.1,NPU,22,0.1915,0.001,0.1732,0.6128,0.1996,23.36,2.7,NPU,13,0.1871,0.0038,0.0854,0.3987,0.2209,19.03,0.6,GPU,16,0.2181,0.007,0.6032,0.4288,0.2376,34.72,47.5,NPU,3,0.1201,0.0005,0.1807,0.338,0.2899,22.32,1.3,NPU,21,0.0801,0.0014,0.0211,0.2095,0.2268,21.97,1.4,NPU,14,0.4101,0.0136,0.1991,0.654,0.4512,19.02,1.0,NPU,4,0.2043,0.0,0.0815,0.5453,0.2059,20.79,0.9
L1,8,single,Oracle,"[""NPU"", ""NPU"", ""GPU"", ""NPU"", ""NPU"", ""NPU"", ""NPU"", ""NPU""]",0.2052,0.0834,0.012402,0.2642,0.1329,22.24,29.1,8,22.9,NPU,2,0.1086,0.0112,0.1403,0.5575,0.1329,22.74,1.8,NPU,22,0.1908,0.001,0.1733,0.6133,0.1996,22.77,2.2,GPU,13,0.1636,0.0087,0.0993,0.3705,0.2164,26.67,20.0,NPU,16,0.3594,0.0051,0.4962,0.6813,0.3906,22.11,1.1,NPU,3,0.1205,0.0005,0.1813,0.3374,0.2899,22.27,1.3,NPU,21,0.0834,0.0014,0.0244,0.2124,0.2268,21.93,0.9,NPU,14,0.4106,0.0136,0.1991,0.6545,0.4512,18.93,0.7,NPU,4,0.2046,0.0,0.0816,0.5442,0.2059,20.54,0.9
L1,8,single,Oracle,"[""NPU"", ""GPU"", ""NPU"", ""NPU"", ""NPU"", ""NPU"", ""NPU"", ""NPU""]",0.2088,0.0812,0.01221,0.2652,0.1329,22.6,51.1,8,17.0,NPU,2,0.108,0.0112,0.1394,0.5632,0.1329,22.5,2.1,GPU,22,0.1989,0.0014,0.1904,0.607,0.2034,33.45,45.1,NPU,13,0.1871,0.0038,0.0857,0.399,0.2209,18.88,0.5,NPU,16,0.3592,0.0051,0.497,0.6831,0.3906,21.74,0.2,NPU,3,0.1214,0.0005,0.1828,0.3393,0.2899,22.86,1.6,NPU,21,0.0812,0.0014,0.0215,0.212,0.2268,21.98,0.9,NPU,14,0.4098,0.0137,0.1989,0.6536,0.4512,18.76,0.8,NPU,4,0.2047,0.0,0.0816,0.5458,0.2059,20.58,0.0
L1,8,single,Oracle,"[""GPU"", ""NPU"", ""NPU"", ""NPU"", ""NPU"", ""NPU"", ""NPU"", ""NPU""]",0.2071,0.0835,0.012458,0.2652,0.1369,22.27,47.8,8,17.1,GPU,2,0.0988,0.0149,0.1254,0.471,0.1369,33.25,43.9,NPU,22,0.1912,0.001,0.1733,0.6138,0.1996,22.27,1.1,NPU,13,0.1871,0.0038,0.0857,0.3987,0.2209,18.81,0.6,NPU,16,0.3593,0.0051,0.4953,0.6831,0.3906,21.66,0.2,NPU,3,0.1213,0.0005,0.1816,0.3386,0.2899,21.6,0.2,NPU,21,0.0835,0.0014,0.0245,0.2123,0.2268,21.36,0.7,NPU,14,0.4107,0.0137,0.199,0.6547,0.4512,18.8,0.6,NPU,4,0.2046,0.0,0.0816,0.5459,0.2059,20.39,0.5
