bg_level,placement_name,placement_spec,mean_sap,worst_sap,sap_var,mean_map,worst_map,map_var,mean_latency,frame_skip_total,wall_sec,s0_dev,s0_sap,s0_map,s0_sap_s,s0_sap_m,s0_sap_l,s0_lat,s0_skip,s1_dev,s1_sap,s1_map,s1_sap_s,s1_sap_m,s1_sap_l,s1_lat,s1_skip,s2_dev,s2_sap,s2_map,s2_sap_s,s2_sap_m,s2_sap_l,s2_lat,s2_skip,s3_dev,s3_sap,s3_map,s3_sap_s,s3_sap_m,s3_sap_l,s3_lat,s3_skip
L1,Naive_allGPU+Oracle,"[""GPU"", ""GPU"", ""GPU"", ""GPU""]",0.1249,0.0844,0.002139,0.2297,0.1408,0.003906,32.75,171.7,14.9,GPU,0.099,0.1408,0.0143,0.1202,0.4479,32.69,39.7,GPU,0.2031,0.2075,0.0015,0.1916,0.6197,32.57,43.7,GPU,0.1133,0.3082,0.0028,0.213,0.2727,33.23,46.1,GPU,0.0844,0.2623,0.0092,0.0216,0.2152,32.51,42.2
L1,SizeAware+Oracle,"[""NPU"", ""NPU"", ""GPU"", ""GPU""]",0.1372,0.1046,0.001208,0.2376,0.1329,0.005901,22.62,19.9,11.8,NPU,0.1089,0.1329,0.0114,0.142,0.5659,20.42,0.2,NPU,0.1912,0.1996,0.001,0.1733,0.614,20.67,0.0,GPU,0.1441,0.3315,0.0034,0.2492,0.3272,24.79,9.7,GPU,0.1046,0.2865,0.0101,0.0349,0.2507,24.59,10.0
L1,SizeBlindRev+Oracle,"[""GPU"", ""GPU"", ""NPU"", ""NPU""]",0.1334,0.0836,0.002187,0.2212,0.1492,0.002483,21.47,11.6,11.3,GPU,0.1184,0.1492,0.0162,0.1688,0.5689,23.68,5.9,GPU,0.2102,0.2189,0.0014,0.1924,0.6451,23.5,5.6,NPU,0.1214,0.2899,0.0005,0.1816,0.339,19.52,0.0,NPU,0.0836,0.2268,0.0014,0.0244,0.2127,19.19,0.0
L1,Oracle,"[""GPU"", ""GPU"", ""GPU"", ""NPU""]",0.1365,0.0836,0.002116,0.2316,0.1492,0.004238,24.64,42.1,12.6,GPU,0.1142,0.1492,0.0159,0.1583,0.545,26.45,13.7,GPU,0.2083,0.2189,0.0014,0.193,0.6395,26.29,14.0,GPU,0.14,0.3315,0.0023,0.2465,0.3311,26.18,14.4,NPU,0.0836,0.2268,0.0014,0.0244,0.2127,19.63,0.0
L1,Oracle,"[""GPU"", ""GPU"", ""NPU"", ""GPU""]",0.1355,0.1016,0.001762,0.236,0.1487,0.003339,25.16,53.0,12.8,GPU,0.1117,0.1487,0.0153,0.1537,0.5172,26.87,18.1,GPU,0.2072,0.2189,0.0014,0.1925,0.6341,26.73,17.5,NPU,0.1214,0.2899,0.0005,0.1816,0.339,20.16,0.0,GPU,0.1016,0.2865,0.01,0.0338,0.2449,26.87,17.4
L1,Oracle,"[""GPU"", ""NPU"", ""GPU"", ""GPU""]",0.1323,0.095,0.001328,0.2414,0.1492,0.005055,25.69,62.0,13.0,GPU,0.1113,0.1492,0.0159,0.1506,0.521,27.45,18.7,NPU,0.1912,0.1996,0.001,0.1733,0.614,20.54,0.0,GPU,0.1319,0.3308,0.0034,0.2378,0.3049,27.21,21.8,GPU,0.095,0.2859,0.0101,0.0254,0.2384,27.58,21.5
L1,Oracle,"[""GPU"", ""NPU"", ""GPU"", ""NPU""]",0.1353,0.0836,0.001568,0.2268,0.1492,0.00443,22.18,15.8,11.9,GPU,0.118,0.1492,0.0162,0.1671,0.5626,24.62,8.7,NPU,0.1912,0.1996,0.001,0.1733,0.614,20.04,0.0,GPU,0.1483,0.3315,0.0034,0.25,0.3241,24.69,7.2,NPU,0.0836,0.2268,0.0014,0.0244,0.2127,19.38,0.0
L1,Oracle,"[""GPU"", ""NPU"", ""NPU"", ""GPU""]",0.1354,0.1101,0.001056,0.2313,0.1492,0.003553,21.99,11.9,11.4,GPU,0.1189,0.1492,0.0162,0.1693,0.5696,24.04,5.3,NPU,0.1912,0.1996,0.001,0.1733,0.614,20.35,0.0,NPU,0.1214,0.2899,0.0005,0.1816,0.339,19.85,0.0,GPU,0.1101,0.2865,0.0099,0.0405,0.2577,23.71,6.6
L1,Oracle,"[""GPU"", ""NPU"", ""NPU"", ""NPU""]",0.1291,0.0836,0.001518,0.2164,0.1492,0.002575,20.18,2.7,11.0,GPU,0.12,0.1492,0.0165,0.1719,0.5714,23.26,2.7,NPU,0.1912,0.1996,0.001,0.1733,0.614,19.52,0.0,NPU,0.1214,0.2899,0.0005,0.1816,0.339,19.06,0.0,NPU,0.0836,0.2268,0.0014,0.0244,0.2127,18.87,0.0
L1,Oracle,"[""NPU"", ""GPU"", ""GPU"", ""GPU""]",0.1387,0.1038,0.001701,0.2419,0.1329,0.005572,25.4,52.7,13.0,NPU,0.109,0.1329,0.0113,0.1426,0.5659,20.2,0.0,GPU,0.2072,0.2177,0.0015,0.1928,0.6334,27.15,17.4,GPU,0.1348,0.3305,0.0034,0.2449,0.2956,27.38,19.0,GPU,0.1038,0.2863,0.0101,0.0359,0.2454,26.88,16.2
L1,Oracle,"[""NPU"", ""GPU"", ""GPU"", ""NPU""]",0.1377,0.0836,0.002258,0.2275,0.1329,0.004959,21.72,12.8,11.6,NPU,0.109,0.1329,0.0113,0.1426,0.5659,19.75,0.0,GPU,0.2096,0.2189,0.0014,0.1922,0.6426,23.8,5.6,GPU,0.1485,0.3315,0.0034,0.2487,0.3344,24.08,7.2,NPU,0.0836,0.2268,0.0014,0.0244,0.2127,19.23,0.0
L1,Oracle,"[""NPU"", ""GPU"", ""NPU"", ""GPU""]",0.1383,0.109,0.001766,0.232,0.1329,0.004075,21.2,5.2,11.1,NPU,0.109,0.1329,0.0113,0.1426,0.5659,19.34,0.0,GPU,0.2107,0.2189,0.0014,0.1929,0.6459,23.16,1.6,NPU,0.1214,0.2899,0.0005,0.1816,0.339,19.22,0.0,GPU,0.1121,0.2865,0.01,0.0434,0.2577,23.08,3.7
L1,Oracle,"[""NPU"", ""GPU"", ""NPU"", ""NPU""]",0.1311,0.0836,0.002279,0.2171,0.1329,0.003119,20.16,0.9,11.1,NPU,0.109,0.1329,0.0113,0.1426,0.5659,19.26,0.0,GPU,0.2103,0.2189,0.0014,0.1929,0.6456,23.2,0.9,NPU,0.1214,0.2899,0.0005,0.1816,0.339,19.15,0.0,NPU,0.0836,0.2268,0.0014,0.0244,0.2127,19.0,0.0
L1,Oracle,"[""NPU"", ""NPU"", ""GPU"", ""NPU""]",0.1337,0.0836,0.001683,0.2224,0.1329,0.00504,20.47,4.3,11.2,NPU,0.109,0.1329,0.0113,0.1426,0.5659,19.47,0.0,NPU,0.1912,0.1996,0.001,0.1733,0.614,19.75,0.0,GPU,0.151,0.3302,0.0034,0.2528,0.3276,23.58,4.3,NPU,0.0836,0.2268,0.0014,0.0244,0.2127,19.07,0.0
L1,Oracle,"[""NPU"", ""NPU"", ""NPU"", ""GPU""]",0.1338,0.109,0.001119,0.2272,0.1329,0.004271,20.78,6.4,11.3,NPU,0.109,0.1329,0.0113,0.1424,0.5658,19.78,0.2,NPU,0.1912,0.1996,0.001,0.1733,0.6139,19.99,0.2,NPU,0.1212,0.2899,0.0005,0.1816,0.3383,19.35,0.2,GPU,0.1137,0.2865,0.01,0.0455,0.2582,24.0,5.7
L1,Oracle,"[""NPU"", ""NPU"", ""NPU"", ""NPU""]",0.1263,0.0836,0.001591,0.2123,0.1329,0.003172,19.59,0.4,9.4,NPU,0.109,0.1329,0.0113,0.1426,0.5659,19.72,0.0,NPU,0.1912,0.1996,0.001,0.1734,0.6139,19.74,0.4,NPU,0.1214,0.2899,0.0005,0.1816,0.339,19.44,0.0,NPU,0.0836,0.2268,0.0014,0.0244,0.2127,19.47,0.0
L2,Naive_allGPU+Oracle,"[""GPU"", ""GPU"", ""GPU"", ""GPU""]",0.0999,0.058,0.002459,0.1402,0.0899,0.00128,57.02,338.5,15.9,GPU,0.0802,0.0899,0.0105,0.0856,0.3623,55.01,81.9,GPU,0.1845,0.1302,0.001,0.1882,0.5565,57.15,84.1,GPU,0.0767,0.1887,0.0014,0.1525,0.1644,56.69,87.0,GPU,0.058,0.1518,0.007,0.0088,0.159,59.22,85.5
L2,SizeAware+Oracle,"[""NPU"", ""NPU"", ""GPU"", ""GPU""]",0.1018,0.0651,0.001853,0.1718,0.1098,0.001679,45.5,327.2,15.8,NPU,0.083,0.1098,0.0089,0.0848,0.395,40.62,75.6,NPU,0.1752,0.1669,0.0009,0.1704,0.552,40.19,77.9,GPU,0.0837,0.2227,0.0023,0.1568,0.1664,49.52,86.0,GPU,0.0651,0.1877,0.0072,0.011,0.1742,51.67,87.7
L2,SizeBlindRev+Oracle,"[""GPU"", ""GPU"", ""NPU"", ""NPU""]",0.1011,0.0534,0.002653,0.1728,0.1052,0.002665,43.44,315.2,15.9,GPU,0.0866,0.1052,0.0123,0.0928,0.3906,47.99,85.4,GPU,0.1879,0.1503,0.0014,0.1884,0.5689,47.84,86.7,NPU,0.0765,0.2455,0.0002,0.1496,0.1813,39.22,72.3,NPU,0.0534,0.19,0.0004,0.0053,0.159,38.72,70.8
L2,Oracle,"[""GPU"", ""GPU"", ""GPU"", ""NPU""]",0.0999,0.0529,0.002581,0.1566,0.0955,0.001923,49.8,333.5,15.8,GPU,0.0823,0.0955,0.0111,0.0812,0.3804,52.06,88.1,GPU,0.1857,0.1345,0.0009,0.1883,0.5603,53.73,86.5,GPU,0.0788,0.2005,0.0017,0.1502,0.176,55.13,87.7,NPU,0.0529,0.1958,0.0004,0.0057,0.1583,38.28,71.3
L2,Oracle,"[""GPU"", ""GPU"", ""NPU"", ""GPU""]",0.1016,0.0626,0.002318,0.1588,0.0903,0.003355,50.84,334.3,15.8,GPU,0.0823,0.0903,0.0113,0.085,0.3747,55.4,85.8,GPU,0.1841,0.1309,0.0014,0.1871,0.5552,55.56,88.1,NPU,0.0776,0.2476,0.0002,0.1483,0.2278,39.23,75.0,GPU,0.0626,0.1662,0.0074,0.0106,0.169,53.16,85.4
L2,Oracle,"[""GPU"", ""NPU"", ""GPU"", ""GPU""]",0.1019,0.0636,0.001919,0.1658,0.0943,0.002084,49.22,321.8,15.8,GPU,0.0826,0.0943,0.0111,0.0878,0.3746,53.85,83.7,NPU,0.1764,0.1636,0.001,0.1713,0.554,40.12,72.6,GPU,0.085,0.2186,0.0017,0.1592,0.149,50.92,80.2,GPU,0.0636,0.1867,0.0073,0.0104,0.1731,51.98,85.3
L2,Oracle,"[""GPU"", ""NPU"", ""GPU"", ""NPU""]",0.1009,0.0586,0.001906,0.1753,0.104,0.002227,43.24,306.1,15.8,GPU,0.085,0.104,0.0119,0.0919,0.3828,47.88,85.5,NPU,0.1741,0.1618,0.0009,0.1703,0.5488,40.36,77.9,GPU,0.0858,0.2234,0.0017,0.1683,0.1938,48.7,87.1,NPU,0.0586,0.2117,0.0012,0.0088,0.1668,36.03,55.6
L2,Oracle,"[""GPU"", ""NPU"", ""NPU"", ""GPU""]",0.1018,0.0678,0.001934,0.1808,0.0998,0.003237,44.37,307.8,15.7,GPU,0.0844,0.0998,0.0101,0.0873,0.3879,51.81,88.1,NPU,0.1773,0.1682,0.001,0.1708,0.5533,39.46,73.2,NPU,0.0778,0.258,0.0002,0.1546,0.2059,37.22,60.7,GPU,0.0678,0.197,0.0077,0.0117,0.1815,48.99,85.7
L2,Oracle,"[""GPU"", ""NPU"", ""NPU"", ""NPU""]",0.0997,0.0603,0.002115,0.1832,0.1052,0.002662,39.34,272.2,15.8,GPU,0.0862,0.1052,0.0122,0.0942,0.3863,46.36,82.6,NPU,0.1778,0.1754,0.001,0.1708,0.5573,37.11,63.9,NPU,0.0747,0.2465,0.0004,0.1461,0.1921,39.45,75.1,NPU,0.0603,0.2055,0.0015,0.0073,0.1737,34.42,50.6
L2,Oracle,"[""NPU"", ""GPU"", ""GPU"", ""GPU""]",0.1057,0.0633,0.00227,0.1655,0.1154,0.001693,48.12,318.5,15.8,NPU,0.084,0.1154,0.0087,0.0849,0.4016,38.49,69.3,GPU,0.1865,0.1403,0.001,0.1877,0.5639,51.91,84.9,GPU,0.0889,0.2231,0.0021,0.1758,0.1862,49.46,80.4,GPU,0.0633,0.1833,0.0067,0.0109,0.1721,52.6,83.8
L2,Oracle,"[""NPU"", ""GPU"", ""GPU"", ""NPU""]",0.1076,0.0682,0.001993,0.1743,0.1279,0.001993,42.72,241.5,15.8,NPU,0.0935,0.1321,0.0104,0.102,0.4632,31.28,34.0,GPU,0.1833,0.1279,0.001,0.1878,0.5534,56.89,92.2,GPU,0.0853,0.2108,0.0016,0.1862,0.1464,52.58,87.2,NPU,0.0682,0.2263,0.0005,0.0127,0.1885,30.13,28.0
L2,Oracle,"[""NPU"", ""GPU"", ""NPU"", ""GPU""]",0.1055,0.0673,0.002355,0.1782,0.1167,0.002547,43.49,310.7,15.8,NPU,0.0846,0.1167,0.009,0.0858,0.414,37.9,64.6,GPU,0.1888,0.1489,0.001,0.1871,0.5749,49.08,86.8,NPU,0.0812,0.2504,0.0002,0.1517,0.227,38.69,69.4,GPU,0.0673,0.1967,0.0073,0.0121,0.1816,48.3,90.0
L2,Oracle,"[""NPU"", ""GPU"", ""NPU"", ""NPU""]",0.1018,0.0584,0.002583,0.1839,0.1217,0.002327,38.63,273.2,15.8,NPU,0.0865,0.1217,0.0093,0.0886,0.4161,36.25,60.5,GPU,0.1881,0.1592,0.0013,0.1898,0.5732,45.29,86.3,NPU,0.0741,0.2502,0.0003,0.1548,0.193,37.74,70.2,NPU,0.0584,0.2047,0.0004,0.0097,0.1654,35.23,56.2
L2,Oracle,"[""NPU"", ""NPU"", ""GPU"", ""NPU""]",0.1031,0.0547,0.002064,0.1855,0.1154,0.002876,39.49,286.2,15.8,NPU,0.0842,0.1154,0.0097,0.0852,0.402,38.45,71.0,NPU,0.1773,0.1665,0.001,0.1711,0.5526,39.24,72.7,GPU,0.0959,0.2636,0.0013,0.1876,0.2166,42.91,77.3,NPU,0.0547,0.1965,0.0004,0.0068,0.16,37.37,65.2
L2,Oracle,"[""NPU"", ""NPU"", ""NPU"", ""GPU""]",0.1037,0.0688,0.001832,0.1927,0.1179,0.002952,38.62,277.7,15.6,NPU,0.0844,0.1179,0.0091,0.0853,0.4048,37.89,68.3,NPU,0.177,0.1696,0.001,0.1717,0.5589,38.32,68.4,NPU,0.0845,0.2629,0.0004,0.1568,0.2159,36.86,64.7,GPU,0.0688,0.2203,0.0079,0.013,0.185,41.4,76.2
L2,Oracle,"[""NPU"", ""NPU"", ""NPU"", ""NPU""]",0.1029,0.0588,0.002033,0.1964,0.1265,0.002764,35.3,229.1,15.5,NPU,0.0898,0.1265,0.0102,0.0971,0.4533,33.86,48.4,NPU,0.1783,0.18,0.0009,0.1719,0.5642,36.22,61.8,NPU,0.0847,0.2725,0.0002,0.1576,0.2086,34.44,53.3,NPU,0.0588,0.2068,0.0014,0.0098,0.1665,36.66,65.6
