directory,filename,best_deployment,best_throughput,best_drop_rate,better_combination,better_throughput,better_drop_rate,diff
results,performance_20260112_141215_model_schedules_resnet_x3.json,combination_2,88.5,141.0,combination_1,96.5,346.0,8.0
results,performance_20251229_180806_model_schedules_g_m_r_r_s_s_t_v_y_test.json,combination_25,20.99,198.0,combination_344,27.78,277.0,6.790000000000003
results,performance_20251224_075835_model_schedules_m_r_r_t_y_test.json,combination_10,15.17,516.0,combination_1,21.28,590.0,6.110000000000001
results,performance_20251223_170443_model_schedules_g_m_r_r_s_s_t_v_x2.json,combination_180,21.64,95.0,combination_19,27.28,484.0,5.640000000000001
results,performance_20260112_141119_model_schedules_resnet_test.json,combination_1,57.83,458.0,combination_2,63.09,506.0,5.260000000000005
results,performance_20251224_072843_model_schedules_m_r_r_s_s_x2.json,combination_18,22.47,346.0,combination_28,27.61,392.0,5.140000000000001
results,performance_20251224_081936_model_schedules_m_r_r_t_y.json,combination_21,16.81,568.0,combination_8,21.53,884.0,4.720000000000002
results,performance_20251224_070427_model_schedules_g_m_t_x3.json,combination_7,31.19,508.0,combination_6,35.68,562.0,4.489999999999998
results,performance_20251224_111208_model_schedules_m_r_t_y_test.json,combination_1,18.67,471.0,combination_2,23.13,508.0,4.459999999999997
results,performance_20251224_080535_model_schedules_m_r_r_t_y_x2.json,combination_9,18.48,575.0,combination_8,22.66,669.0,4.18
results,performance_20251224_070239_model_schedules_g_m_t_x2.json,combination_7,30.72,525.0,combination_5,34.88,608.0,4.160000000000004
results,performance_20251229_180806_model_schedules_g_m_r_r_s_s_t_v_y_test.json,combination_25,20.99,198.0,combination_429,25.06,368.0,4.07
results,performance_20251224_065719_model_schedules_g_m_r_t.json,combination_6,20.44,489.0,combination_3,24.49,549.0,4.049999999999997
results,performance_20251224_055051_model_schedules_g_m_r_r_s_t_x3.json,combination_10,20.86,290.0,combination_48,24.86,414.0,4.0
results,performance_20251224_072843_model_schedules_m_r_r_s_s_x2.json,combination_18,22.47,346.0,combination_6,26.42,562.0,3.950000000000003
results,performance_20251224_061843_model_schedules_g_m_r_r_t_test.json,combination_15,20.62,368.0,combination_17,24.55,437.0,3.9299999999999997
results,performance_20251224_093406_model_schedules_r_x2.json,combination_2,90.74,22.0,combination_1,94.62,47.0,3.8800000000000097
results,performance_20251224_035931_model_schedules_g_m_r_r_s_s_t_x2.json,combination_70,21.84,118.0,combination_85,25.71,366.0,3.870000000000001
results,performance_20251223_170443_model_schedules_g_m_r_r_s_s_t_v_x2.json,combination_180,21.64,95.0,combination_3,25.38,177.0,3.7399999999999984
results,performance_20251224_065719_model_schedules_g_m_r_t.json,combination_6,20.44,489.0,combination_10,24.17,568.0,3.7300000000000004
results,performance_20251224_065719_model_schedules_g_m_r_t.json,combination_6,20.44,489.0,combination_7,24.16,602.0,3.719999999999999
results,performance_20251223_170443_model_schedules_g_m_r_r_s_s_t_v_x2.json,combination_180,21.64,95.0,combination_161,25.35,199.0,3.710000000000001
results,performance_20251223_170443_model_schedules_g_m_r_r_s_s_t_v_x2.json,combination_180,21.64,95.0,combination_33,25.31,256.0,3.669999999999998
results,performance_20251224_052259_model_schedules_g_m_r_r_s_t_test.json,combination_40,21.74,283.0,combination_42,25.35,382.0,3.610000000000003
results,performance_20251224_035931_model_schedules_g_m_r_r_s_s_t_x2.json,combination_70,21.84,118.0,combination_9,25.4,206.0,3.5599999999999987
results,performance_20251229_180806_model_schedules_g_m_r_r_s_s_t_v_y_test.json,combination_25,20.99,198.0,combination_181,24.52,230.0,3.530000000000001
results,performance_20251224_075835_model_schedules_m_r_r_t_y_test.json,combination_10,15.17,516.0,combination_11,18.6,595.0,3.4300000000000015
results,performance_20251224_015924_model_schedules_g_m_r_r_s_s_t_v_y.json,combination_249,23.13,245.0,combination_507,26.56,472.0,3.4299999999999997
results,performance_20251224_061843_model_schedules_g_m_r_r_t_test.json,combination_15,20.62,368.0,combination_9,23.92,491.0,3.3000000000000007
results,performance_20251223_170443_model_schedules_g_m_r_r_s_s_t_v_x2.json,combination_180,21.64,95.0,combination_7,24.88,160.0,3.2399999999999984
results,performance_20251229_180806_model_schedules_g_m_r_r_s_s_t_v_y_test.json,combination_25,20.99,198.0,combination_68,24.19,383.0,3.200000000000003
results,performance_20251224_071047_model_schedules_g_r_y_x2.json,combination_6,17.85,452.0,combination_4,21.05,553.0,3.1999999999999993
results,performance_20251224_065719_model_schedules_g_m_r_t.json,combination_6,20.44,489.0,combination_4,23.62,616.0,3.1799999999999997
results,performance_20251224_042719_model_schedules_g_m_r_r_s_s_t_x3.json,combination_29,24.09,131.0,combination_54,27.26,196.0,3.1700000000000017
results,performance_20251224_065719_model_schedules_g_m_r_t.json,combination_6,20.44,489.0,combination_14,23.59,574.0,3.1499999999999986
results,performance_20251223_170443_model_schedules_g_m_r_r_s_s_t_v_x2.json,combination_180,21.64,95.0,combination_138,24.73,278.0,3.09
results,performance_20251223_170443_model_schedules_g_m_r_r_s_s_t_v_x2.json,combination_180,21.64,95.0,combination_129,24.64,244.0,3.0
results,performance_20251223_170443_model_schedules_g_m_r_r_s_s_t_v_x2.json,combination_180,21.64,95.0,combination_135,24.63,265.0,2.9899999999999984
results,performance_20251223_170443_model_schedules_g_m_r_r_s_s_t_v_x2.json,combination_180,21.64,95.0,combination_11,24.61,170.0,2.969999999999999
results,performance_20251223_170443_model_schedules_g_m_r_r_s_s_t_v_x2.json,combination_180,21.64,95.0,combination_93,24.52,182.0,2.879999999999999
results,performance_20251224_083336_model_schedules_m_r_r_v_y_x2.json,combination_5,15.25,521.0,combination_10,18.1,624.0,2.8500000000000014
results,performance_20251223_170443_model_schedules_g_m_r_r_s_s_t_v_x2.json,combination_180,21.64,95.0,combination_43,24.49,301.0,2.849999999999998
results,performance_20251224_065719_model_schedules_g_m_r_t.json,combination_6,20.44,489.0,combination_9,23.27,659.0,2.8299999999999983
results,performance_20251223_170443_model_schedules_g_m_r_r_s_s_t_v_x2.json,combination_180,21.64,95.0,combination_17,24.45,430.0,2.8099999999999987
results,performance_20251224_075315_model_schedules_m_r_r_test.json,combination_7,21.14,851.0,combination_1,23.94,1079.0,2.8000000000000007
results,performance_20251224_065719_model_schedules_g_m_r_t.json,combination_6,20.44,489.0,combination_11,23.22,645.0,2.7799999999999976
results,performance_20251224_075835_model_schedules_m_r_r_t_y_test.json,combination_10,15.17,516.0,combination_8,17.94,580.0,2.7700000000000014
results,performance_20251224_073543_model_schedules_m_r_r_s_s_x3.json,combination_23,23.32,356.0,combination_1,26.09,540.0,2.7699999999999996
results,performance_20251223_170443_model_schedules_g_m_r_r_s_s_t_v_x2.json,combination_180,21.64,95.0,combination_239,24.41,219.0,2.7699999999999996
results,performance_20251224_035931_model_schedules_g_m_r_r_s_s_t_x2.json,combination_70,21.84,118.0,combination_33,24.6,289.0,2.7600000000000016
results,performance_20251224_065719_model_schedules_g_m_r_t.json,combination_6,20.44,489.0,combination_13,23.2,628.0,2.759999999999998
results,performance_20251224_070239_model_schedules_g_m_t_x2.json,combination_7,30.72,525.0,combination_6,33.46,641.0,2.740000000000002
results,performance_20251224_065719_model_schedules_g_m_r_t.json,combination_6,20.44,489.0,combination_15,23.18,650.0,2.7399999999999984
results,performance_20251224_060447_model_schedules_g_m_r_r_s_t.json,combination_2,27.16,359.0,combination_64,29.89,477.0,2.7300000000000004
results,performance_20251223_170443_model_schedules_g_m_r_r_s_s_t_v_x2.json,combination_180,21.64,95.0,combination_144,24.36,334.0,2.719999999999999
results,performance_20251224_070239_model_schedules_g_m_t_x2.json,combination_7,30.72,525.0,combination_1,33.44,560.0,2.719999999999999
results,performance_20251224_083336_model_schedules_m_r_r_v_y_x2.json,combination_5,15.25,521.0,combination_14,17.97,644.0,2.719999999999999
results,performance_20251224_075315_model_schedules_m_r_r_test.json,combination_7,21.14,851.0,combination_3,23.85,965.0,2.710000000000001
results,performance_20251223_170443_model_schedules_g_m_r_r_s_s_t_v_x2.json,combination_180,21.64,95.0,combination_131,24.33,207.0,2.6899999999999977
results,performance_20251223_170443_model_schedules_g_m_r_r_s_s_t_v_x2.json,combination_180,21.64,95.0,combination_46,24.33,168.0,2.6899999999999977
results,performance_20251223_160629_model_schedules_g_m_r_r_s_s_t_v_test.json,combination_13,23.97,99.0,combination_129,26.65,244.0,2.6799999999999997
results,performance_20251224_083336_model_schedules_m_r_r_v_y_x2.json,combination_5,15.25,521.0,combination_1,17.92,685.0,2.6700000000000017
results,performance_20251223_170443_model_schedules_g_m_r_r_s_s_t_v_x2.json,combination_180,21.64,95.0,combination_253,24.28,160.0,2.6400000000000006
results,performance_20251224_063243_model_schedules_g_m_r_r_t_x3.json,combination_5,22.88,505.0,combination_1,25.52,629.0,2.6400000000000006
results,performance_20251223_170443_model_schedules_g_m_r_r_s_s_t_v_x2.json,combination_180,21.64,95.0,combination_151,24.27,242.0,2.629999999999999
results,performance_20251224_084037_model_schedules_m_r_r_v_y_x3.json,combination_13,15.19,591.0,combination_8,17.8,713.0,2.610000000000001
results,performance_20251223_170443_model_schedules_g_m_r_r_s_s_t_v_x2.json,combination_180,21.64,95.0,combination_248,24.25,289.0,2.6099999999999994
results,performance_20251224_083336_model_schedules_m_r_r_v_y_x2.json,combination_5,15.25,521.0,combination_11,17.85,656.0,2.6000000000000014
results,performance_20251224_072843_model_schedules_m_r_r_s_s_x2.json,combination_18,22.47,346.0,combination_5,25.06,621.0,2.59
results,performance_20251224_070051_model_schedules_g_m_t_test.json,combination_2,30.59,142.0,combination_5,33.15,156.0,2.5599999999999987
results,performance_20251223_153839_model_schedules_g_m_r_r_s_s_t_test.json,combination_23,22.33,179.0,combination_3,24.87,266.0,2.5400000000000027
results,performance_20251223_170443_model_schedules_g_m_r_r_s_s_t_v_x2.json,combination_180,21.64,95.0,combination_83,24.17,186.0,2.530000000000001
results,performance_20251224_075835_model_schedules_m_r_r_t_y_test.json,combination_10,15.17,516.0,combination_17,17.68,571.0,2.51
results,performance_20251224_065719_model_schedules_g_m_r_t.json,combination_6,20.44,489.0,combination_12,22.93,580.0,2.4899999999999984
results,performance_20251223_170443_model_schedules_g_m_r_r_s_s_t_v_x2.json,combination_180,21.64,95.0,combination_20,24.12,156.0,2.4800000000000004
results,performance_20251224_053655_model_schedules_g_m_r_r_s_t_x2.json,combination_9,21.48,255.0,combination_6,23.94,492.0,2.460000000000001
results,performance_20251224_055051_model_schedules_g_m_r_r_s_t_x3.json,combination_10,20.86,290.0,combination_56,23.29,356.0,2.4299999999999997
results,performance_20251223_170443_model_schedules_g_m_r_r_s_s_t_v_x2.json,combination_180,21.64,95.0,combination_9,24.05,342.0,2.41
results,performance_20251223_170443_model_schedules_g_m_r_r_s_s_t_v_x2.json,combination_180,21.64,95.0,combination_15,24.04,195.0,2.3999999999999986
results,performance_20251224_090334_model_schedules_m_r_t_y_x3.json,combination_12,16.31,697.0,combination_4,18.67,723.0,2.360000000000003
results,performance_20251223_170443_model_schedules_g_m_r_r_s_s_t_v_x2.json,combination_180,21.64,95.0,combination_70,23.99,176.0,2.349999999999998
results,performance_20251223_170443_model_schedules_g_m_r_r_s_s_t_v_x2.json,combination_180,21.64,95.0,combination_107,23.97,293.0,2.3299999999999983
results,performance_20251224_061843_model_schedules_g_m_r_r_t_test.json,combination_15,20.62,368.0,combination_25,22.94,431.0,2.3200000000000003
results,performance_20251223_170443_model_schedules_g_m_r_r_s_s_t_v_x2.json,combination_180,21.64,95.0,combination_176,23.95,236.0,2.3099999999999987
results,performance_20251224_055051_model_schedules_g_m_r_r_s_t_x3.json,combination_10,20.86,290.0,combination_23,23.16,567.0,2.3000000000000007
results,performance_20251229_180806_model_schedules_g_m_r_r_s_s_t_v_y_test.json,combination_25,20.99,198.0,combination_145,23.28,263.0,2.2900000000000027
results,performance_20251223_170443_model_schedules_g_m_r_r_s_s_t_v_x2.json,combination_180,21.64,95.0,combination_197,23.93,282.0,2.289999999999999
results,performance_20251224_035931_model_schedules_g_m_r_r_s_s_t_x2.json,combination_70,21.84,118.0,combination_50,24.12,225.0,2.280000000000001
results,performance_20251224_055051_model_schedules_g_m_r_r_s_t_x3.json,combination_10,20.86,290.0,combination_50,23.08,393.0,2.219999999999999
results,performance_20251223_170443_model_schedules_g_m_r_r_s_s_t_v_x2.json,combination_180,21.64,95.0,combination_214,23.86,167.0,2.219999999999999
results,performance_20251223_153839_model_schedules_g_m_r_r_s_s_t_test.json,combination_23,22.33,179.0,combination_1,24.54,220.0,2.210000000000001
results,performance_20251224_075835_model_schedules_m_r_r_t_y_test.json,combination_10,15.17,516.0,combination_26,17.37,565.0,2.200000000000001
results,performance_20251224_070427_model_schedules_g_m_t_x3.json,combination_7,31.19,508.0,combination_2,33.39,568.0,2.1999999999999993
results,performance_20251223_170443_model_schedules_g_m_r_r_s_s_t_v_x2.json,combination_180,21.64,95.0,combination_23,23.83,247.0,2.1899999999999977
results,performance_20251223_170443_model_schedules_g_m_r_r_s_s_t_v_x2.json,combination_180,21.64,95.0,combination_29,23.83,237.0,2.1899999999999977
results,performance_20251224_084037_model_schedules_m_r_r_v_y_x3.json,combination_13,15.19,591.0,combination_2,17.37,743.0,2.1800000000000015
results,performance_20251223_153839_model_schedules_g_m_r_r_s_s_t_test.json,combination_23,22.33,179.0,combination_37,24.5,383.0,2.1700000000000017
results,performance_20251224_083336_model_schedules_m_r_r_v_y_x2.json,combination_5,15.25,521.0,combination_15,17.42,736.0,2.1700000000000017
results,performance_20251224_075835_model_schedules_m_r_r_t_y_test.json,combination_10,15.17,516.0,combination_32,17.34,600.0,2.17
results,performance_20251224_083336_model_schedules_m_r_r_v_y_x2.json,combination_5,15.25,521.0,combination_19,17.41,696.0,2.16
results,performance_20251224_065719_model_schedules_g_m_r_t.json,combination_6,20.44,489.0,combination_5,22.59,634.0,2.1499999999999986
results,performance_20251223_170443_model_schedules_g_m_r_r_s_s_t_v_x2.json,combination_180,21.64,95.0,combination_132,23.76,278.0,2.120000000000001
results,performance_20251223_170443_model_schedules_g_m_r_r_s_s_t_v_x2.json,combination_180,21.64,95.0,combination_69,23.76,153.0,2.120000000000001
results,performance_20251224_085626_model_schedules_m_r_r_x3.json,combination_8,19.96,800.0,combination_7,22.08,1088.0,2.1199999999999974
results,performance_20251223_153839_model_schedules_g_m_r_r_s_s_t_test.json,combination_23,22.33,179.0,combination_100,24.44,231.0,2.110000000000003
results,performance_20251224_053655_model_schedules_g_m_r_r_s_t_x2.json,combination_9,21.48,255.0,combination_50,23.59,322.0,2.1099999999999994
results,performance_20251223_170443_model_schedules_g_m_r_r_s_s_t_v_x2.json,combination_180,21.64,95.0,combination_95,23.75,186.0,2.1099999999999994
results,performance_20251223_170443_model_schedules_g_m_r_r_s_s_t_v_x2.json,combination_180,21.64,95.0,combination_18,23.74,176.0,2.099999999999998
results,performance_20251229_180806_model_schedules_g_m_r_r_s_s_t_v_y_test.json,combination_25,20.99,198.0,combination_116,23.08,420.0,2.09
results,performance_20251224_075315_model_schedules_m_r_r_test.json,combination_7,21.14,851.0,combination_6,23.21,897.0,2.0700000000000003
results,performance_20251224_055051_model_schedules_g_m_r_r_s_t_x3.json,combination_10,20.86,290.0,combination_1,22.9,369.0,2.039999999999999
results,performance_20251223_170443_model_schedules_g_m_r_r_s_s_t_v_x2.json,combination_180,21.64,95.0,combination_50,23.67,151.0,2.030000000000001
results,performance_20251223_170443_model_schedules_g_m_r_r_s_s_t_v_x2.json,combination_180,21.64,95.0,combination_165,23.65,248.0,2.009999999999998
results,performance_20251224_073543_model_schedules_m_r_r_s_s_x3.json,combination_23,23.32,356.0,combination_17,25.31,461.0,1.9899999999999984
results,performance_20251223_170443_model_schedules_g_m_r_r_s_s_t_v_x2.json,combination_180,21.64,95.0,combination_27,23.63,195.0,1.9899999999999984
results,performance_20251223_170443_model_schedules_g_m_r_r_s_s_t_v_x2.json,combination_180,21.64,95.0,combination_103,23.61,274.0,1.9699999999999989
results,performance_20251224_053655_model_schedules_g_m_r_r_s_t_x2.json,combination_9,21.48,255.0,combination_42,23.44,386.0,1.9600000000000009
results,performance_20251223_170443_model_schedules_g_m_r_r_s_s_t_v_x2.json,combination_180,21.64,95.0,combination_223,23.6,138.0,1.9600000000000009
results,performance_20251224_085814_model_schedules_m_r_r.json,combination_6,20.04,715.0,combination_2,21.99,757.0,1.9499999999999993
results,performance_20251224_065347_model_schedules_g_m_r_t_x3.json,combination_13,24.39,563.0,combination_5,26.33,706.0,1.9399999999999977
results,performance_20251223_170443_model_schedules_g_m_r_r_s_s_t_v_x2.json,combination_180,21.64,95.0,combination_86,23.58,232.0,1.9399999999999977
results,performance_20251223_170443_model_schedules_g_m_r_r_s_s_t_v_x2.json,combination_180,21.64,95.0,combination_158,23.57,220.0,1.9299999999999997
results,performance_20251224_035931_model_schedules_g_m_r_r_s_s_t_x2.json,combination_70,21.84,118.0,combination_107,23.76,270.0,1.9200000000000017
results,performance_20251223_170443_model_schedules_g_m_r_r_s_s_t_v_x2.json,combination_180,21.64,95.0,combination_122,23.56,162.0,1.9199999999999982
results,performance_20251224_084037_model_schedules_m_r_r_v_y_x3.json,combination_13,15.19,591.0,combination_5,17.1,771.0,1.910000000000002
results,performance_20251224_084037_model_schedules_m_r_r_v_y_x3.json,combination_13,15.19,591.0,combination_3,17.09,710.0,1.9000000000000004
results,performance_20251224_083336_model_schedules_m_r_r_v_y_x2.json,combination_5,15.25,521.0,combination_21,17.15,682.0,1.8999999999999986
results,performance_20251223_170443_model_schedules_g_m_r_r_s_s_t_v_x2.json,combination_180,21.64,95.0,combination_240,23.53,237.0,1.8900000000000006
results,performance_20251223_153839_model_schedules_g_m_r_r_s_s_t_test.json,combination_23,22.33,179.0,combination_50,24.22,237.0,1.8900000000000006
results,performance_20251223_153839_model_schedules_g_m_r_r_s_s_t_test.json,combination_23,22.33,179.0,combination_93,24.22,272.0,1.8900000000000006
results,performance_20251229_180806_model_schedules_g_m_r_r_s_s_t_v_y_test.json,combination_25,20.99,198.0,combination_267,22.88,242.0,1.8900000000000006
results,performance_20251224_070427_model_schedules_g_m_t_x3.json,combination_7,31.19,508.0,combination_1,33.08,554.0,1.889999999999997
results,performance_20251224_082636_model_schedules_m_r_r_v_y_test.json,combination_1,17.02,478.0,combination_8,18.9,568.0,1.879999999999999
results,performance_20251223_170443_model_schedules_g_m_r_r_s_s_t_v_x2.json,combination_180,21.64,95.0,combination_111,23.52,195.0,1.879999999999999
results,performance_20251224_052259_model_schedules_g_m_r_r_s_t_test.json,combination_40,21.74,283.0,combination_25,23.61,314.0,1.870000000000001
results,performance_20251229_180806_model_schedules_g_m_r_r_s_s_t_v_y_test.json,combination_25,20.99,198.0,combination_5,22.85,321.0,1.860000000000003
results,performance_20251224_035931_model_schedules_g_m_r_r_s_s_t_x2.json,combination_70,21.84,118.0,combination_100,23.7,237.0,1.8599999999999994
results,performance_20251224_073543_model_schedules_m_r_r_s_s_x3.json,combination_23,23.32,356.0,combination_15,25.18,383.0,1.8599999999999994
results,performance_20251223_170443_model_schedules_g_m_r_r_s_s_t_v_x2.json,combination_180,21.64,95.0,combination_4,23.5,224.0,1.8599999999999994
results,performance_20251223_170443_model_schedules_g_m_r_r_s_s_t_v_x2.json,combination_180,21.64,95.0,combination_52,23.5,189.0,1.8599999999999994
results,performance_20251229_180806_model_schedules_g_m_r_r_s_s_t_v_y_test.json,combination_25,20.99,198.0,combination_222,22.84,283.0,1.8500000000000014
results,performance_20251224_075835_model_schedules_m_r_r_t_y_test.json,combination_10,15.17,516.0,combination_24,17.01,573.0,1.8400000000000016
results,performance_20251224_035931_model_schedules_g_m_r_r_s_s_t_x2.json,combination_70,21.84,118.0,combination_120,23.68,229.0,1.8399999999999999
results,performance_20251223_170443_model_schedules_g_m_r_r_s_s_t_v_x2.json,combination_180,21.64,95.0,combination_181,23.47,170.0,1.8299999999999983
results,performance_20251224_083336_model_schedules_m_r_r_v_y_x2.json,combination_5,15.25,521.0,combination_4,17.07,804.0,1.8200000000000003
results,performance_20251224_065719_model_schedules_g_m_r_t.json,combination_6,20.44,489.0,combination_16,22.26,560.0,1.8200000000000003
results,performance_20251223_170443_model_schedules_g_m_r_r_s_s_t_v_x2.json,combination_180,21.64,95.0,combination_101,23.45,173.0,1.8099999999999987
results,performance_20251224_090334_model_schedules_m_r_t_y_x3.json,combination_12,16.31,697.0,combination_3,18.11,733.0,1.8000000000000007
results,performance_20251223_170443_model_schedules_g_m_r_r_s_s_t_v_x2.json,combination_180,21.64,95.0,combination_162,23.43,232.0,1.7899999999999991
results,performance_20251224_070239_model_schedules_g_m_t_x2.json,combination_7,30.72,525.0,combination_3,32.51,552.0,1.7899999999999991
results,performance_20251223_170443_model_schedules_g_m_r_r_s_s_t_v_x2.json,combination_180,21.64,95.0,combination_68,23.42,202.0,1.7800000000000011
results,performance_20251224_085814_model_schedules_m_r_r.json,combination_6,20.04,715.0,combination_7,21.82,795.0,1.7800000000000011
results,performance_20251224_075835_model_schedules_m_r_r_t_y_test.json,combination_10,15.17,516.0,combination_31,16.95,557.0,1.7799999999999994
results,performance_20251223_170443_model_schedules_g_m_r_r_s_s_t_v_x2.json,combination_180,21.64,95.0,combination_77,23.41,146.0,1.7699999999999996
results,performance_20251224_072843_model_schedules_m_r_r_s_s_x2.json,combination_18,22.47,346.0,combination_7,24.23,357.0,1.7600000000000016
results,performance_20251224_083336_model_schedules_m_r_r_v_y_x2.json,combination_5,15.25,521.0,combination_2,17.01,863.0,1.7600000000000016
results,performance_20251223_170443_model_schedules_g_m_r_r_s_s_t_v_x2.json,combination_180,21.64,95.0,combination_61,23.4,266.0,1.759999999999998
results,performance_20251223_170443_model_schedules_g_m_r_r_s_s_t_v_x2.json,combination_180,21.64,95.0,combination_34,23.39,257.0,1.75
results,performance_20251224_035931_model_schedules_g_m_r_r_s_s_t_x2.json,combination_70,21.84,118.0,combination_102,23.58,266.0,1.7399999999999984
results,performance_20251224_070051_model_schedules_g_m_t_test.json,combination_2,30.59,142.0,combination_1,32.33,159.0,1.7399999999999984
results,performance_20251223_170443_model_schedules_g_m_r_r_s_s_t_v_x2.json,combination_180,21.64,95.0,combination_67,23.38,161.0,1.7399999999999984
results,performance_20251224_053655_model_schedules_g_m_r_r_s_t_x2.json,combination_9,21.48,255.0,combination_33,23.21,437.0,1.7300000000000004
results,performance_20251223_170443_model_schedules_g_m_r_r_s_s_t_v_x2.json,combination_180,21.64,95.0,combination_110,23.37,237.0,1.7300000000000004
results,performance_20251223_170443_model_schedules_g_m_r_r_s_s_t_v_x2.json,combination_180,21.64,95.0,combination_237,23.37,169.0,1.7300000000000004
results,performance_20251224_090706_model_schedules_m_r_t_y.json,combination_16,16.73,667.0,combination_6,18.45,709.0,1.7199999999999989
results,performance_20251224_090334_model_schedules_m_r_t_y_x3.json,combination_12,16.31,697.0,combination_2,18.01,917.0,1.7000000000000028
results,performance_20251223_170443_model_schedules_g_m_r_r_s_s_t_v_x2.json,combination_180,21.64,95.0,combination_200,23.33,274.0,1.6899999999999977
results,performance_20251224_035931_model_schedules_g_m_r_r_s_s_t_x2.json,combination_70,21.84,118.0,combination_66,23.51,230.0,1.6700000000000017
results,performance_20251223_170443_model_schedules_g_m_r_r_s_s_t_v_x2.json,combination_180,21.64,95.0,combination_87,23.31,169.0,1.6699999999999982
results,performance_20251223_170443_model_schedules_g_m_r_r_s_s_t_v_x2.json,combination_180,21.64,95.0,combination_24,23.3,162.0,1.6600000000000001
results,performance_20251223_153839_model_schedules_g_m_r_r_s_s_t_test.json,combination_23,22.33,179.0,combination_21,23.99,212.0,1.6600000000000001
results,performance_20251224_075835_model_schedules_m_r_r_t_y_test.json,combination_10,15.17,516.0,combination_28,16.83,575.0,1.6599999999999984
results,performance_20251224_035931_model_schedules_g_m_r_r_s_s_t_x2.json,combination_70,21.84,118.0,combination_18,23.48,296.0,1.6400000000000006
results,performance_20251224_035931_model_schedules_g_m_r_r_s_s_t_x2.json,combination_70,21.84,118.0,combination_67,23.48,319.0,1.6400000000000006
results,performance_20251223_153839_model_schedules_g_m_r_r_s_s_t_test.json,combination_23,22.33,179.0,combination_2,23.97,286.0,1.6400000000000006
results,performance_20251223_170443_model_schedules_g_m_r_r_s_s_t_v_x2.json,combination_180,21.64,95.0,combination_188,23.27,166.0,1.629999999999999
results,performance_20251224_070856_model_schedules_g_m_x3.json,combination_3,71.47,388.0,combination_4,73.1,469.0,1.6299999999999955
results,performance_20251224_075835_model_schedules_m_r_r_t_y_test.json,combination_10,15.17,516.0,combination_9,16.79,567.0,1.6199999999999992
results,performance_20251224_081936_model_schedules_m_r_r_t_y.json,combination_21,16.81,568.0,combination_26,18.42,770.0,1.610000000000003
results,performance_20251224_070427_model_schedules_g_m_t_x3.json,combination_7,31.19,508.0,combination_5,32.78,651.0,1.5899999999999999
results,performance_20251224_065719_model_schedules_g_m_r_t.json,combination_6,20.44,489.0,combination_1,22.03,644.0,1.5899999999999999
results,performance_20251224_065719_model_schedules_g_m_r_t.json,combination_6,20.44,489.0,combination_8,22.03,562.0,1.5899999999999999
results,performance_20251223_170443_model_schedules_g_m_r_r_s_s_t_v_x2.json,combination_180,21.64,95.0,combination_65,23.22,296.0,1.5799999999999983
results,performance_20251224_061843_model_schedules_g_m_r_r_t_test.json,combination_15,20.62,368.0,combination_19,22.19,439.0,1.5700000000000003
results,performance_20251224_052259_model_schedules_g_m_r_r_s_t_test.json,combination_40,21.74,283.0,combination_1,23.31,359.0,1.5700000000000003
results,performance_20251224_083336_model_schedules_m_r_r_v_y_x2.json,combination_5,15.25,521.0,combination_20,16.82,870.0,1.5700000000000003
results,performance_20251223_170443_model_schedules_g_m_r_r_s_s_t_v_x2.json,combination_180,21.64,95.0,combination_6,23.2,247.0,1.5599999999999987
results,performance_20251224_053655_model_schedules_g_m_r_r_s_t_x2.json,combination_9,21.48,255.0,combination_8,23.03,310.0,1.5500000000000007
results,performance_20251224_052259_model_schedules_g_m_r_r_s_t_test.json,combination_40,21.74,283.0,combination_11,23.29,321.0,1.5500000000000007
results,performance_20251223_153839_model_schedules_g_m_r_r_s_s_t_test.json,combination_23,22.33,179.0,combination_35,23.87,320.0,1.5400000000000027
results,performance_20251224_075835_model_schedules_m_r_r_t_y_test.json,combination_10,15.17,516.0,combination_7,16.71,615.0,1.540000000000001
results,performance_20251224_082636_model_schedules_m_r_r_v_y_test.json,combination_1,17.02,478.0,combination_4,18.56,539.0,1.5399999999999991
results,performance_20251224_035931_model_schedules_g_m_r_r_s_s_t_x2.json,combination_70,21.84,118.0,combination_126,23.37,216.0,1.5300000000000011
results,performance_20251223_170443_model_schedules_g_m_r_r_s_s_t_v_x2.json,combination_180,21.64,95.0,combination_130,23.17,179.0,1.5300000000000011
results,performance_20251223_170443_model_schedules_g_m_r_r_s_s_t_v_x2.json,combination_180,21.64,95.0,combination_97,23.17,180.0,1.5300000000000011
results,performance_20251223_153839_model_schedules_g_m_r_r_s_s_t_test.json,combination_23,22.33,179.0,combination_114,23.85,220.0,1.5200000000000031
results,performance_20251224_084037_model_schedules_m_r_r_v_y_x3.json,combination_13,15.19,591.0,combination_32,16.69,671.0,1.5000000000000018
results,performance_20251224_055051_model_schedules_g_m_r_r_s_t_x3.json,combination_10,20.86,290.0,combination_9,22.36,546.0,1.5
results,performance_20251224_083336_model_schedules_m_r_r_v_y_x2.json,combination_5,15.25,521.0,combination_13,16.75,637.0,1.5
results,performance_20251224_083336_model_schedules_m_r_r_v_y_x2.json,combination_5,15.25,521.0,combination_25,16.74,646.0,1.4899999999999984
results,performance_20251224_090002_model_schedules_m_r_t_y_x2.json,combination_9,17.0,661.0,combination_2,18.48,705.0,1.4800000000000004
results,performance_20251224_052259_model_schedules_g_m_r_r_s_t_test.json,combination_40,21.74,283.0,combination_14,23.21,431.0,1.4700000000000024
results,performance_20251224_052259_model_schedules_g_m_r_r_s_t_test.json,combination_40,21.74,283.0,combination_56,23.21,335.0,1.4700000000000024
results,performance_20251224_083336_model_schedules_m_r_r_v_y_x2.json,combination_5,15.25,521.0,combination_12,16.72,812.0,1.4699999999999989
results,performance_20251223_170443_model_schedules_g_m_r_r_s_s_t_v_x2.json,combination_180,21.64,95.0,combination_194,23.1,141.0,1.4600000000000009
results,performance_20251223_170443_model_schedules_g_m_r_r_s_s_t_v_x2.json,combination_180,21.64,95.0,combination_40,23.1,156.0,1.4600000000000009
results,performance_20251224_035931_model_schedules_g_m_r_r_s_s_t_x2.json,combination_70,21.84,118.0,combination_1,23.29,210.0,1.4499999999999993
results,performance_20251223_170443_model_schedules_g_m_r_r_s_s_t_v_x2.json,combination_180,21.64,95.0,combination_136,23.09,194.0,1.4499999999999993
results,performance_20251224_075835_model_schedules_m_r_r_t_y_test.json,combination_10,15.17,516.0,combination_20,16.61,570.0,1.4399999999999995
results,performance_20251224_075315_model_schedules_m_r_r_test.json,combination_7,21.14,851.0,combination_2,22.58,945.0,1.4399999999999977
results,performance_20251224_083336_model_schedules_m_r_r_v_y_x2.json,combination_5,15.25,521.0,combination_28,16.67,698.0,1.4200000000000017
results,performance_20251223_170443_model_schedules_g_m_r_r_s_s_t_v_x2.json,combination_180,21.64,95.0,combination_154,23.06,167.0,1.4199999999999982
results,performance_20251223_170443_model_schedules_g_m_r_r_s_s_t_v_x2.json,combination_180,21.64,95.0,combination_36,23.06,192.0,1.4199999999999982
results,performance_20251224_061843_model_schedules_g_m_r_r_t_test.json,combination_15,20.62,368.0,combination_13,22.03,429.0,1.4100000000000001
results,performance_20251223_170443_model_schedules_g_m_r_r_s_s_t_v_x2.json,combination_180,21.64,95.0,combination_2,23.05,325.0,1.4100000000000001
results,performance_20251223_153839_model_schedules_g_m_r_r_s_s_t_test.json,combination_23,22.33,179.0,combination_4,23.74,275.0,1.4100000000000001
results,performance_20251229_180806_model_schedules_g_m_r_r_s_s_t_v_y_test.json,combination_25,20.99,198.0,combination_257,22.4,315.0,1.4100000000000001
results,performance_20251224_085814_model_schedules_m_r_r.json,combination_6,20.04,715.0,combination_5,21.45,797.0,1.4100000000000001
results,performance_20251224_035931_model_schedules_g_m_r_r_s_s_t_x2.json,combination_70,21.84,118.0,combination_10,23.24,379.0,1.3999999999999986
results,performance_20251223_170443_model_schedules_g_m_r_r_s_s_t_v_x2.json,combination_180,21.64,95.0,combination_124,23.04,281.0,1.3999999999999986
results,performance_20251223_170443_model_schedules_g_m_r_r_s_s_t_v_x2.json,combination_180,21.64,95.0,combination_126,23.04,185.0,1.3999999999999986
results,performance_20251223_170443_model_schedules_g_m_r_r_s_s_t_v_x2.json,combination_180,21.64,95.0,combination_96,23.04,191.0,1.3999999999999986
results,performance_20251224_055051_model_schedules_g_m_r_r_s_t_x3.json,combination_10,20.86,290.0,combination_54,22.25,418.0,1.3900000000000006
results,performance_20251223_170443_model_schedules_g_m_r_r_s_s_t_v_x2.json,combination_180,21.64,95.0,combination_232,23.03,231.0,1.3900000000000006
results,performance_20251224_090334_model_schedules_m_r_t_y_x3.json,combination_12,16.31,697.0,combination_8,17.69,757.0,1.3800000000000026
results,performance_20251223_170443_model_schedules_g_m_r_r_s_s_t_v_x2.json,combination_180,21.64,95.0,combination_66,23.02,270.0,1.379999999999999
results,performance_20251223_170443_model_schedules_g_m_r_r_s_s_t_v_x2.json,combination_180,21.64,95.0,combination_8,23.02,186.0,1.379999999999999
results,performance_20251223_170443_model_schedules_g_m_r_r_s_s_t_v_x2.json,combination_180,21.64,95.0,combination_26,23.01,166.0,1.370000000000001
results,performance_20251223_170443_model_schedules_g_m_r_r_s_s_t_v_x2.json,combination_180,21.64,95.0,combination_256,23.0,178.0,1.3599999999999994
results,performance_20251223_170443_model_schedules_g_m_r_r_s_s_t_v_x2.json,combination_180,21.64,95.0,combination_47,23.0,188.0,1.3599999999999994
results,performance_20251223_170443_model_schedules_g_m_r_r_s_s_t_v_x2.json,combination_180,21.64,95.0,combination_104,22.98,186.0,1.3399999999999999
results,performance_20251224_052259_model_schedules_g_m_r_r_s_t_test.json,combination_40,21.74,283.0,combination_12,23.07,402.0,1.3300000000000018
results,performance_20251224_090334_model_schedules_m_r_t_y_x3.json,combination_12,16.31,697.0,combination_14,17.63,769.0,1.3200000000000003
results,performance_20251223_170443_model_schedules_g_m_r_r_s_s_t_v_x2.json,combination_180,21.64,95.0,combination_5,22.96,264.0,1.3200000000000003
results,performance_20251223_170443_model_schedules_g_m_r_r_s_s_t_v_x2.json,combination_180,21.64,95.0,combination_59,22.96,285.0,1.3200000000000003
results,performance_20251223_160629_model_schedules_g_m_r_r_s_s_t_v_test.json,combination_13,23.97,99.0,combination_5,25.29,171.0,1.3200000000000003
results,performance_20251224_052259_model_schedules_g_m_r_r_s_t_test.json,combination_40,21.74,283.0,combination_52,23.06,322.0,1.3200000000000003
results,performance_20251224_072843_model_schedules_m_r_r_s_s_x2.json,combination_18,22.47,346.0,combination_11,23.79,493.0,1.3200000000000003
results,performance_20251224_084037_model_schedules_m_r_r_v_y_x3.json,combination_13,15.19,591.0,combination_1,16.5,613.0,1.3100000000000005
results,performance_20251224_035931_model_schedules_g_m_r_r_s_s_t_x2.json,combination_70,21.84,118.0,combination_3,23.15,346.0,1.3099999999999987
results,performance_20251223_170443_model_schedules_g_m_r_r_s_s_t_v_x2.json,combination_180,21.64,95.0,combination_147,22.94,249.0,1.3000000000000007
results,performance_20251224_092330_model_schedules_r_t_v_y_x2.json,combination_4,20.47,483.0,combination_12,21.77,497.0,1.3000000000000007
results,performance_20251224_084037_model_schedules_m_r_r_v_y_x3.json,combination_13,15.19,591.0,combination_28,16.48,669.0,1.290000000000001
results,performance_20251224_075835_model_schedules_m_r_r_t_y_test.json,combination_10,15.17,516.0,combination_18,16.46,574.0,1.290000000000001
results,performance_20251223_170443_model_schedules_g_m_r_r_s_s_t_v_x2.json,combination_180,21.64,95.0,combination_171,22.92,311.0,1.2800000000000011
results,performance_20251224_061843_model_schedules_g_m_r_r_t_test.json,combination_15,20.62,368.0,combination_10,21.9,484.0,1.2799999999999976
results,performance_20251224_065719_model_schedules_g_m_r_t.json,combination_6,20.44,489.0,combination_2,21.72,561.0,1.2799999999999976
results,performance_20251223_170443_model_schedules_g_m_r_r_s_s_t_v_x2.json,combination_180,21.64,95.0,combination_149,22.91,180.0,1.2699999999999996
results,performance_20251224_090334_model_schedules_m_r_t_y_x3.json,combination_12,16.31,697.0,combination_9,17.57,722.0,1.2600000000000016
results,performance_20251223_153839_model_schedules_g_m_r_r_s_s_t_test.json,combination_23,22.33,179.0,combination_39,23.59,271.0,1.2600000000000016
results,performance_20251223_170443_model_schedules_g_m_r_r_s_s_t_v_x2.json,combination_180,21.64,95.0,combination_128,22.9,192.0,1.259999999999998
results,performance_20251223_170443_model_schedules_g_m_r_r_s_s_t_v_x2.json,combination_180,21.64,95.0,combination_225,22.9,172.0,1.259999999999998
results,performance_20251223_170443_model_schedules_g_m_r_r_s_s_t_v_x2.json,combination_180,21.64,95.0,combination_72,22.89,187.0,1.25
results,performance_20251224_072843_model_schedules_m_r_r_s_s_x2.json,combination_18,22.47,346.0,combination_20,23.72,389.0,1.25
results,performance_20251223_170443_model_schedules_g_m_r_r_s_s_t_v_x2.json,combination_180,21.64,95.0,combination_187,22.88,167.0,1.2399999999999984
results,performance_20251224_061843_model_schedules_g_m_r_r_t_test.json,combination_15,20.62,368.0,combination_29,21.84,437.0,1.2199999999999989
results,performance_20251224_045508_model_schedules_g_m_r_r_s_s_t.json,combination_11,25.44,171.0,combination_100,26.64,271.0,1.1999999999999993
results,performance_20251223_170443_model_schedules_g_m_r_r_s_s_t_v_x2.json,combination_180,21.64,95.0,combination_48,22.84,200.0,1.1999999999999993
results,performance_20251224_085626_model_schedules_m_r_r_x3.json,combination_8,19.96,800.0,combination_2,21.15,1003.0,1.1899999999999977
results,performance_20251224_061843_model_schedules_g_m_r_r_t_test.json,combination_15,20.62,368.0,combination_14,21.81,468.0,1.1899999999999977
results,performance_20251229_180806_model_schedules_g_m_r_r_s_s_t_v_y_test.json,combination_25,20.99,198.0,combination_140,22.17,366.0,1.1800000000000033
results,performance_20251224_042719_model_schedules_g_m_r_r_s_s_t_x3.json,combination_29,24.09,131.0,combination_2,25.27,340.0,1.1799999999999997
results,performance_20251224_055051_model_schedules_g_m_r_r_s_t_x3.json,combination_10,20.86,290.0,combination_12,22.04,380.0,1.1799999999999997
results,performance_20251224_055051_model_schedules_g_m_r_r_s_t_x3.json,combination_10,20.86,290.0,combination_51,22.04,346.0,1.1799999999999997
results,performance_20251224_035931_model_schedules_g_m_r_r_s_s_t_x2.json,combination_70,21.84,118.0,combination_104,23.01,244.0,1.1700000000000017
results,performance_20251224_082636_model_schedules_m_r_r_v_y_test.json,combination_1,17.02,478.0,combination_6,18.19,544.0,1.1700000000000017
results,performance_20251224_075835_model_schedules_m_r_r_t_y_test.json,combination_10,15.17,516.0,combination_6,16.34,567.0,1.17
results,performance_20251224_053655_model_schedules_g_m_r_r_s_t_x2.json,combination_9,21.48,255.0,combination_21,22.64,380.0,1.1600000000000001
results,performance_20251223_170443_model_schedules_g_m_r_r_s_s_t_v_x2.json,combination_180,21.64,95.0,combination_150,22.8,184.0,1.1600000000000001
results,performance_20251223_170443_model_schedules_g_m_r_r_s_s_t_v_x2.json,combination_180,21.64,95.0,combination_192,22.8,218.0,1.1600000000000001
results,performance_20251229_180806_model_schedules_g_m_r_r_s_s_t_v_y_test.json,combination_25,20.99,198.0,combination_142,22.15,377.0,1.1600000000000001
results,performance_20251223_153839_model_schedules_g_m_r_r_s_s_t_test.json,combination_23,22.33,179.0,combination_104,23.48,215.0,1.1500000000000021
results,performance_20251223_170443_model_schedules_g_m_r_r_s_s_t_v_x2.json,combination_180,21.64,95.0,combination_247,22.78,240.0,1.1400000000000006
results,performance_20251223_153839_model_schedules_g_m_r_r_s_s_t_test.json,combination_23,22.33,179.0,combination_49,23.46,249.0,1.1300000000000026
results,performance_20251223_170443_model_schedules_g_m_r_r_s_s_t_v_x2.json,combination_180,21.64,95.0,combination_236,22.76,328.0,1.120000000000001
results,performance_20251224_083336_model_schedules_m_r_r_v_y_x2.json,combination_5,15.25,521.0,combination_16,16.37,688.0,1.120000000000001
results,performance_20251224_075835_model_schedules_m_r_r_t_y_test.json,combination_10,15.17,516.0,combination_22,16.29,566.0,1.1199999999999992
results,performance_20251223_170443_model_schedules_g_m_r_r_s_s_t_v_x2.json,combination_180,21.64,95.0,combination_114,22.75,148.0,1.1099999999999994
results,performance_20251223_170443_model_schedules_g_m_r_r_s_s_t_v_x2.json,combination_180,21.64,95.0,combination_249,22.75,184.0,1.1099999999999994
results,performance_20251224_042719_model_schedules_g_m_r_r_s_s_t_x3.json,combination_29,24.09,131.0,combination_96,25.19,336.0,1.1000000000000014
results,performance_20251224_072843_model_schedules_m_r_r_s_s_x2.json,combination_18,22.47,346.0,combination_26,23.57,363.0,1.1000000000000014
results,performance_20251224_083336_model_schedules_m_r_r_v_y_x2.json,combination_5,15.25,521.0,combination_23,16.35,649.0,1.1000000000000014
results,performance_20251224_084037_model_schedules_m_r_r_v_y_x3.json,combination_13,15.19,591.0,combination_10,16.29,675.0,1.0999999999999996
results,performance_20251224_084037_model_schedules_m_r_r_v_y_x3.json,combination_13,15.19,591.0,combination_7,16.29,654.0,1.0999999999999996
results,performance_20251223_170443_model_schedules_g_m_r_r_s_s_t_v_x2.json,combination_180,21.64,95.0,combination_137,22.74,184.0,1.0999999999999979
results,performance_20251224_070856_model_schedules_g_m_x3.json,combination_3,71.47,388.0,combination_1,72.56,424.0,1.0900000000000034
results,performance_20251224_055051_model_schedules_g_m_r_r_s_t_x3.json,combination_10,20.86,290.0,combination_2,21.95,377.0,1.0899999999999999
results,performance_20251223_170443_model_schedules_g_m_r_r_s_s_t_v_x2.json,combination_180,21.64,95.0,combination_102,22.73,304.0,1.0899999999999999
results,performance_20251224_052259_model_schedules_g_m_r_r_s_t_test.json,combination_40,21.74,283.0,combination_62,22.82,433.0,1.0800000000000018
results,performance_20251224_035931_model_schedules_g_m_r_r_s_s_t_x2.json,combination_70,21.84,118.0,combination_72,22.91,284.0,1.0700000000000003
results,performance_20251224_035931_model_schedules_g_m_r_r_s_s_t_x2.json,combination_70,21.84,118.0,combination_2,22.9,219.0,1.0599999999999987
results,performance_20251223_170443_model_schedules_g_m_r_r_s_s_t_v_x2.json,combination_180,21.64,95.0,combination_88,22.7,180.0,1.0599999999999987
results,performance_20251223_170443_model_schedules_g_m_r_r_s_s_t_v_x2.json,combination_180,21.64,95.0,combination_191,22.69,222.0,1.0500000000000007
results,performance_20251224_063243_model_schedules_g_m_r_r_t_x3.json,combination_5,22.88,505.0,combination_27,23.93,561.0,1.0500000000000007
results,performance_20251224_055051_model_schedules_g_m_r_r_s_t_x3.json,combination_10,20.86,290.0,combination_27,21.9,421.0,1.0399999999999991
results,performance_20251223_170443_model_schedules_g_m_r_r_s_s_t_v_x2.json,combination_180,21.64,95.0,combination_28,22.68,181.0,1.0399999999999991
results,performance_20251223_170443_model_schedules_g_m_r_r_s_s_t_v_x2.json,combination_180,21.64,95.0,combination_85,22.68,165.0,1.0399999999999991
results,performance_20251223_170443_model_schedules_g_m_r_r_s_s_t_v_x2.json,combination_180,21.64,95.0,combination_21,22.67,220.0,1.0300000000000011
results,performance_20251223_170443_model_schedules_g_m_r_r_s_s_t_v_x2.json,combination_180,21.64,95.0,combination_252,22.67,187.0,1.0300000000000011
results,performance_20251224_063243_model_schedules_g_m_r_r_t_x3.json,combination_5,22.88,505.0,combination_17,23.91,515.0,1.0300000000000011
results,performance_20251224_091958_model_schedules_r_t_v_y_test.json,combination_15,21.01,290.0,combination_7,22.04,298.0,1.0299999999999976
results,performance_20251224_083336_model_schedules_m_r_r_v_y_x2.json,combination_5,15.25,521.0,combination_24,16.27,761.0,1.0199999999999996
results,performance_20251224_090002_model_schedules_m_r_t_y_x2.json,combination_9,17.0,661.0,combination_3,18.01,815.0,1.0100000000000016
results,performance_20251224_072843_model_schedules_m_r_r_s_s_x2.json,combination_18,22.47,346.0,combination_25,23.48,363.0,1.0100000000000016
results,performance_20251223_170443_model_schedules_g_m_r_r_s_s_t_v_x2.json,combination_180,21.64,95.0,combination_133,22.65,363.0,1.009999999999998
results,performance_20251224_075835_model_schedules_m_r_r_t_y_test.json,combination_10,15.17,516.0,combination_15,16.17,598.0,1.0000000000000018
results,performance_20251224_061843_model_schedules_g_m_r_r_t_test.json,combination_15,20.62,368.0,combination_1,21.62,480.0,1.0
results,performance_20251229_180806_model_schedules_g_m_r_r_s_s_t_v_y_test.json,combination_25,20.99,198.0,combination_18,21.99,276.0,1.0
results,performance_20251224_090334_model_schedules_m_r_t_y_x3.json,combination_12,16.31,697.0,combination_13,17.3,746.0,0.990000000000002
results,performance_20251224_075835_model_schedules_m_r_r_t_y_test.json,combination_10,15.17,516.0,combination_5,16.16,651.0,0.9900000000000002
results,performance_20251224_055051_model_schedules_g_m_r_r_s_t_x3.json,combination_10,20.86,290.0,combination_16,21.84,388.0,0.9800000000000004
results,performance_20251229_180806_model_schedules_g_m_r_r_s_s_t_v_y_test.json,combination_25,20.99,198.0,combination_111,21.96,296.0,0.9700000000000024
results,performance_20251229_180806_model_schedules_g_m_r_r_s_s_t_v_y_test.json,combination_25,20.99,198.0,combination_45,21.96,342.0,0.9700000000000024
results,performance_20251224_035931_model_schedules_g_m_r_r_s_s_t_x2.json,combination_70,21.84,118.0,combination_65,22.81,266.0,0.9699999999999989
results,performance_20251223_170443_model_schedules_g_m_r_r_s_s_t_v_x2.json,combination_180,21.64,95.0,combination_120,22.61,184.0,0.9699999999999989
results,performance_20251223_170443_model_schedules_g_m_r_r_s_s_t_v_x2.json,combination_180,21.64,95.0,combination_143,22.61,172.0,0.9699999999999989
results,performance_20251223_170443_model_schedules_g_m_r_r_s_s_t_v_x2.json,combination_180,21.64,95.0,combination_238,22.61,297.0,0.9699999999999989
results,performance_20251223_170443_model_schedules_g_m_r_r_s_s_t_v_x2.json,combination_180,21.64,95.0,combination_13,22.6,203.0,0.9600000000000009
results,performance_20251223_170443_model_schedules_g_m_r_r_s_s_t_v_x2.json,combination_180,21.64,95.0,combination_184,22.6,300.0,0.9600000000000009
results,performance_20251223_160629_model_schedules_g_m_r_r_s_s_t_v_test.json,combination_13,23.97,99.0,combination_75,24.93,127.0,0.9600000000000009
results,performance_20251229_180806_model_schedules_g_m_r_r_s_s_t_v_y_test.json,combination_25,20.99,198.0,combination_131,21.95,316.0,0.9600000000000009
results,performance_20251223_160629_model_schedules_g_m_r_r_s_s_t_v_test.json,combination_13,23.97,99.0,combination_193,24.92,148.0,0.9500000000000028
results,performance_20251224_072843_model_schedules_m_r_r_s_s_x2.json,combination_18,22.47,346.0,combination_22,23.42,352.0,0.9500000000000028
results,performance_20251224_035931_model_schedules_g_m_r_r_s_s_t_x2.json,combination_70,21.84,118.0,combination_103,22.78,363.0,0.9400000000000013
results,performance_20251223_170443_model_schedules_g_m_r_r_s_s_t_v_x2.json,combination_180,21.64,95.0,combination_254,22.58,296.0,0.9399999999999977
results,performance_20251224_055051_model_schedules_g_m_r_r_s_t_x3.json,combination_10,20.86,290.0,combination_18,21.79,371.0,0.9299999999999997
results,performance_20251224_083336_model_schedules_m_r_r_v_y_x2.json,combination_5,15.25,521.0,combination_29,16.18,630.0,0.9299999999999997
results,performance_20251224_075503_model_schedules_m_r_r_t_test.json,combination_12,22.86,444.0,combination_7,23.78,454.0,0.9200000000000017
results,performance_20251224_055051_model_schedules_g_m_r_r_s_t_x3.json,combination_10,20.86,290.0,combination_22,21.78,350.0,0.9200000000000017
results,performance_20251224_053655_model_schedules_g_m_r_r_s_t_x2.json,combination_9,21.48,255.0,combination_25,22.4,470.0,0.9199999999999982
results,performance_20251223_170443_model_schedules_g_m_r_r_s_s_t_v_x2.json,combination_180,21.64,95.0,combination_167,22.55,371.0,0.9100000000000001
results,performance_20251224_083336_model_schedules_m_r_r_v_y_x2.json,combination_5,15.25,521.0,combination_7,16.15,752.0,0.8999999999999986
results,performance_20251223_170443_model_schedules_g_m_r_r_s_s_t_v_x2.json,combination_180,21.64,95.0,combination_199,22.53,163.0,0.8900000000000006
results,performance_20251223_170443_model_schedules_g_m_r_r_s_s_t_v_x2.json,combination_180,21.64,95.0,combination_10,22.52,153.0,0.879999999999999
results,performance_20251223_170443_model_schedules_g_m_r_r_s_s_t_v_x2.json,combination_180,21.64,95.0,combination_205,22.52,253.0,0.879999999999999
results,performance_20251223_170443_model_schedules_g_m_r_r_s_s_t_v_x2.json,combination_180,21.64,95.0,combination_193,22.51,209.0,0.870000000000001
results,performance_20251224_061843_model_schedules_g_m_r_r_t_test.json,combination_15,20.62,368.0,combination_18,21.49,437.0,0.8699999999999974
results,performance_20251224_084037_model_schedules_m_r_r_v_y_x3.json,combination_13,15.19,591.0,combination_19,16.05,683.0,0.8600000000000012
results,performance_20251224_061843_model_schedules_g_m_r_r_t_test.json,combination_15,20.62,368.0,combination_28,21.48,453.0,0.8599999999999994
results,performance_20251224_061843_model_schedules_g_m_r_r_t_test.json,combination_15,20.62,368.0,combination_5,21.48,455.0,0.8599999999999994
results,performance_20251223_170443_model_schedules_g_m_r_r_s_s_t_v_x2.json,combination_180,21.64,95.0,combination_109,22.49,173.0,0.8499999999999979
results,performance_20251223_170443_model_schedules_g_m_r_r_s_s_t_v_x2.json,combination_180,21.64,95.0,combination_54,22.48,249.0,0.8399999999999999
results,performance_20251224_070239_model_schedules_g_m_t_x2.json,combination_7,30.72,525.0,combination_2,31.56,598.0,0.8399999999999999
results,performance_20251229_180806_model_schedules_g_m_r_r_s_s_t_v_y_test.json,combination_25,20.99,198.0,combination_311,21.83,262.0,0.8399999999999999
results,performance_20251224_083336_model_schedules_m_r_r_v_y_x2.json,combination_5,15.25,521.0,combination_3,16.09,714.0,0.8399999999999999
results,performance_20251224_084037_model_schedules_m_r_r_v_y_x3.json,combination_13,15.19,591.0,combination_23,16.02,688.0,0.8300000000000001
results,performance_20251223_170443_model_schedules_g_m_r_r_s_s_t_v_x2.json,combination_180,21.64,95.0,combination_80,22.47,197.0,0.8299999999999983
results,performance_20251224_084037_model_schedules_m_r_r_v_y_x3.json,combination_13,15.19,591.0,combination_31,16.01,679.0,0.8200000000000021
results,performance_20251224_061843_model_schedules_g_m_r_r_t_test.json,combination_15,20.62,368.0,combination_22,21.44,456.0,0.8200000000000003
results,performance_20251224_075835_model_schedules_m_r_r_t_y_test.json,combination_10,15.17,516.0,combination_19,15.99,569.0,0.8200000000000003
results,performance_20251224_055051_model_schedules_g_m_r_r_s_t_x3.json,combination_10,20.86,290.0,combination_57,21.67,454.0,0.8100000000000023
results,performance_20251224_073543_model_schedules_m_r_r_s_s_x3.json,combination_23,23.32,356.0,combination_12,24.13,381.0,0.8099999999999987
results,performance_20251223_170443_model_schedules_g_m_r_r_s_s_t_v_x2.json,combination_180,21.64,95.0,combination_245,22.45,139.0,0.8099999999999987
results,performance_20251224_035931_model_schedules_g_m_r_r_s_s_t_x2.json,combination_70,21.84,118.0,combination_125,22.64,345.0,0.8000000000000007
results,performance_20251223_170443_model_schedules_g_m_r_r_s_s_t_v_x2.json,combination_180,21.64,95.0,combination_14,22.44,323.0,0.8000000000000007
results,performance_20251223_153839_model_schedules_g_m_r_r_s_s_t_test.json,combination_23,22.33,179.0,combination_103,23.13,268.0,0.8000000000000007
results,performance_20251224_084037_model_schedules_m_r_r_v_y_x3.json,combination_13,15.19,591.0,combination_14,15.98,675.0,0.7900000000000009
results,performance_20251224_035931_model_schedules_g_m_r_r_s_s_t_x2.json,combination_70,21.84,118.0,combination_45,22.63,371.0,0.7899999999999991
results,performance_20251224_061843_model_schedules_g_m_r_r_t_test.json,combination_15,20.62,368.0,combination_2,21.41,436.0,0.7899999999999991
results,performance_20251224_053655_model_schedules_g_m_r_r_s_t_x2.json,combination_9,21.48,255.0,combination_20,22.27,364.0,0.7899999999999991
results,performance_20251224_081936_model_schedules_m_r_r_t_y.json,combination_21,16.81,568.0,combination_25,17.59,665.0,0.7800000000000011
results,performance_20251224_072843_model_schedules_m_r_r_s_s_x2.json,combination_18,22.47,346.0,combination_9,23.23,473.0,0.7600000000000016
results,performance_20251223_170443_model_schedules_g_m_r_r_s_s_t_v_x2.json,combination_180,21.64,95.0,combination_160,22.4,239.0,0.759999999999998
results,performance_20251223_170443_model_schedules_g_m_r_r_s_s_t_v_x2.json,combination_180,21.64,95.0,combination_39,22.4,191.0,0.759999999999998
results,performance_20251224_090334_model_schedules_m_r_t_y_x3.json,combination_12,16.31,697.0,combination_16,17.06,717.0,0.75
results,performance_20251223_170443_model_schedules_g_m_r_r_s_s_t_v_x2.json,combination_180,21.64,95.0,combination_38,22.39,171.0,0.75
results,performance_20251224_052259_model_schedules_g_m_r_r_s_t_test.json,combination_40,21.74,283.0,combination_22,22.49,337.0,0.75
results,performance_20251229_180806_model_schedules_g_m_r_r_s_s_t_v_y_test.json,combination_25,20.99,198.0,combination_475,21.74,258.0,0.75
results,performance_20251224_055051_model_schedules_g_m_r_r_s_t_x3.json,combination_10,20.86,290.0,combination_64,21.6,364.0,0.740000000000002
results,performance_20251229_180806_model_schedules_g_m_r_r_s_s_t_v_y_test.json,combination_25,20.99,198.0,combination_109,21.73,322.0,0.740000000000002
results,performance_20251224_061843_model_schedules_g_m_r_r_t_test.json,combination_15,20.62,368.0,combination_27,21.36,465.0,0.7399999999999984
results,performance_20251223_170443_model_schedules_g_m_r_r_s_s_t_v_x2.json,combination_180,21.64,95.0,combination_145,22.38,178.0,0.7399999999999984
results,performance_20251223_170443_model_schedules_g_m_r_r_s_s_t_v_x2.json,combination_180,21.64,95.0,combination_16,22.38,155.0,0.7399999999999984
results,performance_20251223_170443_model_schedules_g_m_r_r_s_s_t_v_x2.json,combination_180,21.64,95.0,combination_216,22.37,171.0,0.7300000000000004
results,performance_20251223_160629_model_schedules_g_m_r_r_s_s_t_v_test.json,combination_13,23.97,99.0,combination_97,24.7,150.0,0.7300000000000004
results,performance_20251224_052259_model_schedules_g_m_r_r_s_t_test.json,combination_40,21.74,283.0,combination_21,22.47,354.0,0.7300000000000004
results,performance_20251224_035931_model_schedules_g_m_r_r_s_s_t_x2.json,combination_70,21.84,118.0,combination_123,22.56,223.0,0.7199999999999989
results,performance_20251223_170443_model_schedules_g_m_r_r_s_s_t_v_x2.json,combination_180,21.64,95.0,combination_108,22.36,185.0,0.7199999999999989
results,performance_20251223_170443_model_schedules_g_m_r_r_s_s_t_v_x2.json,combination_180,21.64,95.0,combination_113,22.35,159.0,0.7100000000000009
results,performance_20251223_170443_model_schedules_g_m_r_r_s_s_t_v_x2.json,combination_180,21.64,95.0,combination_177,22.35,178.0,0.7100000000000009
results,performance_20251224_075835_model_schedules_m_r_r_t_y_test.json,combination_10,15.17,516.0,combination_3,15.88,608.0,0.7100000000000009
results,performance_20251224_083336_model_schedules_m_r_r_v_y_x2.json,combination_5,15.25,521.0,combination_8,15.96,649.0,0.7100000000000009
results,performance_20260112_141147_model_schedules_resnet_x2.json,combination_2,89.39,57.0,combination_1,90.09,96.0,0.7000000000000028
results,performance_20251224_072843_model_schedules_m_r_r_s_s_x2.json,combination_18,22.47,346.0,combination_3,23.17,465.0,0.7000000000000028
results,performance_20251223_170443_model_schedules_g_m_r_r_s_s_t_v_x2.json,combination_180,21.64,95.0,combination_224,22.34,225.0,0.6999999999999993
results,performance_20251224_082636_model_schedules_m_r_r_v_y_test.json,combination_1,17.02,478.0,combination_11,17.71,582.0,0.6900000000000013
results,performance_20251223_153839_model_schedules_g_m_r_r_s_s_t_test.json,combination_23,22.33,179.0,combination_73,23.02,232.0,0.6900000000000013
results,performance_20251224_035931_model_schedules_g_m_r_r_s_s_t_x2.json,combination_70,21.84,118.0,combination_127,22.52,230.0,0.6799999999999997
results,performance_20251223_170443_model_schedules_g_m_r_r_s_s_t_v_x2.json,combination_180,21.64,95.0,combination_206,22.32,186.0,0.6799999999999997
results,performance_20251223_170443_model_schedules_g_m_r_r_s_s_t_v_x2.json,combination_180,21.64,95.0,combination_56,22.32,302.0,0.6799999999999997
results,performance_20251224_084037_model_schedules_m_r_r_v_y_x3.json,combination_13,15.19,591.0,combination_29,15.87,803.0,0.6799999999999997
results,performance_20251224_035931_model_schedules_g_m_r_r_s_s_t_x2.json,combination_70,21.84,118.0,combination_80,22.51,296.0,0.6700000000000017
results,performance_20251224_063243_model_schedules_g_m_r_r_t_x3.json,combination_5,22.88,505.0,combination_9,23.55,621.0,0.6700000000000017
results,performance_20251224_075835_model_schedules_m_r_r_t_y_test.json,combination_10,15.17,516.0,combination_29,15.84,595.0,0.6699999999999999
results,performance_20251224_053655_model_schedules_g_m_r_r_s_t_x2.json,combination_9,21.48,255.0,combination_28,22.15,424.0,0.6699999999999982
results,performance_20251223_170443_model_schedules_g_m_r_r_s_s_t_v_x2.json,combination_180,21.64,95.0,combination_41,22.31,443.0,0.6699999999999982
results,performance_20251224_081936_model_schedules_m_r_r_t_y.json,combination_21,16.81,568.0,combination_16,17.47,809.0,0.6600000000000001
results,performance_20251224_065015_model_schedules_g_m_r_t_x2.json,combination_2,24.61,581.0,combination_5,25.27,675.0,0.6600000000000001
results,performance_20251223_153839_model_schedules_g_m_r_r_s_s_t_test.json,combination_23,22.33,179.0,combination_125,22.98,357.0,0.6500000000000021
results,performance_20251223_153839_model_schedules_g_m_r_r_s_s_t_test.json,combination_23,22.33,179.0,combination_127,22.98,217.0,0.6500000000000021
results,performance_20251229_180806_model_schedules_g_m_r_r_s_s_t_v_y_test.json,combination_25,20.99,198.0,combination_210,21.64,363.0,0.6500000000000021
results,performance_20251224_075835_model_schedules_m_r_r_t_y_test.json,combination_10,15.17,516.0,combination_25,15.82,566.0,0.6500000000000004
results,performance_20251223_170443_model_schedules_g_m_r_r_s_s_t_v_x2.json,combination_180,21.64,95.0,combination_209,22.29,155.0,0.6499999999999986
results,performance_20251223_170443_model_schedules_g_m_r_r_s_s_t_v_x2.json,combination_180,21.64,95.0,combination_255,22.29,187.0,0.6499999999999986
results,performance_20251224_053655_model_schedules_g_m_r_r_s_t_x2.json,combination_9,21.48,255.0,combination_60,22.12,356.0,0.6400000000000006
results,performance_20251224_080535_model_schedules_m_r_r_t_y_x2.json,combination_9,18.48,575.0,combination_1,19.12,759.0,0.6400000000000006
results,performance_20251223_153839_model_schedules_g_m_r_r_s_s_t_test.json,combination_23,22.33,179.0,combination_84,22.97,293.0,0.6400000000000006
results,performance_20251223_153839_model_schedules_g_m_r_r_s_s_t_test.json,combination_23,22.33,179.0,combination_120,22.96,266.0,0.6300000000000026
results,performance_20251223_170443_model_schedules_g_m_r_r_s_s_t_v_x2.json,combination_180,21.64,95.0,combination_170,22.27,164.0,0.629999999999999
results,performance_20251224_090002_model_schedules_m_r_t_y_x2.json,combination_9,17.0,661.0,combination_7,17.62,937.0,0.620000000000001
results,performance_20251224_075835_model_schedules_m_r_r_t_y_test.json,combination_10,15.17,516.0,combination_13,15.79,586.0,0.6199999999999992
results,performance_20251224_070615_model_schedules_g_m_t.json,combination_3,32.09,559.0,combination_7,32.7,591.0,0.6099999999999994
results,performance_20251224_055051_model_schedules_g_m_r_r_s_t_x3.json,combination_10,20.86,290.0,combination_17,21.47,384.0,0.6099999999999994
results,performance_20251223_170443_model_schedules_g_m_r_r_s_s_t_v_x2.json,combination_180,21.64,95.0,combination_139,22.25,181.0,0.6099999999999994
results,performance_20251224_083336_model_schedules_m_r_r_v_y_x2.json,combination_5,15.25,521.0,combination_31,15.86,653.0,0.6099999999999994
results,performance_20251224_035931_model_schedules_g_m_r_r_s_s_t_x2.json,combination_70,21.84,118.0,combination_121,22.44,235.0,0.6000000000000014
results,performance_20251223_170443_model_schedules_g_m_r_r_s_s_t_v_x2.json,combination_180,21.64,95.0,combination_100,22.24,237.0,0.5999999999999979
results,performance_20251223_170443_model_schedules_g_m_r_r_s_s_t_v_x2.json,combination_180,21.64,95.0,combination_123,22.24,189.0,0.5999999999999979
results,performance_20251223_170443_model_schedules_g_m_r_r_s_s_t_v_x2.json,combination_180,21.64,95.0,combination_148,22.24,242.0,0.5999999999999979
results,performance_20251223_153839_model_schedules_g_m_r_r_s_s_t_test.json,combination_23,22.33,179.0,combination_106,22.92,196.0,0.5900000000000034
results,performance_20251224_053655_model_schedules_g_m_r_r_s_t_x2.json,combination_9,21.48,255.0,combination_2,22.07,318.0,0.5899999999999999
results,performance_20251224_075835_model_schedules_m_r_r_t_y_test.json,combination_10,15.17,516.0,combination_12,15.76,547.0,0.5899999999999999
results,performance_20251229_180806_model_schedules_g_m_r_r_s_s_t_v_y_test.json,combination_25,20.99,198.0,combination_7,21.57,376.0,0.5800000000000018
results,performance_20251224_053655_model_schedules_g_m_r_r_s_t_x2.json,combination_9,21.48,255.0,combination_1,22.06,360.0,0.5799999999999983
results,performance_20251223_170443_model_schedules_g_m_r_r_s_s_t_v_x2.json,combination_180,21.64,95.0,combination_163,22.22,188.0,0.5799999999999983
results,performance_20251224_084037_model_schedules_m_r_r_v_y_x3.json,combination_13,15.19,591.0,combination_27,15.76,707.0,0.5700000000000003
results,performance_20251224_075835_model_schedules_m_r_r_t_y_test.json,combination_10,15.17,516.0,combination_27,15.74,567.0,0.5700000000000003
results,performance_20251223_170443_model_schedules_g_m_r_r_s_s_t_v_x2.json,combination_180,21.64,95.0,combination_37,22.2,194.0,0.5599999999999987
results,performance_20251224_053655_model_schedules_g_m_r_r_s_t_x2.json,combination_9,21.48,255.0,combination_10,22.03,339.0,0.5500000000000007
results,performance_20251229_180806_model_schedules_g_m_r_r_s_s_t_v_y_test.json,combination_25,20.99,198.0,combination_12,21.54,312.0,0.5500000000000007
results,performance_20251224_090334_model_schedules_m_r_t_y_x3.json,combination_12,16.31,697.0,combination_10,16.85,747.0,0.5400000000000027
results,performance_20251223_153839_model_schedules_g_m_r_r_s_s_t_test.json,combination_23,22.33,179.0,combination_111,22.87,198.0,0.5400000000000027
results,performance_20251224_065015_model_schedules_g_m_r_t_x2.json,combination_2,24.61,581.0,combination_9,25.15,666.0,0.5399999999999991
results,performance_20251224_074943_model_schedules_m_r_r_s_test.json,combination_1,24.2,497.0,combination_4,24.74,554.0,0.5399999999999991
results,performance_20251223_170443_model_schedules_g_m_r_r_s_s_t_v_x2.json,combination_180,21.64,95.0,combination_234,22.17,249.0,0.5300000000000011
results,performance_20251223_153839_model_schedules_g_m_r_r_s_s_t_test.json,combination_23,22.33,179.0,combination_44,22.86,244.0,0.5300000000000011
results,performance_20251224_083336_model_schedules_m_r_r_v_y_x2.json,combination_5,15.25,521.0,combination_30,15.78,627.0,0.5299999999999994
results,performance_20251223_153839_model_schedules_g_m_r_r_s_s_t_test.json,combination_23,22.33,179.0,combination_45,22.85,287.0,0.5200000000000031
results,performance_20251223_160629_model_schedules_g_m_r_r_s_s_t_v_test.json,combination_13,23.97,99.0,combination_65,24.49,169.0,0.5199999999999996
results,performance_20251224_035931_model_schedules_g_m_r_r_s_s_t_x2.json,combination_70,21.84,118.0,combination_122,22.35,236.0,0.5100000000000016
results,performance_20251224_052259_model_schedules_g_m_r_r_s_t_test.json,combination_40,21.74,283.0,combination_27,22.25,324.0,0.5100000000000016
results,performance_20251224_065015_model_schedules_g_m_r_t_x2.json,combination_2,24.61,581.0,combination_13,25.11,801.0,0.5
results,performance_20251223_170443_model_schedules_g_m_r_r_s_s_t_v_x2.json,combination_180,21.64,95.0,combination_202,22.14,213.0,0.5
results,performance_20251223_153839_model_schedules_g_m_r_r_s_s_t_test.json,combination_23,22.33,179.0,combination_46,22.82,274.0,0.490000000000002
results,performance_20251224_035931_model_schedules_g_m_r_r_s_s_t_x2.json,combination_70,21.84,118.0,combination_109,22.33,268.0,0.48999999999999844
results,performance_20251224_092702_model_schedules_r_t_v_y_x3.json,combination_7,22.33,493.0,combination_6,22.81,528.0,0.4800000000000004
results,performance_20251224_055051_model_schedules_g_m_r_r_s_t_x3.json,combination_10,20.86,290.0,combination_41,21.34,401.0,0.4800000000000004
results,performance_20251224_015924_model_schedules_g_m_r_r_s_s_t_v_y.json,combination_249,23.13,245.0,combination_476,23.6,426.0,0.4700000000000024
results,performance_20251224_082636_model_schedules_m_r_r_v_y_test.json,combination_1,17.02,478.0,combination_14,17.48,547.0,0.46000000000000085
results,performance_20251224_055051_model_schedules_g_m_r_r_s_t_x3.json,combination_10,20.86,290.0,combination_40,21.32,343.0,0.46000000000000085
results,performance_20251224_052259_model_schedules_g_m_r_r_s_t_test.json,combination_40,21.74,283.0,combination_6,22.2,353.0,0.46000000000000085
results,performance_20251229_180806_model_schedules_g_m_r_r_s_s_t_v_y_test.json,combination_25,20.99,198.0,combination_395,21.45,241.0,0.46000000000000085
results,performance_20251224_084037_model_schedules_m_r_r_v_y_x3.json,combination_13,15.19,591.0,combination_20,15.64,707.0,0.45000000000000107
results,performance_20251224_035931_model_schedules_g_m_r_r_s_s_t_x2.json,combination_70,21.84,118.0,combination_83,22.29,374.0,0.4499999999999993
results,performance_20251224_061843_model_schedules_g_m_r_r_t_test.json,combination_15,20.62,368.0,combination_32,21.07,421.0,0.4499999999999993
results,performance_20251223_170443_model_schedules_g_m_r_r_s_s_t_v_x2.json,combination_180,21.64,95.0,combination_172,22.09,212.0,0.4499999999999993
results,performance_20251223_170443_model_schedules_g_m_r_r_s_s_t_v_x2.json,combination_180,21.64,95.0,combination_182,22.09,218.0,0.4499999999999993
results,performance_20251224_035931_model_schedules_g_m_r_r_s_s_t_x2.json,combination_70,21.84,118.0,combination_27,22.28,345.0,0.4400000000000013
results,performance_20251224_072843_model_schedules_m_r_r_s_s_x2.json,combination_18,22.47,346.0,combination_21,22.91,373.0,0.4400000000000013
results,performance_20251223_170443_model_schedules_g_m_r_r_s_s_t_v_x2.json,combination_180,21.64,95.0,combination_231,22.08,260.0,0.4399999999999977
results,performance_20251229_180806_model_schedules_g_m_r_r_s_s_t_v_y_test.json,combination_25,20.99,198.0,combination_350,21.42,240.0,0.43000000000000327
results,performance_20251229_180806_model_schedules_g_m_r_r_s_s_t_v_y_test.json,combination_25,20.99,198.0,combination_364,21.42,236.0,0.43000000000000327
results,performance_20251224_062543_model_schedules_g_m_r_r_t_x2.json,combination_25,23.77,504.0,combination_27,24.2,535.0,0.4299999999999997
results,performance_20251224_083336_model_schedules_m_r_r_v_y_x2.json,combination_5,15.25,521.0,combination_6,15.68,597.0,0.4299999999999997
results,performance_20251229_180806_model_schedules_g_m_r_r_s_s_t_v_y_test.json,combination_25,20.99,198.0,combination_266,21.41,293.0,0.4200000000000017
results,performance_20251223_170443_model_schedules_g_m_r_r_s_s_t_v_x2.json,combination_180,21.64,95.0,combination_175,22.06,221.0,0.41999999999999815
results,performance_20251224_084037_model_schedules_m_r_r_v_y_x3.json,combination_13,15.19,591.0,combination_24,15.6,647.0,0.41000000000000014
results,performance_20251229_180806_model_schedules_g_m_r_r_s_s_t_v_y_test.json,combination_25,20.99,198.0,combination_183,21.39,311.0,0.40000000000000213
results,performance_20251224_111208_model_schedules_m_r_t_y_test.json,combination_1,18.67,471.0,combination_3,19.07,499.0,0.3999999999999986
results,performance_20251224_035931_model_schedules_g_m_r_r_s_s_t_x2.json,combination_70,21.84,118.0,combination_73,22.24,227.0,0.3999999999999986
results,performance_20251224_090706_model_schedules_m_r_t_y.json,combination_16,16.73,667.0,combination_4,17.13,755.0,0.3999999999999986
results,performance_20251223_170443_model_schedules_g_m_r_r_s_s_t_v_x2.json,combination_180,21.64,95.0,combination_118,22.04,180.0,0.3999999999999986
results,performance_20251223_170443_model_schedules_g_m_r_r_s_s_t_v_x2.json,combination_180,21.64,95.0,combination_183,22.04,172.0,0.3999999999999986
results,performance_20251224_035931_model_schedules_g_m_r_r_s_s_t_x2.json,combination_70,21.84,118.0,combination_42,22.23,204.0,0.39000000000000057
results,performance_20251224_035931_model_schedules_g_m_r_r_s_s_t_x2.json,combination_70,21.84,118.0,combination_69,22.21,393.0,0.370000000000001
results,performance_20251224_111208_model_schedules_m_r_t_y_test.json,combination_1,18.67,471.0,combination_4,19.04,502.0,0.36999999999999744
results,performance_20251223_153839_model_schedules_g_m_r_r_s_s_t_test.json,combination_23,22.33,179.0,combination_18,22.69,238.0,0.360000000000003
results,performance_20251224_055051_model_schedules_g_m_r_r_s_t_x3.json,combination_10,20.86,290.0,combination_8,21.22,553.0,0.35999999999999943
results,performance_20251223_170443_model_schedules_g_m_r_r_s_s_t_v_x2.json,combination_180,21.64,95.0,combination_174,22.0,231.0,0.35999999999999943
results,performance_20251223_170443_model_schedules_g_m_r_r_s_s_t_v_x2.json,combination_180,21.64,95.0,combination_32,22.0,197.0,0.35999999999999943
results,performance_20251223_170443_model_schedules_g_m_r_r_s_s_t_v_x2.json,combination_180,21.64,95.0,combination_89,22.0,210.0,0.35999999999999943
results,performance_20251224_092330_model_schedules_r_t_v_y_x2.json,combination_4,20.47,483.0,combination_11,20.83,532.0,0.35999999999999943
results,performance_20251224_075835_model_schedules_m_r_r_t_y_test.json,combination_10,15.17,516.0,combination_30,15.53,619.0,0.35999999999999943
results,performance_20251224_072843_model_schedules_m_r_r_s_s_x2.json,combination_18,22.47,346.0,combination_12,22.83,571.0,0.35999999999999943
results,performance_20251229_180806_model_schedules_g_m_r_r_s_s_t_v_y_test.json,combination_25,20.99,198.0,combination_385,21.34,318.0,0.3500000000000014
results,performance_20251224_082636_model_schedules_m_r_r_v_y_test.json,combination_1,17.02,478.0,combination_23,17.36,509.0,0.33999999999999986
results,performance_20251223_160629_model_schedules_g_m_r_r_s_s_t_v_test.json,combination_13,23.97,99.0,combination_37,24.31,204.0,0.33999999999999986
results,performance_20251224_070051_model_schedules_g_m_t_test.json,combination_2,30.59,142.0,combination_4,30.92,146.0,0.33000000000000185
results,performance_20251223_153839_model_schedules_g_m_r_r_s_s_t_test.json,combination_23,22.33,179.0,combination_81,22.66,256.0,0.33000000000000185
results,performance_20251229_180806_model_schedules_g_m_r_r_s_s_t_v_y_test.json,combination_25,20.99,198.0,combination_509,21.32,254.0,0.33000000000000185
results,performance_20251224_063943_model_schedules_g_m_r_r_t.json,combination_14,23.57,516.0,combination_7,23.9,783.0,0.3299999999999983
results,performance_20251224_053655_model_schedules_g_m_r_r_s_t_x2.json,combination_9,21.48,255.0,combination_27,21.81,360.0,0.3299999999999983
results,performance_20251223_170443_model_schedules_g_m_r_r_s_s_t_v_x2.json,combination_180,21.64,95.0,combination_156,21.97,189.0,0.3299999999999983
results,performance_20251224_073543_model_schedules_m_r_r_s_s_x3.json,combination_23,23.32,356.0,combination_13,23.64,468.0,0.3200000000000003
results,performance_20251223_153839_model_schedules_g_m_r_r_s_s_t_test.json,combination_23,22.33,179.0,combination_19,22.65,299.0,0.3200000000000003
results,performance_20251224_072843_model_schedules_m_r_r_s_s_x2.json,combination_18,22.47,346.0,combination_19,22.78,433.0,0.3100000000000023
results,performance_20251223_170443_model_schedules_g_m_r_r_s_s_t_v_x2.json,combination_180,21.64,95.0,combination_166,21.95,188.0,0.3099999999999987
results,performance_20251223_170443_model_schedules_g_m_r_r_s_s_t_v_x2.json,combination_180,21.64,95.0,combination_207,21.95,185.0,0.3099999999999987
results,performance_20251223_170443_model_schedules_g_m_r_r_s_s_t_v_x2.json,combination_180,21.64,95.0,combination_91,21.95,181.0,0.3099999999999987
results,performance_20251224_090706_model_schedules_m_r_t_y.json,combination_16,16.73,667.0,combination_13,17.03,722.0,0.3000000000000007
results,performance_20251229_180806_model_schedules_g_m_r_r_s_s_t_v_y_test.json,combination_25,20.99,198.0,combination_497,21.29,243.0,0.3000000000000007
results,performance_20251224_093034_model_schedules_r_t_v_y.json,combination_2,21.06,364.0,combination_13,21.36,454.0,0.3000000000000007
results,performance_20251223_153839_model_schedules_g_m_r_r_s_s_t_test.json,combination_23,22.33,179.0,combination_12,22.62,230.0,0.2900000000000027
results,performance_20251224_035931_model_schedules_g_m_r_r_s_s_t_x2.json,combination_70,21.84,118.0,combination_15,22.13,190.0,0.28999999999999915
results,performance_20251223_170443_model_schedules_g_m_r_r_s_s_t_v_x2.json,combination_180,21.64,95.0,combination_233,21.93,219.0,0.28999999999999915
results,performance_20251224_015924_model_schedules_g_m_r_r_s_s_t_v_y.json,combination_249,23.13,245.0,combination_326,23.41,462.0,0.28000000000000114
results,performance_20251224_042719_model_schedules_g_m_r_r_s_s_t_x3.json,combination_29,24.09,131.0,combination_116,24.37,239.0,0.28000000000000114
results,performance_20251224_035931_model_schedules_g_m_r_r_s_s_t_x2.json,combination_70,21.84,118.0,combination_86,22.12,254.0,0.28000000000000114
results,performance_20251223_160629_model_schedules_g_m_r_r_s_s_t_v_test.json,combination_13,23.97,99.0,combination_15,24.25,137.0,0.28000000000000114
results,performance_20251224_083336_model_schedules_m_r_r_v_y_x2.json,combination_5,15.25,521.0,combination_18,15.53,628.0,0.27999999999999936
results,performance_20251224_091958_model_schedules_r_t_v_y_test.json,combination_15,21.01,290.0,combination_8,21.28,299.0,0.2699999999999996
results,performance_20251224_075835_model_schedules_m_r_r_t_y_test.json,combination_10,15.17,516.0,combination_16,15.44,611.0,0.2699999999999996
results,performance_20251224_065015_model_schedules_g_m_r_t_x2.json,combination_2,24.61,581.0,combination_6,24.87,604.0,0.26000000000000156
results,performance_20251223_160629_model_schedules_g_m_r_r_s_s_t_v_test.json,combination_13,23.97,99.0,combination_34,24.23,209.0,0.26000000000000156
results,performance_20251223_153839_model_schedules_g_m_r_r_s_s_t_test.json,combination_23,22.33,179.0,combination_72,22.59,249.0,0.26000000000000156
results,performance_20251223_170443_model_schedules_g_m_r_r_s_s_t_v_x2.json,combination_180,21.64,95.0,combination_62,21.9,319.0,0.259999999999998
results,performance_20251224_090706_model_schedules_m_r_t_y.json,combination_16,16.73,667.0,combination_15,16.98,684.0,0.25
results,performance_20251224_082636_model_schedules_m_r_r_v_y_test.json,combination_1,17.02,478.0,combination_2,17.27,574.0,0.25
results,performance_20251224_055051_model_schedules_g_m_r_r_s_t_x3.json,combination_10,20.86,290.0,combination_6,21.1,449.0,0.240000000000002
results,performance_20251229_180806_model_schedules_g_m_r_r_s_s_t_v_y_test.json,combination_25,20.99,198.0,combination_501,21.23,313.0,0.240000000000002
results,performance_20251224_065347_model_schedules_g_m_r_t_x3.json,combination_13,24.39,563.0,combination_7,24.62,644.0,0.23000000000000043
results,performance_20251223_170443_model_schedules_g_m_r_r_s_s_t_v_x2.json,combination_180,21.64,95.0,combination_220,21.87,220.0,0.23000000000000043
results,performance_20251223_153839_model_schedules_g_m_r_r_s_s_t_test.json,combination_23,22.33,179.0,combination_14,22.56,215.0,0.23000000000000043
results,performance_20251229_180806_model_schedules_g_m_r_r_s_s_t_v_y_test.json,combination_25,20.99,198.0,combination_505,21.22,266.0,0.23000000000000043
results,performance_20251224_093034_model_schedules_r_t_v_y.json,combination_2,21.06,364.0,combination_3,21.28,445.0,0.22000000000000242
results,performance_20251224_061843_model_schedules_g_m_r_r_t_test.json,combination_15,20.62,368.0,combination_30,20.84,423.0,0.21999999999999886
results,performance_20251224_055051_model_schedules_g_m_r_r_s_t_x3.json,combination_10,20.86,290.0,combination_44,21.08,410.0,0.21999999999999886
results,performance_20251223_170443_model_schedules_g_m_r_r_s_s_t_v_x2.json,combination_180,21.64,95.0,combination_140,21.86,184.0,0.21999999999999886
results,performance_20251223_170443_model_schedules_g_m_r_r_s_s_t_v_x2.json,combination_180,21.64,95.0,combination_98,21.86,162.0,0.21999999999999886
results,performance_20251224_035931_model_schedules_g_m_r_r_s_s_t_x2.json,combination_70,21.84,118.0,combination_114,22.05,236.0,0.21000000000000085
results,performance_20251224_090002_model_schedules_m_r_t_y_x2.json,combination_9,17.0,661.0,combination_13,17.2,827.0,0.1999999999999993
results,performance_20251224_081936_model_schedules_m_r_r_t_y.json,combination_21,16.81,568.0,combination_1,17.0,591.0,0.19000000000000128
results,performance_20251224_055051_model_schedules_g_m_r_r_s_t_x3.json,combination_10,20.86,290.0,combination_31,21.05,532.0,0.19000000000000128
results,performance_20251229_180806_model_schedules_g_m_r_r_s_s_t_v_y_test.json,combination_25,20.99,198.0,combination_153,21.18,296.0,0.19000000000000128
results,performance_20251223_153839_model_schedules_g_m_r_r_s_s_t_test.json,combination_23,22.33,179.0,combination_86,22.51,234.0,0.18000000000000327
results,performance_20251229_180806_model_schedules_g_m_r_r_s_s_t_v_y_test.json,combination_25,20.99,198.0,combination_3,21.17,293.0,0.18000000000000327
results,performance_20251224_075503_model_schedules_m_r_r_t_test.json,combination_12,22.86,444.0,combination_13,23.03,462.0,0.1700000000000017
results,performance_20251224_091958_model_schedules_r_t_v_y_test.json,combination_15,21.01,290.0,combination_1,21.18,305.0,0.16999999999999815
results,performance_20251223_170443_model_schedules_g_m_r_r_s_s_t_v_x2.json,combination_180,21.64,95.0,combination_244,21.81,182.0,0.16999999999999815
results,performance_20251224_081936_model_schedules_m_r_r_t_y.json,combination_21,16.81,568.0,combination_10,16.97,797.0,0.16000000000000014
results,performance_20251224_090706_model_schedules_m_r_t_y.json,combination_16,16.73,667.0,combination_10,16.89,718.0,0.16000000000000014
results,performance_20251224_061843_model_schedules_g_m_r_r_t_test.json,combination_15,20.62,368.0,combination_16,20.78,500.0,0.16000000000000014
results,performance_20251224_061843_model_schedules_g_m_r_r_t_test.json,combination_15,20.62,368.0,combination_6,20.78,387.0,0.16000000000000014
results,performance_20251224_053655_model_schedules_g_m_r_r_s_t_x2.json,combination_9,21.48,255.0,combination_17,21.64,339.0,0.16000000000000014
results,performance_20251224_055051_model_schedules_g_m_r_r_s_t_x3.json,combination_10,20.86,290.0,combination_58,21.02,368.0,0.16000000000000014
results,performance_20251229_180806_model_schedules_g_m_r_r_s_s_t_v_y_test.json,combination_25,20.99,198.0,combination_195,21.15,242.0,0.16000000000000014
results,performance_20251229_180806_model_schedules_g_m_r_r_s_s_t_v_y_test.json,combination_25,20.99,198.0,combination_375,21.15,233.0,0.16000000000000014
results,performance_20251224_092330_model_schedules_r_t_v_y_x2.json,combination_4,20.47,483.0,combination_13,20.62,525.0,0.15000000000000213
results,performance_20251223_153839_model_schedules_g_m_r_r_s_s_t_test.json,combination_23,22.33,179.0,combination_71,22.48,202.0,0.15000000000000213
results,performance_20251229_180806_model_schedules_g_m_r_r_s_s_t_v_y_test.json,combination_25,20.99,198.0,combination_391,21.14,298.0,0.15000000000000213
results,performance_20251224_075835_model_schedules_m_r_r_t_y_test.json,combination_10,15.17,516.0,combination_2,15.32,606.0,0.15000000000000036
results,performance_20251224_035931_model_schedules_g_m_r_r_s_s_t_x2.json,combination_70,21.84,118.0,combination_124,21.99,247.0,0.14999999999999858
results,performance_20251224_085626_model_schedules_m_r_r_x3.json,combination_8,19.96,800.0,combination_5,20.11,919.0,0.14999999999999858
results,performance_20251224_053655_model_schedules_g_m_r_r_s_t_x2.json,combination_9,21.48,255.0,combination_34,21.63,416.0,0.14999999999999858
results,performance_20251223_170443_model_schedules_g_m_r_r_s_s_t_v_x2.json,combination_180,21.64,95.0,combination_230,21.79,202.0,0.14999999999999858
results,performance_20251223_170443_model_schedules_g_m_r_r_s_s_t_v_x2.json,combination_180,21.64,95.0,combination_30,21.79,157.0,0.14999999999999858
results,performance_20251224_090002_model_schedules_m_r_t_y_x2.json,combination_9,17.0,661.0,combination_4,17.14,716.0,0.14000000000000057
results,performance_20251224_061843_model_schedules_g_m_r_r_t_test.json,combination_15,20.62,368.0,combination_7,20.76,449.0,0.14000000000000057
results,performance_20251223_170443_model_schedules_g_m_r_r_s_s_t_v_x2.json,combination_180,21.64,95.0,combination_213,21.78,100.0,0.14000000000000057
results,performance_20251224_084037_model_schedules_m_r_r_v_y_x3.json,combination_13,15.19,591.0,combination_30,15.33,620.0,0.14000000000000057
results,performance_20251224_075835_model_schedules_m_r_r_t_y_test.json,combination_10,15.17,516.0,combination_21,15.31,646.0,0.14000000000000057
results,performance_20251229_180806_model_schedules_g_m_r_r_s_s_t_v_y_test.json,combination_25,20.99,198.0,combination_292,21.13,275.0,0.14000000000000057
results,performance_20251224_071423_model_schedules_g_r_y.json,combination_6,15.71,291.0,combination_4,15.85,367.0,0.1399999999999988
results,performance_20251229_180806_model_schedules_g_m_r_r_s_s_t_v_y_test.json,combination_25,20.99,198.0,combination_72,21.12,309.0,0.13000000000000256
results,performance_20251224_065015_model_schedules_g_m_r_t_x2.json,combination_2,24.61,581.0,combination_3,24.74,691.0,0.129999999999999
results,performance_20251224_055051_model_schedules_g_m_r_r_s_t_x3.json,combination_10,20.86,290.0,combination_4,20.99,328.0,0.129999999999999
results,performance_20251223_170443_model_schedules_g_m_r_r_s_s_t_v_x2.json,combination_180,21.64,95.0,combination_226,21.77,221.0,0.129999999999999
results,performance_20251223_170443_model_schedules_g_m_r_r_s_s_t_v_x2.json,combination_180,21.64,95.0,combination_78,21.77,146.0,0.129999999999999
results,performance_20251223_153839_model_schedules_g_m_r_r_s_s_t_test.json,combination_23,22.33,179.0,combination_25,22.45,273.0,0.120000000000001
results,performance_20251224_052259_model_schedules_g_m_r_r_s_t_test.json,combination_40,21.74,283.0,combination_50,21.85,360.0,0.11000000000000298
results,performance_20251223_153839_model_schedules_g_m_r_r_s_s_t_test.json,combination_23,22.33,179.0,combination_128,22.44,224.0,0.11000000000000298
results,performance_20251223_170443_model_schedules_g_m_r_r_s_s_t_v_x2.json,combination_180,21.64,95.0,combination_229,21.75,180.0,0.10999999999999943
results,performance_20251224_081936_model_schedules_m_r_r_t_y.json,combination_21,16.81,568.0,combination_29,16.91,683.0,0.10000000000000142
results,performance_20251224_055051_model_schedules_g_m_r_r_s_t_x3.json,combination_10,20.86,290.0,combination_62,20.96,364.0,0.10000000000000142
results,performance_20251223_160629_model_schedules_g_m_r_r_s_s_t_v_test.json,combination_13,23.97,99.0,combination_135,24.07,220.0,0.10000000000000142
results,performance_20251229_180806_model_schedules_g_m_r_r_s_s_t_v_y_test.json,combination_25,20.99,198.0,combination_98,21.09,221.0,0.10000000000000142
results,performance_20251223_170443_model_schedules_g_m_r_r_s_s_t_v_x2.json,combination_180,21.64,95.0,combination_94,21.74,163.0,0.09999999999999787
results,performance_20251223_153839_model_schedules_g_m_r_r_s_s_t_test.json,combination_23,22.33,179.0,combination_83,22.42,240.0,0.09000000000000341
results,performance_20251224_081936_model_schedules_m_r_r_t_y.json,combination_21,16.81,568.0,combination_27,16.9,665.0,0.08999999999999986
results,performance_20251224_053655_model_schedules_g_m_r_r_s_t_x2.json,combination_9,21.48,255.0,combination_41,21.57,346.0,0.08999999999999986
results,performance_20251223_170443_model_schedules_g_m_r_r_s_s_t_v_x2.json,combination_180,21.64,95.0,combination_112,21.73,226.0,0.08999999999999986
results,performance_20251229_180806_model_schedules_g_m_r_r_s_s_t_v_y_test.json,combination_25,20.99,198.0,combination_156,21.08,378.0,0.08999999999999986
results,performance_20251229_180806_model_schedules_g_m_r_r_s_s_t_v_y_test.json,combination_25,20.99,198.0,combination_287,21.07,277.0,0.08000000000000185
results,performance_20251224_063243_model_schedules_g_m_r_r_t_x3.json,combination_5,22.88,505.0,combination_10,22.96,711.0,0.08000000000000185
results,performance_20251224_053655_model_schedules_g_m_r_r_s_t_x2.json,combination_9,21.48,255.0,combination_46,21.56,439.0,0.0799999999999983
results,performance_20251229_180806_model_schedules_g_m_r_r_s_s_t_v_y_test.json,combination_25,20.99,198.0,combination_214,21.06,278.0,0.07000000000000028
results,performance_20251224_015924_model_schedules_g_m_r_r_s_s_t_v_y.json,combination_249,23.13,245.0,combination_138,23.19,296.0,0.060000000000002274
results,performance_20251224_065015_model_schedules_g_m_r_t_x2.json,combination_2,24.61,581.0,combination_7,24.67,726.0,0.060000000000002274
results,performance_20251223_153839_model_schedules_g_m_r_r_s_s_t_test.json,combination_23,22.33,179.0,combination_112,22.39,286.0,0.060000000000002274
results,performance_20251223_153839_model_schedules_g_m_r_r_s_s_t_test.json,combination_23,22.33,179.0,combination_8,22.39,284.0,0.060000000000002274
results,performance_20251223_170443_model_schedules_g_m_r_r_s_s_t_v_x2.json,combination_180,21.64,95.0,combination_146,21.7,298.0,0.05999999999999872
results,performance_20251224_081936_model_schedules_m_r_r_t_y.json,combination_21,16.81,568.0,combination_7,16.86,767.0,0.05000000000000071
results,performance_20251223_170443_model_schedules_g_m_r_r_s_s_t_v_x2.json,combination_180,21.64,95.0,combination_76,21.69,255.0,0.05000000000000071
results,performance_20251224_015924_model_schedules_g_m_r_r_s_s_t_v_y.json,combination_249,23.13,245.0,combination_10,23.17,312.0,0.0400000000000027
results,performance_20251224_090334_model_schedules_m_r_t_y_x3.json,combination_12,16.31,697.0,combination_15,16.35,771.0,0.0400000000000027
results,performance_20251224_075835_model_schedules_m_r_r_t_y_test.json,combination_10,15.17,516.0,combination_4,15.21,581.0,0.040000000000000924
results,performance_20251224_075503_model_schedules_m_r_r_t_test.json,combination_12,22.86,444.0,combination_4,22.9,451.0,0.03999999999999915
results,performance_20251224_065015_model_schedules_g_m_r_t_x2.json,combination_2,24.61,581.0,combination_14,24.65,603.0,0.03999999999999915
results,performance_20251223_170443_model_schedules_g_m_r_r_s_s_t_v_x2.json,combination_180,21.64,95.0,combination_153,21.68,184.0,0.03999999999999915
results,performance_20251224_035931_model_schedules_g_m_r_r_s_s_t_x2.json,combination_70,21.84,118.0,combination_118,21.87,255.0,0.030000000000001137
results,performance_20251224_084037_model_schedules_m_r_r_v_y_x3.json,combination_13,15.19,591.0,combination_9,15.22,663.0,0.030000000000001137
results,performance_20251229_180806_model_schedules_g_m_r_r_s_s_t_v_y_test.json,combination_25,20.99,198.0,combination_392,21.02,381.0,0.030000000000001137
results,performance_20251224_085814_model_schedules_m_r_r.json,combination_6,20.04,715.0,combination_3,20.07,740.0,0.030000000000001137
results,performance_20251224_052259_model_schedules_g_m_r_r_s_t_test.json,combination_40,21.74,283.0,combination_33,21.76,311.0,0.020000000000003126
results,performance_20251224_052259_model_schedules_g_m_r_r_s_t_test.json,combination_40,21.74,283.0,combination_44,21.76,322.0,0.020000000000003126
results,performance_20251223_153839_model_schedules_g_m_r_r_s_s_t_test.json,combination_23,22.33,179.0,combination_28,22.35,263.0,0.020000000000003126
results,performance_20251223_153839_model_schedules_g_m_r_r_s_s_t_test.json,combination_23,22.33,179.0,combination_98,22.35,228.0,0.020000000000003126
results,performance_20251229_180806_model_schedules_g_m_r_r_s_s_t_v_y_test.json,combination_25,20.99,198.0,combination_479,21.01,307.0,0.020000000000003126
results,performance_20251224_084037_model_schedules_m_r_r_v_y_x3.json,combination_13,15.19,591.0,combination_4,15.21,989.0,0.02000000000000135
results,performance_20251224_084037_model_schedules_m_r_r_v_y_x3.json,combination_13,15.19,591.0,combination_6,15.21,619.0,0.02000000000000135
results,performance_20251224_035931_model_schedules_g_m_r_r_s_s_t_x2.json,combination_70,21.84,118.0,combination_41,21.86,306.0,0.019999999999999574
results,performance_20251223_160629_model_schedules_g_m_r_r_s_s_t_v_test.json,combination_13,23.97,99.0,combination_7,23.99,177.0,0.019999999999999574
results,performance_20251224_075835_model_schedules_m_r_r_t_y_test.json,combination_10,15.17,516.0,combination_14,15.19,588.0,0.019999999999999574
results,performance_20251223_160629_model_schedules_g_m_r_r_s_s_t_v_test.json,combination_13,23.97,99.0,combination_197,23.98,150.0,0.010000000000001563
results,performance_20251224_090706_model_schedules_m_r_t_y.json,combination_16,16.73,667.0,combination_11,16.74,738.0,0.00999999999999801
results,performance_20251223_170443_model_schedules_g_m_r_r_s_s_t_v_x2.json,combination_180,21.64,95.0,combination_168,21.65,196.0,0.00999999999999801
results,performance_20251223_170443_model_schedules_g_m_r_r_s_s_t_v_x2.json,combination_180,21.64,95.0,combination_246,21.65,184.0,0.00999999999999801
